patient_id,study_id,case_id,t2w_path,adc_path,hbv_path,lesion_mask_path,label_source,case_cspca,has_lesion,num_lesions,split
10000,1000000,10000_1000000,images/10000/10000_1000000_t2w.mha,images/10000/10000_1000000_adc.mha,images/10000/10000_1000000_hbv.mha,/opt/data/private/lm/data/Prostate/PI-CAI/labels/csPCa_lesion_delineations/human_expert/resampled/10000_1000000.nii.gz,human_expert_resampled,NO,False,0,train
10001,1000001,10001_1000001,images/10001/10001_1000001_t2w.mha,images/10001/10001_1000001_adc.mha,images/10001/10001_1000001_hbv.mha,/opt/data/private/lm/data/Prostate/PI-CAI/labels/csPCa_lesion_delineations/human_expert/resampled/10001_1000001.nii.gz,human_expert_resampled,NO,False,0,val
10002,1000002,10002_1000002,images/10002/10002_1000002_t2w.mha,images/10002/10002_1000002_adc.mha,images/10002/10002_1000002_hbv.mha,/opt/data/private/lm/data/Prostate/PI-CAI/labels/csPCa_lesion_delineations/human_expert/resampled/10002_1000002.nii.gz,human_expert_resampled,NO,False,0,train
10003,1000003,10003_1000003,images/10003/10003_1000003_t2w.mha,images/10003/10003_1000003_adc.mha,images/10003/10003_1000003_hbv.mha,/opt/data/private/lm/data/Prostate/PI-CAI/labels/csPCa_lesion_delineations/human_expert/resampled/10003_1000003.nii.gz,human_expert_resampled,NO,False,0,val
10004,1000004,10004_1000004,images/10004/10004_1000004_t2w.mha,images/10004/10004_1000004_adc.mha,images/10004/10004_1000004_hbv.mha,/opt/data/private/lm/data/Prostate/PI-CAI/labels/csPCa_lesion_delineations/human_expert/resampled/10004_1000004.nii.gz,human_expert_resampled,NO,False,0,train
10005,1000005,10005_1000005,images/10005/10005_1000005_t2w.mha,images/10005/10005_1000005_adc.mha,images/10005/10005_1000005_hbv.mha,/opt/data/private/lm/data/Prostate/PI-CAI/labels/csPCa_lesion_delineations/human_expert/resampled/10005_1000005.nii.gz,human_expert_resampled,YES,True,1,train
10006,1000006,10006_1000006,images/10006/10006_1000006_t2w.mha,images/10006/10006_1000006_adc.mha,images/10006/10006_1000006_hbv.mha,/opt/data/private/lm/data/Prostate/PI-CAI/labels/csPCa_lesion_delineations/human_expert/resampled/10006_1000006.nii.gz,human_expert_resampled,NO,False,0,train
10007,1000007,10007_1000007,images/10007/10007_1000007_t2w.mha,images/10007/10007_1000007_adc.mha,images/10007/10007_1000007_hbv.mha,/opt/data/private/lm/data/Prostate/PI-CAI/labels/csPCa_lesion_delineations/human_expert/resampled/10007_1000007.nii.gz,human_expert_resampled,NO,False,0,train
10008,1000008,10008_1000008,images/10008/10008_1000008_t2w.mha,images/10008/10008_1000008_adc.mha,images/10008/10008_1000008_hbv.mha,/opt/data/private/lm/data/Prostate/PI-CAI/labels/csPCa_lesion_delineations/human_expert/Pooch25/10008_1000008.nii.gz,human_expert_pooch25,YES,True,1,train
10009,1000009,10009_1000009,images/10009/10009_1000009_t2w.mha,images/10009/10009_1000009_adc.mha,images/10009/10009_1000009_hbv.mha,/opt/data/private/lm/data/Prostate/PI-CAI/labels/csPCa_lesion_delineations/human_expert/resampled/10009_1000009.nii.gz,human_expert_resampled,NO,False,0,val
10010,1000010,10010_1000010,images/10010/10010_1000010_t2w.mha,images/10010/10010_1000010_adc.mha,images/10010/10010_1000010_hbv.mha,/opt/data/private/lm/data/Prostate/PI-CAI/labels/csPCa_lesion_delineations/human_expert/resampled/10010_1000010.nii.gz,human_expert_resampled,NO,False,0,train
10011,1000011,10011_1000011,images/10011/10011_1000011_t2w.mha,images/10011/10011_1000011_adc.mha,images/10011/10011_1000011_hbv.mha,/opt/data/private/lm/data/Prostate/PI-CAI/labels/csPCa_lesion_delineations/human_expert/resampled/10011_1000011.nii.gz,human_expert_resampled,NO,False,0,train
10012,1000012,10012_1000012,images/10012/10012_1000012_t2w.mha,images/10012/10012_1000012_adc.mha,images/10012/10012_1000012_hbv.mha,/opt/data/private/lm/data/Prostate/PI-CAI/labels/csPCa_lesion_delineations/human_expert/resampled/10012_1000012.nii.gz,human_expert_resampled,YES,True,1,train
10013,1000013,10013_1000013,images/10013/10013_1000013_t2w.mha,images/10013/10013_1000013_adc.mha,images/10013/10013_1000013_hbv.mha,/opt/data/private/lm/data/Prostate/PI-CAI/labels/csPCa_lesion_delineations/human_expert/Pooch25/10013_1000013.nii.gz,human_expert_pooch25,YES,True,1,train
10014,1000014,10014_1000014,images/10014/10014_1000014_t2w.mha,images/10014/10014_1000014_adc.mha,images/10014/10014_1000014_hbv.mha,/opt/data/private/lm/data/Prostate/PI-CAI/labels/csPCa_lesion_delineations/human_expert/resampled/10014_1000014.nii.gz,human_expert_resampled,NO,False,0,val
10015,1000015,10015_1000015,images/10015/10015_1000015_t2w.mha,images/10015/10015_1000015_adc.mha,images/10015/10015_1000015_hbv.mha,/opt/data/private/lm/data/Prostate/PI-CAI/labels/csPCa_lesion_delineations/human_expert/resampled/10015_1000015.nii.gz,human_expert_resampled,NO,False,0,train
10016,1000016,10016_1000016,images/10016/10016_1000016_t2w.mha,images/10016/10016_1000016_adc.mha,images/10016/10016_1000016_hbv.mha,/opt/data/private/lm/data/Prostate/PI-CAI/labels/csPCa_lesion_delineations/human_expert/resampled/10016_1000016.nii.gz,human_expert_resampled,NO,False,0,train
10017,1000017,10017_1000017,images/10017/10017_1000017_t2w.mha,images/10017/10017_1000017_adc.mha,images/10017/10017_1000017_hbv.mha,/opt/data/private/lm/data/Prostate/PI-CAI/labels/csPCa_lesion_delineations/human_expert/resampled/10017_1000017.nii.gz,human_expert_resampled,NO,False,0,val
10018,1000018,10018_1000018,images/10018/10018_1000018_t2w.mha,images/10018/10018_1000018_adc.mha,images/10018/10018_1000018_hbv.mha,/opt/data/private/lm/data/Prostate/PI-CAI/labels/csPCa_lesion_delineations/human_expert/resampled/10018_1000018.nii.gz,human_expert_resampled,NO,False,0,train
10019,1000019,10019_1000019,images/10019/10019_1000019_t2w.mha,images/10019/10019_1000019_adc.mha,images/10019/10019_1000019_hbv.mha,/opt/data/private/lm/data/Prostate/PI-CAI/labels/csPCa_lesion_delineations/human_expert/resampled/10019_1000019.nii.gz,human_expert_resampled,YES,True,1,train
10020,1000020,10020_1000020,images/10020/10020_1000020_t2w.mha,images/10020/10020_1000020_adc.mha,images/10020/10020_1000020_hbv.mha,/opt/data/private/lm/data/Prostate/PI-CAI/labels/csPCa_lesion_delineations/human_expert/resampled/10020_1000020.nii.gz,human_expert_resampled,NO,False,0,train
10021,1000021,10021_1000021,images/10021/10021_1000021_t2w.mha,images/10021/10021_1000021_adc.mha,images/10021/10021_1000021_hbv.mha,/opt/data/private/lm/data/Prostate/PI-CAI/labels/csPCa_lesion_delineations/human_expert/resampled/10021_1000021.nii.gz,human_expert_resampled,YES,True,1,train
10022,1000022,10022_1000022,images/10022/10022_1000022_t2w.mha,images/10022/10022_1000022_adc.mha,images/10022/10022_1000022_hbv.mha,/opt/data/private/lm/data/Prostate/PI-CAI/labels/csPCa_lesion_delineations/human_expert/resampled/10022_1000022.nii.gz,human_expert_resampled,NO,False,0,train
10023,1000023,10023_1000023,images/10023/10023_1000023_t2w.mha,images/10023/10023_1000023_adc.mha,images/10023/10023_1000023_hbv.mha,/opt/data/private/lm/data/Prostate/PI-CAI/labels/csPCa_lesion_delineations/human_expert/resampled/10023_1000023.nii.gz,human_expert_resampled,NO,False,0,train
10024,1000024,10024_1000024,images/10024/10024_1000024_t2w.mha,images/10024/10024_1000024_adc.mha,images/10024/10024_1000024_hbv.mha,/opt/data/private/lm/data/Prostate/PI-CAI/labels/csPCa_lesion_delineations/human_expert/resampled/10024_1000024.nii.gz,human_expert_resampled,NO,False,0,val
10025,1000025,10025_1000025,images/10025/10025_1000025_t2w.mha,images/10025/10025_1000025_adc.mha,images/10025/10025_1000025_hbv.mha,/opt/data/private/lm/data/Prostate/PI-CAI/labels/csPCa_lesion_delineations/human_expert/resampled/10025_1000025.nii.gz,human_expert_resampled,NO,False,0,train
10026,1000026,10026_1000026,images/10026/10026_1000026_t2w.mha,images/10026/10026_1000026_adc.mha,images/10026/10026_1000026_hbv.mha,/opt/data/private/lm/data/Prostate/PI-CAI/labels/csPCa_lesion_delineations/human_expert/resampled/10026_1000026.nii.gz,human_expert_resampled,NO,False,0,train
10027,1000027,10027_1000027,images/10027/10027_1000027_t2w.mha,images/10027/10027_1000027_adc.mha,images/10027/10027_1000027_hbv.mha,/opt/data/private/lm/data/Prostate/PI-CAI/labels/csPCa_lesion_delineations/human_expert/resampled/10027_1000027.nii.gz,human_expert_resampled,NO,False,0,val
10028,1000028,10028_1000028,images/10028/10028_1000028_t2w.mha,images/10028/10028_1000028_adc.mha,images/10028/10028_1000028_hbv.mha,/opt/data/private/lm/data/Prostate/PI-CAI/labels/csPCa_lesion_delineations/human_expert/resampled/10028_1000028.nii.gz,human_expert_resampled,NO,False,0,train
10029,1000029,10029_1000029,images/10029/10029_1000029_t2w.mha,images/10029/10029_1000029_adc.mha,images/10029/10029_1000029_hbv.mha,/opt/data/private/lm/data/Prostate/PI-CAI/labels/csPCa_lesion_delineations/human_expert/Pooch25/10029_1000029.nii.gz,human_expert_pooch25,YES,True,1,train
10030,1000030,10030_1000030,images/10030/10030_1000030_t2w.mha,images/10030/10030_1000030_adc.mha,images/10030/10030_1000030_hbv.mha,/opt/data/private/lm/data/Prostate/PI-CAI/labels/csPCa_lesion_delineations/human_expert/resampled/10030_1000030.nii.gz,human_expert_resampled,NO,False,0,train
10031,1000031,10031_1000031,images/10031/10031_1000031_t2w.mha,images/10031/10031_1000031_adc.mha,images/10031/10031_1000031_hbv.mha,/opt/data/private/lm/data/Prostate/PI-CAI/labels/csPCa_lesion_delineations/human_expert/resampled/10031_1000031.nii.gz,human_expert_resampled,NO,False,0,train
10032,1000032,10032_1000032,images/10032/10032_1000032_t2w.mha,images/10032/10032_1000032_adc.mha,images/10032/10032_1000032_hbv.mha,/opt/data/private/lm/data/Prostate/PI-CAI/labels/csPCa_lesion_delineations/human_expert/resampled/10032_1000032.nii.gz,human_expert_resampled,YES,True,1,train
10033,1000033,10033_1000033,images/10033/10033_1000033_t2w.mha,images/10033/10033_1000033_adc.mha,images/10033/10033_1000033_hbv.mha,/opt/data/private/lm/data/Prostate/PI-CAI/labels/csPCa_lesion_delineations/human_expert/resampled/10033_1000033.nii.gz,human_expert_resampled,NO,False,0,train
10034,1000034,10034_1000034,images/10034/10034_1000034_t2w.mha,images/10034/10034_1000034_adc.mha,images/10034/10034_1000034_hbv.mha,/opt/data/private/lm/data/Prostate/PI-CAI/labels/csPCa_lesion_delineations/human_expert/resampled/10034_1000034.nii.gz,human_expert_resampled,NO,False,0,val
10035,1000035,10035_1000035,images/10035/10035_1000035_t2w.mha,images/10035/10035_1000035_adc.mha,images/10035/10035_1000035_hbv.mha,/opt/data/private/lm/data/Prostate/PI-CAI/labels/csPCa_lesion_delineations/human_expert/resampled/10035_1000035.nii.gz,human_expert_resampled,NO,False,0,train
10036,1000036,10036_1000036,images/10036/10036_1000036_t2w.mha,images/10036/10036_1000036_adc.mha,images/10036/10036_1000036_hbv.mha,/opt/data/private/lm/data/Prostate/PI-CAI/labels/csPCa_lesion_delineations/human_expert/Pooch25/10036_1000036.nii.gz,human_expert_pooch25,YES,True,1,train
10037,1000037,10037_1000037,images/10037/10037_1000037_t2w.mha,images/10037/10037_1000037_adc.mha,images/10037/10037_1000037_hbv.mha,/opt/data/private/lm/data/Prostate/PI-CAI/labels/csPCa_lesion_delineations/human_expert/resampled/10037_1000037.nii.gz,human_expert_resampled,NO,False,0,train
10038,1000038,10038_1000038,images/10038/10038_1000038_t2w.mha,images/10038/10038_1000038_adc.mha,images/10038/10038_1000038_hbv.mha,/opt/data/private/lm/data/Prostate/PI-CAI/labels/csPCa_lesion_delineations/human_expert/resampled/10038_1000038.nii.gz,human_expert_resampled,NO,False,0,train
10039,1000039,10039_1000039,images/10039/10039_1000039_t2w.mha,images/10039/10039_1000039_adc.mha,images/10039/10039_1000039_hbv.mha,/opt/data/private/lm/data/Prostate/PI-CAI/labels/csPCa_lesion_delineations/human_expert/resampled/10039_1000039.nii.gz,human_expert_resampled,NO,False,0,val
10040,1000040,10040_1000040,images/10040/10040_1000040_t2w.mha,images/10040/10040_1000040_adc.mha,images/10040/10040_1000040_hbv.mha,/opt/data/private/lm/data/Prostate/PI-CAI/labels/csPCa_lesion_delineations/human_expert/resampled/10040_1000040.nii.gz,human_expert_resampled,YES,True,1,train
10041,1000041,10041_1000041,images/10041/10041_1000041_t2w.mha,images/10041/10041_1000041_adc.mha,images/10041/10041_1000041_hbv.mha,/opt/data/private/lm/data/Prostate/PI-CAI/labels/csPCa_lesion_delineations/human_expert/resampled/10041_1000041.nii.gz,human_expert_resampled,NO,False,0,train
10042,1000042,10042_1000042,images/10042/10042_1000042_t2w.mha,images/10042/10042_1000042_adc.mha,images/10042/10042_1000042_hbv.mha,/opt/data/private/lm/data/Prostate/PI-CAI/labels/csPCa_lesion_delineations/human_expert/resampled/10042_1000042.nii.gz,human_expert_resampled,NO,False,0,train
10043,1000043,10043_1000043,images/10043/10043_1000043_t2w.mha,images/10043/10043_1000043_adc.mha,images/10043/10043_1000043_hbv.mha,/opt/data/private/lm/data/Prostate/PI-CAI/labels/csPCa_lesion_delineations/human_expert/resampled/10043_1000043.nii.gz,human_expert_resampled,YES,True,1,train
10044,1000044,10044_1000044,images/10044/10044_1000044_t2w.mha,images/10044/10044_1000044_adc.mha,images/10044/10044_1000044_hbv.mha,/opt/data/private/lm/data/Prostate/PI-CAI/labels/csPCa_lesion_delineations/human_expert/Pooch25/10044_1000044.nii.gz,human_expert_pooch25,YES,True,1,val
10045,1000045,10045_1000045,images/10045/10045_1000045_t2w.mha,images/10045/10045_1000045_adc.mha,images/10045/10045_1000045_hbv.mha,/opt/data/private/lm/data/Prostate/PI-CAI/labels/csPCa_lesion_delineations/human_expert/resampled/10045_1000045.nii.gz,human_expert_resampled,NO,False,0,train
10046,1000046,10046_1000046,images/10046/10046_1000046_t2w.mha,images/10046/10046_1000046_adc.mha,images/10046/10046_1000046_hbv.mha,/opt/data/private/lm/data/Prostate/PI-CAI/labels/csPCa_lesion_delineations/human_expert/resampled/10046_1000046.nii.gz,human_expert_resampled,NO,False,0,train
10047,1000047,10047_1000047,images/10047/10047_1000047_t2w.mha,images/10047/10047_1000047_adc.mha,images/10047/10047_1000047_hbv.mha,/opt/data/private/lm/data/Prostate/PI-CAI/labels/csPCa_lesion_delineations/human_expert/resampled/10047_1000047.nii.gz,human_expert_resampled,NO,False,0,train
10048,1000048,10048_1000048,images/10048/10048_1000048_t2w.mha,images/10048/10048_1000048_adc.mha,images/10048/10048_1000048_hbv.mha,/opt/data/private/lm/data/Prostate/PI-CAI/labels/csPCa_lesion_delineations/human_expert/resampled/10048_1000048.nii.gz,human_expert_resampled,YES,True,1,train
10049,1000049,10049_1000049,images/10049/10049_1000049_t2w.mha,images/10049/10049_1000049_adc.mha,images/10049/10049_1000049_hbv.mha,/opt/data/private/lm/data/Prostate/PI-CAI/labels/csPCa_lesion_delineations/human_expert/resampled/10049_1000049.nii.gz,human_expert_resampled,NO,False,0,val
10050,1000050,10050_1000050,images/10050/10050_1000050_t2w.mha,images/10050/10050_1000050_adc.mha,images/10050/10050_1000050_hbv.mha,/opt/data/private/lm/data/Prostate/PI-CAI/labels/csPCa_lesion_delineations/human_expert/Pooch25/10050_1000050.nii.gz,human_expert_pooch25,YES,True,1,train
10051,1000051,10051_1000051,images/10051/10051_1000051_t2w.mha,images/10051/10051_1000051_adc.mha,images/10051/10051_1000051_hbv.mha,/opt/data/private/lm/data/Prostate/PI-CAI/labels/csPCa_lesion_delineations/human_expert/resampled/10051_1000051.nii.gz,human_expert_resampled,NO,False,0,train
10052,1000052,10052_1000052,images/10052/10052_1000052_t2w.mha,images/10052/10052_1000052_adc.mha,images/10052/10052_1000052_hbv.mha,/opt/data/private/lm/data/Prostate/PI-CAI/labels/csPCa_lesion_delineations/human_expert/resampled/10052_1000052.nii.gz,human_expert_resampled,NO,False,0,train
10053,1000053,10053_1000053,images/10053/10053_1000053_t2w.mha,images/10053/10053_1000053_adc.mha,images/10053/10053_1000053_hbv.mha,/opt/data/private/lm/data/Prostate/PI-CAI/labels/csPCa_lesion_delineations/human_expert/Pooch25/10053_1000053.nii.gz,human_expert_pooch25,YES,True,1,train
10054,1000054,10054_1000054,images/10054/10054_1000054_t2w.mha,images/10054/10054_1000054_adc.mha,images/10054/10054_1000054_hbv.mha,/opt/data/private/lm/data/Prostate/PI-CAI/labels/csPCa_lesion_delineations/human_expert/resampled/10054_1000054.nii.gz,human_expert_resampled,NO,False,0,val
10055,1000055,10055_1000055,images/10055/10055_1000055_t2w.mha,images/10055/10055_1000055_adc.mha,images/10055/10055_1000055_hbv.mha,/opt/data/private/lm/data/Prostate/PI-CAI/labels/csPCa_lesion_delineations/human_expert/resampled/10055_1000055.nii.gz,human_expert_resampled,NO,False,0,train
10056,1000056,10056_1000056,images/10056/10056_1000056_t2w.mha,images/10056/10056_1000056_adc.mha,images/10056/10056_1000056_hbv.mha,/opt/data/private/lm/data/Prostate/PI-CAI/labels/csPCa_lesion_delineations/human_expert/resampled/10056_1000056.nii.gz,human_expert_resampled,NO,False,0,train
10057,1000057,10057_1000057,images/10057/10057_1000057_t2w.mha,images/10057/10057_1000057_adc.mha,images/10057/10057_1000057_hbv.mha,/opt/data/private/lm/data/Prostate/PI-CAI/labels/csPCa_lesion_delineations/human_expert/resampled/10057_1000057.nii.gz,human_expert_resampled,NO,False,0,train
10058,1000058,10058_1000058,images/10058/10058_1000058_t2w.mha,images/10058/10058_1000058_adc.mha,images/10058/10058_1000058_hbv.mha,/opt/data/private/lm/data/Prostate/PI-CAI/labels/csPCa_lesion_delineations/human_expert/resampled/10058_1000058.nii.gz,human_expert_resampled,NO,False,0,train
10059,1000059,10059_1000059,images/10059/10059_1000059_t2w.mha,images/10059/10059_1000059_adc.mha,images/10059/10059_1000059_hbv.mha,/opt/data/private/lm/data/Prostate/PI-CAI/labels/csPCa_lesion_delineations/human_expert/resampled/10059_1000059.nii.gz,human_expert_resampled,YES,True,1,val
10060,1000060,10060_1000060,images/10060/10060_1000060_t2w.mha,images/10060/10060_1000060_adc.mha,images/10060/10060_1000060_hbv.mha,/opt/data/private/lm/data/Prostate/PI-CAI/labels/csPCa_lesion_delineations/human_expert/resampled/10060_1000060.nii.gz,human_expert_resampled,NO,False,0,train
10061,1000061,10061_1000061,images/10061/10061_1000061_t2w.mha,images/10061/10061_1000061_adc.mha,images/10061/10061_1000061_hbv.mha,/opt/data/private/lm/data/Prostate/PI-CAI/labels/csPCa_lesion_delineations/human_expert/resampled/10061_1000061.nii.gz,human_expert_resampled,NO,False,0,train
10062,1000062,10062_1000062,images/10062/10062_1000062_t2w.mha,images/10062/10062_1000062_adc.mha,images/10062/10062_1000062_hbv.mha,/opt/data/private/lm/data/Prostate/PI-CAI/labels/csPCa_lesion_delineations/human_expert/resampled/10062_1000062.nii.gz,human_expert_resampled,NO,False,0,val
10063,1000063,10063_1000063,images/10063/10063_1000063_t2w.mha,images/10063/10063_1000063_adc.mha,images/10063/10063_1000063_hbv.mha,/opt/data/private/lm/data/Prostate/PI-CAI/labels/csPCa_lesion_delineations/human_expert/resampled/10063_1000063.nii.gz,human_expert_resampled,NO,False,0,train
10064,1000064,10064_1000064,images/10064/10064_1000064_t2w.mha,images/10064/10064_1000064_adc.mha,images/10064/10064_1000064_hbv.mha,/opt/data/private/lm/data/Prostate/PI-CAI/labels/csPCa_lesion_delineations/human_expert/resampled/10064_1000064.nii.gz,human_expert_resampled,NO,False,0,train
10065,1000065,10065_1000065,images/10065/10065_1000065_t2w.mha,images/10065/10065_1000065_adc.mha,images/10065/10065_1000065_hbv.mha,/opt/data/private/lm/data/Prostate/PI-CAI/labels/csPCa_lesion_delineations/human_expert/resampled/10065_1000065.nii.gz,human_expert_resampled,NO,False,0,train
10066,1000066,10066_1000066,images/10066/10066_1000066_t2w.mha,images/10066/10066_1000066_adc.mha,images/10066/10066_1000066_hbv.mha,/opt/data/private/lm/data/Prostate/PI-CAI/labels/csPCa_lesion_delineations/human_expert/resampled/10066_1000066.nii.gz,human_expert_resampled,NO,False,0,train
10067,1000067,10067_1000067,images/10067/10067_1000067_t2w.mha,images/10067/10067_1000067_adc.mha,images/10067/10067_1000067_hbv.mha,/opt/data/private/lm/data/Prostate/PI-CAI/labels/csPCa_lesion_delineations/human_expert/resampled/10067_1000067.nii.gz,human_expert_resampled,NO,False,0,train
10068,1000068,10068_1000068,images/10068/10068_1000068_t2w.mha,images/10068/10068_1000068_adc.mha,images/10068/10068_1000068_hbv.mha,/opt/data/private/lm/data/Prostate/PI-CAI/labels/csPCa_lesion_delineations/human_expert/resampled/10068_1000068.nii.gz,human_expert_resampled,NO,False,0,train
10069,1000069,10069_1000069,images/10069/10069_1000069_t2w.mha,images/10069/10069_1000069_adc.mha,images/10069/10069_1000069_hbv.mha,/opt/data/private/lm/data/Prostate/PI-CAI/labels/csPCa_lesion_delineations/human_expert/resampled/10069_1000069.nii.gz,human_expert_resampled,NO,False,0,train
10070,1000070,10070_1000070,images/10070/10070_1000070_t2w.mha,images/10070/10070_1000070_adc.mha,images/10070/10070_1000070_hbv.mha,/opt/data/private/lm/data/Prostate/PI-CAI/labels/csPCa_lesion_delineations/human_expert/resampled/10070_1000070.nii.gz,human_expert_resampled,NO,False,0,val
10071,1000071,10071_1000071,images/10071/10071_1000071_t2w.mha,images/10071/10071_1000071_adc.mha,images/10071/10071_1000071_hbv.mha,/opt/data/private/lm/data/Prostate/PI-CAI/labels/csPCa_lesion_delineations/human_expert/resampled/10071_1000071.nii.gz,human_expert_resampled,NO,False,0,train
10072,1000072,10072_1000072,images/10072/10072_1000072_t2w.mha,images/10072/10072_1000072_adc.mha,images/10072/10072_1000072_hbv.mha,/opt/data/private/lm/data/Prostate/PI-CAI/labels/csPCa_lesion_delineations/human_expert/resampled/10072_1000072.nii.gz,human_expert_resampled,NO,False,0,train
10073,1000073,10073_1000073,images/10073/10073_1000073_t2w.mha,images/10073/10073_1000073_adc.mha,images/10073/10073_1000073_hbv.mha,/opt/data/private/lm/data/Prostate/PI-CAI/labels/csPCa_lesion_delineations/human_expert/resampled/10073_1000073.nii.gz,human_expert_resampled,NO,False,0,train
10074,1000074,10074_1000074,images/10074/10074_1000074_t2w.mha,images/10074/10074_1000074_adc.mha,images/10074/10074_1000074_hbv.mha,/opt/data/private/lm/data/Prostate/PI-CAI/labels/csPCa_lesion_delineations/human_expert/resampled/10074_1000074.nii.gz,human_expert_resampled,YES,True,1,train
10075,1000075,10075_1000075,images/10075/10075_1000075_t2w.mha,images/10075/10075_1000075_adc.mha,images/10075/10075_1000075_hbv.mha,/opt/data/private/lm/data/Prostate/PI-CAI/labels/csPCa_lesion_delineations/human_expert/resampled/10075_1000075.nii.gz,human_expert_resampled,NO,False,0,val
10076,1000076,10076_1000076,images/10076/10076_1000076_t2w.mha,images/10076/10076_1000076_adc.mha,images/10076/10076_1000076_hbv.mha,/opt/data/private/lm/data/Prostate/PI-CAI/labels/csPCa_lesion_delineations/human_expert/resampled/10076_1000076.nii.gz,human_expert_resampled,NO,False,0,train
10077,1000077,10077_1000077,images/10077/10077_1000077_t2w.mha,images/10077/10077_1000077_adc.mha,images/10077/10077_1000077_hbv.mha,/opt/data/private/lm/data/Prostate/PI-CAI/labels/csPCa_lesion_delineations/human_expert/resampled/10077_1000077.nii.gz,human_expert_resampled,NO,False,0,train
10078,1000078,10078_1000078,images/10078/10078_1000078_t2w.mha,images/10078/10078_1000078_adc.mha,images/10078/10078_1000078_hbv.mha,/opt/data/private/lm/data/Prostate/PI-CAI/labels/csPCa_lesion_delineations/human_expert/resampled/10078_1000078.nii.gz,human_expert_resampled,YES,True,1,train
10079,1000079,10079_1000079,images/10079/10079_1000079_t2w.mha,images/10079/10079_1000079_adc.mha,images/10079/10079_1000079_hbv.mha,/opt/data/private/lm/data/Prostate/PI-CAI/labels/csPCa_lesion_delineations/human_expert/resampled/10079_1000079.nii.gz,human_expert_resampled,YES,True,1,train
10080,1000080,10080_1000080,images/10080/10080_1000080_t2w.mha,images/10080/10080_1000080_adc.mha,images/10080/10080_1000080_hbv.mha,/opt/data/private/lm/data/Prostate/PI-CAI/labels/csPCa_lesion_delineations/human_expert/resampled/10080_1000080.nii.gz,human_expert_resampled,NO,False,0,train
10081,1000081,10081_1000081,images/10081/10081_1000081_t2w.mha,images/10081/10081_1000081_adc.mha,images/10081/10081_1000081_hbv.mha,/opt/data/private/lm/data/Prostate/PI-CAI/labels/csPCa_lesion_delineations/human_expert/resampled/10081_1000081.nii.gz,human_expert_resampled,NO,False,0,val
10082,1000082,10082_1000082,images/10082/10082_1000082_t2w.mha,images/10082/10082_1000082_adc.mha,images/10082/10082_1000082_hbv.mha,/opt/data/private/lm/data/Prostate/PI-CAI/labels/csPCa_lesion_delineations/human_expert/resampled/10082_1000082.nii.gz,human_expert_resampled,NO,False,0,train
10083,1000083,10083_1000083,images/10083/10083_1000083_t2w.mha,images/10083/10083_1000083_adc.mha,images/10083/10083_1000083_hbv.mha,/opt/data/private/lm/data/Prostate/PI-CAI/labels/csPCa_lesion_delineations/human_expert/resampled/10083_1000083.nii.gz,human_expert_resampled,NO,False,0,train
10084,1000084,10084_1000084,images/10084/10084_1000084_t2w.mha,images/10084/10084_1000084_adc.mha,images/10084/10084_1000084_hbv.mha,/opt/data/private/lm/data/Prostate/PI-CAI/labels/csPCa_lesion_delineations/human_expert/resampled/10084_1000084.nii.gz,human_expert_resampled,NO,False,0,train
10085,1000085,10085_1000085,images/10085/10085_1000085_t2w.mha,images/10085/10085_1000085_adc.mha,images/10085/10085_1000085_hbv.mha,/opt/data/private/lm/data/Prostate/PI-CAI/labels/csPCa_lesion_delineations/human_expert/resampled/10085_1000085.nii.gz,human_expert_resampled,YES,True,1,train
10086,1000086,10086_1000086,images/10086/10086_1000086_t2w.mha,images/10086/10086_1000086_adc.mha,images/10086/10086_1000086_hbv.mha,/opt/data/private/lm/data/Prostate/PI-CAI/labels/csPCa_lesion_delineations/human_expert/resampled/10086_1000086.nii.gz,human_expert_resampled,NO,False,0,val
10087,1000087,10087_1000087,images/10087/10087_1000087_t2w.mha,images/10087/10087_1000087_adc.mha,images/10087/10087_1000087_hbv.mha,/opt/data/private/lm/data/Prostate/PI-CAI/labels/csPCa_lesion_delineations/human_expert/resampled/10087_1000087.nii.gz,human_expert_resampled,NO,False,0,train
10088,1000088,10088_1000088,images/10088/10088_1000088_t2w.mha,images/10088/10088_1000088_adc.mha,images/10088/10088_1000088_hbv.mha,/opt/data/private/lm/data/Prostate/PI-CAI/labels/csPCa_lesion_delineations/human_expert/resampled/10088_1000088.nii.gz,human_expert_resampled,NO,False,0,train
10089,1000089,10089_1000089,images/10089/10089_1000089_t2w.mha,images/10089/10089_1000089_adc.mha,images/10089/10089_1000089_hbv.mha,/opt/data/private/lm/data/Prostate/PI-CAI/labels/csPCa_lesion_delineations/human_expert/resampled/10089_1000089.nii.gz,human_expert_resampled,NO,False,0,train
10090,1000090,10090_1000090,images/10090/10090_1000090_t2w.mha,images/10090/10090_1000090_adc.mha,images/10090/10090_1000090_hbv.mha,/opt/data/private/lm/data/Prostate/PI-CAI/labels/csPCa_lesion_delineations/human_expert/resampled/10090_1000090.nii.gz,human_expert_resampled,NO,False,0,train
10091,1000091,10091_1000091,images/10091/10091_1000091_t2w.mha,images/10091/10091_1000091_adc.mha,images/10091/10091_1000091_hbv.mha,/opt/data/private/lm/data/Prostate/PI-CAI/labels/csPCa_lesion_delineations/human_expert/resampled/10091_1000091.nii.gz,human_expert_resampled,NO,False,0,val
10092,1000092,10092_1000092,images/10092/10092_1000092_t2w.mha,images/10092/10092_1000092_adc.mha,images/10092/10092_1000092_hbv.mha,/opt/data/private/lm/data/Prostate/PI-CAI/labels/csPCa_lesion_delineations/human_expert/resampled/10092_1000092.nii.gz,human_expert_resampled,NO,False,0,train
10093,1000093,10093_1000093,images/10093/10093_1000093_t2w.mha,images/10093/10093_1000093_adc.mha,images/10093/10093_1000093_hbv.mha,/opt/data/private/lm/data/Prostate/PI-CAI/labels/csPCa_lesion_delineations/human_expert/resampled/10093_1000093.nii.gz,human_expert_resampled,NO,False,0,train
10094,1000094,10094_1000094,images/10094/10094_1000094_t2w.mha,images/10094/10094_1000094_adc.mha,images/10094/10094_1000094_hbv.mha,/opt/data/private/lm/data/Prostate/PI-CAI/labels/csPCa_lesion_delineations/human_expert/Pooch25/10094_1000094.nii.gz,human_expert_pooch25,YES,True,1,train
10095,1000095,10095_1000095,images/10095/10095_1000095_t2w.mha,images/10095/10095_1000095_adc.mha,images/10095/10095_1000095_hbv.mha,/opt/data/private/lm/data/Prostate/PI-CAI/labels/csPCa_lesion_delineations/human_expert/resampled/10095_1000095.nii.gz,human_expert_resampled,NO,False,0,train
10096,1000096,10096_1000096,images/10096/10096_1000096_t2w.mha,images/10096/10096_1000096_adc.mha,images/10096/10096_1000096_hbv.mha,/opt/data/private/lm/data/Prostate/PI-CAI/labels/csPCa_lesion_delineations/human_expert/resampled/10096_1000096.nii.gz,human_expert_resampled,NO,False,0,val
10097,1000097,10097_1000097,images/10097/10097_1000097_t2w.mha,images/10097/10097_1000097_adc.mha,images/10097/10097_1000097_hbv.mha,/opt/data/private/lm/data/Prostate/PI-CAI/labels/csPCa_lesion_delineations/human_expert/resampled/10097_1000097.nii.gz,human_expert_resampled,YES,True,1,train
10098,1000098,10098_1000098,images/10098/10098_1000098_t2w.mha,images/10098/10098_1000098_adc.mha,images/10098/10098_1000098_hbv.mha,/opt/data/private/lm/data/Prostate/PI-CAI/labels/csPCa_lesion_delineations/human_expert/resampled/10098_1000098.nii.gz,human_expert_resampled,NO,False,0,val
10099,1000099,10099_1000099,images/10099/10099_1000099_t2w.mha,images/10099/10099_1000099_adc.mha,images/10099/10099_1000099_hbv.mha,/opt/data/private/lm/data/Prostate/PI-CAI/labels/csPCa_lesion_delineations/human_expert/resampled/10099_1000099.nii.gz,human_expert_resampled,NO,False,0,train
10100,1000100,10100_1000100,images/10100/10100_1000100_t2w.mha,images/10100/10100_1000100_adc.mha,images/10100/10100_1000100_hbv.mha,/opt/data/private/lm/data/Prostate/PI-CAI/labels/csPCa_lesion_delineations/human_expert/Pooch25/10100_1000100.nii.gz,human_expert_pooch25,YES,True,1,train
10101,1000101,10101_1000101,images/10101/10101_1000101_t2w.mha,images/10101/10101_1000101_adc.mha,images/10101/10101_1000101_hbv.mha,/opt/data/private/lm/data/Prostate/PI-CAI/labels/csPCa_lesion_delineations/human_expert/resampled/10101_1000101.nii.gz,human_expert_resampled,NO,False,0,train
10102,1000102,10102_1000102,images/10102/10102_1000102_t2w.mha,images/10102/10102_1000102_adc.mha,images/10102/10102_1000102_hbv.mha,/opt/data/private/lm/data/Prostate/PI-CAI/labels/csPCa_lesion_delineations/human_expert/resampled/10102_1000102.nii.gz,human_expert_resampled,NO,False,0,train
10103,1000103,10103_1000103,images/10103/10103_1000103_t2w.mha,images/10103/10103_1000103_adc.mha,images/10103/10103_1000103_hbv.mha,/opt/data/private/lm/data/Prostate/PI-CAI/labels/csPCa_lesion_delineations/human_expert/resampled/10103_1000103.nii.gz,human_expert_resampled,YES,True,1,train
10104,1000104,10104_1000104,images/10104/10104_1000104_t2w.mha,images/10104/10104_1000104_adc.mha,images/10104/10104_1000104_hbv.mha,/opt/data/private/lm/data/Prostate/PI-CAI/labels/csPCa_lesion_delineations/human_expert/Pooch25/10104_1000104.nii.gz,human_expert_pooch25,YES,True,1,val
10105,1000105,10105_1000105,images/10105/10105_1000105_t2w.mha,images/10105/10105_1000105_adc.mha,images/10105/10105_1000105_hbv.mha,/opt/data/private/lm/data/Prostate/PI-CAI/labels/csPCa_lesion_delineations/human_expert/resampled/10105_1000105.nii.gz,human_expert_resampled,NO,False,0,train
10106,1000106,10106_1000106,images/10106/10106_1000106_t2w.mha,images/10106/10106_1000106_adc.mha,images/10106/10106_1000106_hbv.mha,/opt/data/private/lm/data/Prostate/PI-CAI/labels/csPCa_lesion_delineations/human_expert/Pooch25/10106_1000106.nii.gz,human_expert_pooch25,YES,True,2,train
10107,1000107,10107_1000107,images/10107/10107_1000107_t2w.mha,images/10107/10107_1000107_adc.mha,images/10107/10107_1000107_hbv.mha,/opt/data/private/lm/data/Prostate/PI-CAI/labels/csPCa_lesion_delineations/human_expert/resampled/10107_1000107.nii.gz,human_expert_resampled,YES,True,1,val
10108,1000108,10108_1000108,images/10108/10108_1000108_t2w.mha,images/10108/10108_1000108_adc.mha,images/10108/10108_1000108_hbv.mha,/opt/data/private/lm/data/Prostate/PI-CAI/labels/csPCa_lesion_delineations/human_expert/resampled/10108_1000108.nii.gz,human_expert_resampled,NO,False,0,train
10109,1000109,10109_1000109,images/10109/10109_1000109_t2w.mha,images/10109/10109_1000109_adc.mha,images/10109/10109_1000109_hbv.mha,/opt/data/private/lm/data/Prostate/PI-CAI/labels/csPCa_lesion_delineations/human_expert/resampled/10109_1000109.nii.gz,human_expert_resampled,NO,False,0,train
10110,1000110,10110_1000110,images/10110/10110_1000110_t2w.mha,images/10110/10110_1000110_adc.mha,images/10110/10110_1000110_hbv.mha,/opt/data/private/lm/data/Prostate/PI-CAI/labels/csPCa_lesion_delineations/human_expert/resampled/10110_1000110.nii.gz,human_expert_resampled,YES,True,1,train
10111,1000111,10111_1000111,images/10111/10111_1000111_t2w.mha,images/10111/10111_1000111_adc.mha,images/10111/10111_1000111_hbv.mha,/opt/data/private/lm/data/Prostate/PI-CAI/labels/csPCa_lesion_delineations/human_expert/resampled/10111_1000111.nii.gz,human_expert_resampled,NO,False,0,train
10112,1000112,10112_1000112,images/10112/10112_1000112_t2w.mha,images/10112/10112_1000112_adc.mha,images/10112/10112_1000112_hbv.mha,/opt/data/private/lm/data/Prostate/PI-CAI/labels/csPCa_lesion_delineations/human_expert/Pooch25/10112_1000112.nii.gz,human_expert_pooch25,YES,True,1,val
10113,1000113,10113_1000113,images/10113/10113_1000113_t2w.mha,images/10113/10113_1000113_adc.mha,images/10113/10113_1000113_hbv.mha,/opt/data/private/lm/data/Prostate/PI-CAI/labels/csPCa_lesion_delineations/human_expert/resampled/10113_1000113.nii.gz,human_expert_resampled,NO,False,0,train
10114,1000114,10114_1000114,images/10114/10114_1000114_t2w.mha,images/10114/10114_1000114_adc.mha,images/10114/10114_1000114_hbv.mha,/opt/data/private/lm/data/Prostate/PI-CAI/labels/csPCa_lesion_delineations/human_expert/resampled/10114_1000114.nii.gz,human_expert_resampled,NO,False,0,train
10115,1000115,10115_1000115,images/10115/10115_1000115_t2w.mha,images/10115/10115_1000115_adc.mha,images/10115/10115_1000115_hbv.mha,/opt/data/private/lm/data/Prostate/PI-CAI/labels/csPCa_lesion_delineations/human_expert/resampled/10115_1000115.nii.gz,human_expert_resampled,NO,False,0,train
10116,1000116,10116_1000116,images/10116/10116_1000116_t2w.mha,images/10116/10116_1000116_adc.mha,images/10116/10116_1000116_hbv.mha,/opt/data/private/lm/data/Prostate/PI-CAI/labels/csPCa_lesion_delineations/human_expert/resampled/10116_1000116.nii.gz,human_expert_resampled,NO,False,0,train
10117,1000117,10117_1000117,images/10117/10117_1000117_t2w.mha,images/10117/10117_1000117_adc.mha,images/10117/10117_1000117_hbv.mha,/opt/data/private/lm/data/Prostate/PI-CAI/labels/csPCa_lesion_delineations/human_expert/resampled/10117_1000117.nii.gz,human_expert_resampled,YES,True,1,val
10118,1000118,10118_1000118,images/10118/10118_1000118_t2w.mha,images/10118/10118_1000118_adc.mha,images/10118/10118_1000118_hbv.mha,/opt/data/private/lm/data/Prostate/PI-CAI/labels/csPCa_lesion_delineations/human_expert/resampled/10118_1000118.nii.gz,human_expert_resampled,YES,True,1,train
10119,1000119,10119_1000119,images/10119/10119_1000119_t2w.mha,images/10119/10119_1000119_adc.mha,images/10119/10119_1000119_hbv.mha,/opt/data/private/lm/data/Prostate/PI-CAI/labels/csPCa_lesion_delineations/human_expert/resampled/10119_1000119.nii.gz,human_expert_resampled,NO,False,0,train
10120,1000120,10120_1000120,images/10120/10120_1000120_t2w.mha,images/10120/10120_1000120_adc.mha,images/10120/10120_1000120_hbv.mha,/opt/data/private/lm/data/Prostate/PI-CAI/labels/csPCa_lesion_delineations/human_expert/resampled/10120_1000120.nii.gz,human_expert_resampled,NO,False,0,train
10121,1000121,10121_1000121,images/10121/10121_1000121_t2w.mha,images/10121/10121_1000121_adc.mha,images/10121/10121_1000121_hbv.mha,/opt/data/private/lm/data/Prostate/PI-CAI/labels/csPCa_lesion_delineations/human_expert/resampled/10121_1000121.nii.gz,human_expert_resampled,YES,True,1,train
10122,1000122,10122_1000122,images/10122/10122_1000122_t2w.mha,images/10122/10122_1000122_adc.mha,images/10122/10122_1000122_hbv.mha,/opt/data/private/lm/data/Prostate/PI-CAI/labels/csPCa_lesion_delineations/human_expert/resampled/10122_1000122.nii.gz,human_expert_resampled,NO,False,0,val
10123,1000123,10123_1000123,images/10123/10123_1000123_t2w.mha,images/10123/10123_1000123_adc.mha,images/10123/10123_1000123_hbv.mha,/opt/data/private/lm/data/Prostate/PI-CAI/labels/csPCa_lesion_delineations/human_expert/resampled/10123_1000123.nii.gz,human_expert_resampled,NO,False,0,train
10124,1000124,10124_1000124,images/10124/10124_1000124_t2w.mha,images/10124/10124_1000124_adc.mha,images/10124/10124_1000124_hbv.mha,/opt/data/private/lm/data/Prostate/PI-CAI/labels/csPCa_lesion_delineations/human_expert/resampled/10124_1000124.nii.gz,human_expert_resampled,NO,False,0,train
10125,1000125,10125_1000125,images/10125/10125_1000125_t2w.mha,images/10125/10125_1000125_adc.mha,images/10125/10125_1000125_hbv.mha,/opt/data/private/lm/data/Prostate/PI-CAI/labels/csPCa_lesion_delineations/human_expert/resampled/10125_1000125.nii.gz,human_expert_resampled,NO,False,0,train
10126,1000126,10126_1000126,images/10126/10126_1000126_t2w.mha,images/10126/10126_1000126_adc.mha,images/10126/10126_1000126_hbv.mha,/opt/data/private/lm/data/Prostate/PI-CAI/labels/csPCa_lesion_delineations/human_expert/resampled/10126_1000126.nii.gz,human_expert_resampled,NO,False,0,train
10127,1000127,10127_1000127,images/10127/10127_1000127_t2w.mha,images/10127/10127_1000127_adc.mha,images/10127/10127_1000127_hbv.mha,/opt/data/private/lm/data/Prostate/PI-CAI/labels/csPCa_lesion_delineations/human_expert/resampled/10127_1000127.nii.gz,human_expert_resampled,NO,False,0,train
10128,1000128,10128_1000128,images/10128/10128_1000128_t2w.mha,images/10128/10128_1000128_adc.mha,images/10128/10128_1000128_hbv.mha,/opt/data/private/lm/data/Prostate/PI-CAI/labels/csPCa_lesion_delineations/human_expert/resampled/10128_1000128.nii.gz,human_expert_resampled,NO,False,0,val
10129,1000129,10129_1000129,images/10129/10129_1000129_t2w.mha,images/10129/10129_1000129_adc.mha,images/10129/10129_1000129_hbv.mha,/opt/data/private/lm/data/Prostate/PI-CAI/labels/csPCa_lesion_delineations/human_expert/resampled/10129_1000129.nii.gz,human_expert_resampled,NO,False,0,train
10129,1000130,10129_1000130,images/10129/10129_1000130_t2w.mha,images/10129/10129_1000130_adc.mha,images/10129/10129_1000130_hbv.mha,/opt/data/private/lm/data/Prostate/PI-CAI/labels/csPCa_lesion_delineations/human_expert/resampled/10129_1000130.nii.gz,human_expert_resampled,NO,False,0,train
10130,1000131,10130_1000131,images/10130/10130_1000131_t2w.mha,images/10130/10130_1000131_adc.mha,images/10130/10130_1000131_hbv.mha,/opt/data/private/lm/data/Prostate/PI-CAI/labels/csPCa_lesion_delineations/human_expert/resampled/10130_1000131.nii.gz,human_expert_resampled,NO,False,0,train
10131,1000132,10131_1000132,images/10131/10131_1000132_t2w.mha,images/10131/10131_1000132_adc.mha,images/10131/10131_1000132_hbv.mha,/opt/data/private/lm/data/Prostate/PI-CAI/labels/csPCa_lesion_delineations/human_expert/resampled/10131_1000132.nii.gz,human_expert_resampled,NO,False,0,train
10131,1000133,10131_1000133,images/10131/10131_1000133_t2w.mha,images/10131/10131_1000133_adc.mha,images/10131/10131_1000133_hbv.mha,/opt/data/private/lm/data/Prostate/PI-CAI/labels/csPCa_lesion_delineations/human_expert/resampled/10131_1000133.nii.gz,human_expert_resampled,NO,False,0,train
10132,1000134,10132_1000134,images/10132/10132_1000134_t2w.mha,images/10132/10132_1000134_adc.mha,images/10132/10132_1000134_hbv.mha,/opt/data/private/lm/data/Prostate/PI-CAI/labels/csPCa_lesion_delineations/human_expert/Pooch25/10132_1000134.nii.gz,human_expert_pooch25,YES,True,1,train
10133,1000135,10133_1000135,images/10133/10133_1000135_t2w.mha,images/10133/10133_1000135_adc.mha,images/10133/10133_1000135_hbv.mha,/opt/data/private/lm/data/Prostate/PI-CAI/labels/csPCa_lesion_delineations/human_expert/resampled/10133_1000135.nii.gz,human_expert_resampled,NO,False,0,val
10134,1000136,10134_1000136,images/10134/10134_1000136_t2w.mha,images/10134/10134_1000136_adc.mha,images/10134/10134_1000136_hbv.mha,/opt/data/private/lm/data/Prostate/PI-CAI/labels/csPCa_lesion_delineations/human_expert/resampled/10134_1000136.nii.gz,human_expert_resampled,YES,True,1,train
10135,1000137,10135_1000137,images/10135/10135_1000137_t2w.mha,images/10135/10135_1000137_adc.mha,images/10135/10135_1000137_hbv.mha,/opt/data/private/lm/data/Prostate/PI-CAI/labels/csPCa_lesion_delineations/human_expert/Pooch25/10135_1000137.nii.gz,human_expert_pooch25,YES,True,1,train
10136,1000138,10136_1000138,images/10136/10136_1000138_t2w.mha,images/10136/10136_1000138_adc.mha,images/10136/10136_1000138_hbv.mha,/opt/data/private/lm/data/Prostate/PI-CAI/labels/csPCa_lesion_delineations/human_expert/resampled/10136_1000138.nii.gz,human_expert_resampled,NO,False,0,train
10137,1000139,10137_1000139,images/10137/10137_1000139_t2w.mha,images/10137/10137_1000139_adc.mha,images/10137/10137_1000139_hbv.mha,/opt/data/private/lm/data/Prostate/PI-CAI/labels/csPCa_lesion_delineations/human_expert/resampled/10137_1000139.nii.gz,human_expert_resampled,NO,False,0,train
10138,1000140,10138_1000140,images/10138/10138_1000140_t2w.mha,images/10138/10138_1000140_adc.mha,images/10138/10138_1000140_hbv.mha,/opt/data/private/lm/data/Prostate/PI-CAI/labels/csPCa_lesion_delineations/human_expert/resampled/10138_1000140.nii.gz,human_expert_resampled,NO,False,0,val
10139,1000141,10139_1000141,images/10139/10139_1000141_t2w.mha,images/10139/10139_1000141_adc.mha,images/10139/10139_1000141_hbv.mha,/opt/data/private/lm/data/Prostate/PI-CAI/labels/csPCa_lesion_delineations/human_expert/resampled/10139_1000141.nii.gz,human_expert_resampled,NO,False,0,train
10140,1000142,10140_1000142,images/10140/10140_1000142_t2w.mha,images/10140/10140_1000142_adc.mha,images/10140/10140_1000142_hbv.mha,/opt/data/private/lm/data/Prostate/PI-CAI/labels/csPCa_lesion_delineations/human_expert/Pooch25/10140_1000142.nii.gz,human_expert_pooch25,YES,True,1,train
10141,1000143,10141_1000143,images/10141/10141_1000143_t2w.mha,images/10141/10141_1000143_adc.mha,images/10141/10141_1000143_hbv.mha,/opt/data/private/lm/data/Prostate/PI-CAI/labels/csPCa_lesion_delineations/human_expert/resampled/10141_1000143.nii.gz,human_expert_resampled,NO,False,0,train
10142,1000144,10142_1000144,images/10142/10142_1000144_t2w.mha,images/10142/10142_1000144_adc.mha,images/10142/10142_1000144_hbv.mha,/opt/data/private/lm/data/Prostate/PI-CAI/labels/csPCa_lesion_delineations/human_expert/resampled/10142_1000144.nii.gz,human_expert_resampled,NO,False,0,train
10143,1000145,10143_1000145,images/10143/10143_1000145_t2w.mha,images/10143/10143_1000145_adc.mha,images/10143/10143_1000145_hbv.mha,/opt/data/private/lm/data/Prostate/PI-CAI/labels/csPCa_lesion_delineations/human_expert/resampled/10143_1000145.nii.gz,human_expert_resampled,NO,False,0,val
10144,1000146,10144_1000146,images/10144/10144_1000146_t2w.mha,images/10144/10144_1000146_adc.mha,images/10144/10144_1000146_hbv.mha,/opt/data/private/lm/data/Prostate/PI-CAI/labels/csPCa_lesion_delineations/human_expert/resampled/10144_1000146.nii.gz,human_expert_resampled,NO,False,0,val
10145,1000147,10145_1000147,images/10145/10145_1000147_t2w.mha,images/10145/10145_1000147_adc.mha,images/10145/10145_1000147_hbv.mha,/opt/data/private/lm/data/Prostate/PI-CAI/labels/csPCa_lesion_delineations/human_expert/resampled/10145_1000147.nii.gz,human_expert_resampled,NO,False,0,train
10146,1000148,10146_1000148,images/10146/10146_1000148_t2w.mha,images/10146/10146_1000148_adc.mha,images/10146/10146_1000148_hbv.mha,/opt/data/private/lm/data/Prostate/PI-CAI/labels/csPCa_lesion_delineations/human_expert/resampled/10146_1000148.nii.gz,human_expert_resampled,NO,False,0,train
10147,1000149,10147_1000149,images/10147/10147_1000149_t2w.mha,images/10147/10147_1000149_adc.mha,images/10147/10147_1000149_hbv.mha,/opt/data/private/lm/data/Prostate/PI-CAI/labels/csPCa_lesion_delineations/human_expert/resampled/10147_1000149.nii.gz,human_expert_resampled,NO,False,0,train
10148,1000150,10148_1000150,images/10148/10148_1000150_t2w.mha,images/10148/10148_1000150_adc.mha,images/10148/10148_1000150_hbv.mha,/opt/data/private/lm/data/Prostate/PI-CAI/labels/csPCa_lesion_delineations/human_expert/Pooch25/10148_1000150.nii.gz,human_expert_pooch25,YES,True,1,train
10149,1000151,10149_1000151,images/10149/10149_1000151_t2w.mha,images/10149/10149_1000151_adc.mha,images/10149/10149_1000151_hbv.mha,/opt/data/private/lm/data/Prostate/PI-CAI/labels/csPCa_lesion_delineations/human_expert/resampled/10149_1000151.nii.gz,human_expert_resampled,NO,False,0,train
10150,1000152,10150_1000152,images/10150/10150_1000152_t2w.mha,images/10150/10150_1000152_adc.mha,images/10150/10150_1000152_hbv.mha,/opt/data/private/lm/data/Prostate/PI-CAI/labels/csPCa_lesion_delineations/human_expert/resampled/10150_1000152.nii.gz,human_expert_resampled,NO,False,0,train
10151,1000153,10151_1000153,images/10151/10151_1000153_t2w.mha,images/10151/10151_1000153_adc.mha,images/10151/10151_1000153_hbv.mha,/opt/data/private/lm/data/Prostate/PI-CAI/labels/csPCa_lesion_delineations/human_expert/resampled/10151_1000153.nii.gz,human_expert_resampled,NO,False,0,val
10152,1000154,10152_1000154,images/10152/10152_1000154_t2w.mha,images/10152/10152_1000154_adc.mha,images/10152/10152_1000154_hbv.mha,/opt/data/private/lm/data/Prostate/PI-CAI/labels/csPCa_lesion_delineations/human_expert/resampled/10152_1000154.nii.gz,human_expert_resampled,NO,False,0,train
10153,1000155,10153_1000155,images/10153/10153_1000155_t2w.mha,images/10153/10153_1000155_adc.mha,images/10153/10153_1000155_hbv.mha,/opt/data/private/lm/data/Prostate/PI-CAI/labels/csPCa_lesion_delineations/human_expert/resampled/10153_1000155.nii.gz,human_expert_resampled,NO,False,0,train
10153,1000156,10153_1000156,images/10153/10153_1000156_t2w.mha,images/10153/10153_1000156_adc.mha,images/10153/10153_1000156_hbv.mha,/opt/data/private/lm/data/Prostate/PI-CAI/labels/csPCa_lesion_delineations/human_expert/resampled/10153_1000156.nii.gz,human_expert_resampled,NO,False,0,train
10154,1000157,10154_1000157,images/10154/10154_1000157_t2w.mha,images/10154/10154_1000157_adc.mha,images/10154/10154_1000157_hbv.mha,/opt/data/private/lm/data/Prostate/PI-CAI/labels/csPCa_lesion_delineations/human_expert/resampled/10154_1000157.nii.gz,human_expert_resampled,NO,False,0,train
10155,1000158,10155_1000158,images/10155/10155_1000158_t2w.mha,images/10155/10155_1000158_adc.mha,images/10155/10155_1000158_hbv.mha,/opt/data/private/lm/data/Prostate/PI-CAI/labels/csPCa_lesion_delineations/human_expert/resampled/10155_1000158.nii.gz,human_expert_resampled,NO,False,0,train
10156,1000159,10156_1000159,images/10156/10156_1000159_t2w.mha,images/10156/10156_1000159_adc.mha,images/10156/10156_1000159_hbv.mha,/opt/data/private/lm/data/Prostate/PI-CAI/labels/csPCa_lesion_delineations/human_expert/resampled/10156_1000159.nii.gz,human_expert_resampled,NO,False,0,train
10157,1000160,10157_1000160,images/10157/10157_1000160_t2w.mha,images/10157/10157_1000160_adc.mha,images/10157/10157_1000160_hbv.mha,/opt/data/private/lm/data/Prostate/PI-CAI/labels/csPCa_lesion_delineations/human_expert/resampled/10157_1000160.nii.gz,human_expert_resampled,YES,True,1,train
10158,1000161,10158_1000161,images/10158/10158_1000161_t2w.mha,images/10158/10158_1000161_adc.mha,images/10158/10158_1000161_hbv.mha,/opt/data/private/lm/data/Prostate/PI-CAI/labels/csPCa_lesion_delineations/human_expert/resampled/10158_1000161.nii.gz,human_expert_resampled,NO,False,0,val
10159,1000162,10159_1000162,images/10159/10159_1000162_t2w.mha,images/10159/10159_1000162_adc.mha,images/10159/10159_1000162_hbv.mha,/opt/data/private/lm/data/Prostate/PI-CAI/labels/csPCa_lesion_delineations/human_expert/resampled/10159_1000162.nii.gz,human_expert_resampled,NO,False,0,val
10160,1000163,10160_1000163,images/10160/10160_1000163_t2w.mha,images/10160/10160_1000163_adc.mha,images/10160/10160_1000163_hbv.mha,/opt/data/private/lm/data/Prostate/PI-CAI/labels/csPCa_lesion_delineations/human_expert/resampled/10160_1000163.nii.gz,human_expert_resampled,NO,False,0,train
10161,1000164,10161_1000164,images/10161/10161_1000164_t2w.mha,images/10161/10161_1000164_adc.mha,images/10161/10161_1000164_hbv.mha,/opt/data/private/lm/data/Prostate/PI-CAI/labels/csPCa_lesion_delineations/human_expert/resampled/10161_1000164.nii.gz,human_expert_resampled,NO,False,0,train
10162,1000165,10162_1000165,images/10162/10162_1000165_t2w.mha,images/10162/10162_1000165_adc.mha,images/10162/10162_1000165_hbv.mha,/opt/data/private/lm/data/Prostate/PI-CAI/labels/csPCa_lesion_delineations/human_expert/resampled/10162_1000165.nii.gz,human_expert_resampled,NO,False,0,train
10163,1000166,10163_1000166,images/10163/10163_1000166_t2w.mha,images/10163/10163_1000166_adc.mha,images/10163/10163_1000166_hbv.mha,/opt/data/private/lm/data/Prostate/PI-CAI/labels/csPCa_lesion_delineations/human_expert/resampled/10163_1000166.nii.gz,human_expert_resampled,NO,False,0,train
10164,1000167,10164_1000167,images/10164/10164_1000167_t2w.mha,images/10164/10164_1000167_adc.mha,images/10164/10164_1000167_hbv.mha,/opt/data/private/lm/data/Prostate/PI-CAI/labels/csPCa_lesion_delineations/human_expert/resampled/10164_1000167.nii.gz,human_expert_resampled,YES,True,1,val
10165,1000168,10165_1000168,images/10165/10165_1000168_t2w.mha,images/10165/10165_1000168_adc.mha,images/10165/10165_1000168_hbv.mha,/opt/data/private/lm/data/Prostate/PI-CAI/labels/csPCa_lesion_delineations/human_expert/resampled/10165_1000168.nii.gz,human_expert_resampled,NO,False,0,train
10166,1000169,10166_1000169,images/10166/10166_1000169_t2w.mha,images/10166/10166_1000169_adc.mha,images/10166/10166_1000169_hbv.mha,/opt/data/private/lm/data/Prostate/PI-CAI/labels/csPCa_lesion_delineations/human_expert/resampled/10166_1000169.nii.gz,human_expert_resampled,NO,False,0,train
10167,1000170,10167_1000170,images/10167/10167_1000170_t2w.mha,images/10167/10167_1000170_adc.mha,images/10167/10167_1000170_hbv.mha,/opt/data/private/lm/data/Prostate/PI-CAI/labels/csPCa_lesion_delineations/human_expert/resampled/10167_1000170.nii.gz,human_expert_resampled,NO,False,0,train
10168,1000171,10168_1000171,images/10168/10168_1000171_t2w.mha,images/10168/10168_1000171_adc.mha,images/10168/10168_1000171_hbv.mha,/opt/data/private/lm/data/Prostate/PI-CAI/labels/csPCa_lesion_delineations/human_expert/resampled/10168_1000171.nii.gz,human_expert_resampled,YES,True,1,train
10169,1000172,10169_1000172,images/10169/10169_1000172_t2w.mha,images/10169/10169_1000172_adc.mha,images/10169/10169_1000172_hbv.mha,/opt/data/private/lm/data/Prostate/PI-CAI/labels/csPCa_lesion_delineations/human_expert/resampled/10169_1000172.nii.gz,human_expert_resampled,NO,False,0,train
10170,1000173,10170_1000173,images/10170/10170_1000173_t2w.mha,images/10170/10170_1000173_adc.mha,images/10170/10170_1000173_hbv.mha,/opt/data/private/lm/data/Prostate/PI-CAI/labels/csPCa_lesion_delineations/human_expert/Pooch25/10170_1000173.nii.gz,human_expert_pooch25,YES,True,1,val
10171,1000174,10171_1000174,images/10171/10171_1000174_t2w.mha,images/10171/10171_1000174_adc.mha,images/10171/10171_1000174_hbv.mha,/opt/data/private/lm/data/Prostate/PI-CAI/labels/csPCa_lesion_delineations/human_expert/Pooch25/10171_1000174.nii.gz,human_expert_pooch25,YES,True,1,train
10172,1000175,10172_1000175,images/10172/10172_1000175_t2w.mha,images/10172/10172_1000175_adc.mha,images/10172/10172_1000175_hbv.mha,/opt/data/private/lm/data/Prostate/PI-CAI/labels/csPCa_lesion_delineations/human_expert/resampled/10172_1000175.nii.gz,human_expert_resampled,NO,False,0,train
10173,1000176,10173_1000176,images/10173/10173_1000176_t2w.mha,images/10173/10173_1000176_adc.mha,images/10173/10173_1000176_hbv.mha,/opt/data/private/lm/data/Prostate/PI-CAI/labels/csPCa_lesion_delineations/human_expert/resampled/10173_1000176.nii.gz,human_expert_resampled,NO,False,0,train
10174,1000177,10174_1000177,images/10174/10174_1000177_t2w.mha,images/10174/10174_1000177_adc.mha,images/10174/10174_1000177_hbv.mha,/opt/data/private/lm/data/Prostate/PI-CAI/labels/csPCa_lesion_delineations/human_expert/resampled/10174_1000177.nii.gz,human_expert_resampled,NO,False,0,train
10175,1000178,10175_1000178,images/10175/10175_1000178_t2w.mha,images/10175/10175_1000178_adc.mha,images/10175/10175_1000178_hbv.mha,/opt/data/private/lm/data/Prostate/PI-CAI/labels/csPCa_lesion_delineations/human_expert/resampled/10175_1000178.nii.gz,human_expert_resampled,NO,False,0,train
10176,1000179,10176_1000179,images/10176/10176_1000179_t2w.mha,images/10176/10176_1000179_adc.mha,images/10176/10176_1000179_hbv.mha,/opt/data/private/lm/data/Prostate/PI-CAI/labels/csPCa_lesion_delineations/human_expert/resampled/10176_1000179.nii.gz,human_expert_resampled,NO,False,0,val
10177,1000180,10177_1000180,images/10177/10177_1000180_t2w.mha,images/10177/10177_1000180_adc.mha,images/10177/10177_1000180_hbv.mha,/opt/data/private/lm/data/Prostate/PI-CAI/labels/csPCa_lesion_delineations/human_expert/resampled/10177_1000180.nii.gz,human_expert_resampled,NO,False,0,train
10178,1000181,10178_1000181,images/10178/10178_1000181_t2w.mha,images/10178/10178_1000181_adc.mha,images/10178/10178_1000181_hbv.mha,/opt/data/private/lm/data/Prostate/PI-CAI/labels/csPCa_lesion_delineations/human_expert/resampled/10178_1000181.nii.gz,human_expert_resampled,NO,False,0,train
10179,1000182,10179_1000182,images/10179/10179_1000182_t2w.mha,images/10179/10179_1000182_adc.mha,images/10179/10179_1000182_hbv.mha,/opt/data/private/lm/data/Prostate/PI-CAI/labels/csPCa_lesion_delineations/human_expert/resampled/10179_1000182.nii.gz,human_expert_resampled,NO,False,0,train
10180,1000183,10180_1000183,images/10180/10180_1000183_t2w.mha,images/10180/10180_1000183_adc.mha,images/10180/10180_1000183_hbv.mha,/opt/data/private/lm/data/Prostate/PI-CAI/labels/csPCa_lesion_delineations/human_expert/resampled/10180_1000183.nii.gz,human_expert_resampled,NO,False,0,train
10181,1000184,10181_1000184,images/10181/10181_1000184_t2w.mha,images/10181/10181_1000184_adc.mha,images/10181/10181_1000184_hbv.mha,/opt/data/private/lm/data/Prostate/PI-CAI/labels/csPCa_lesion_delineations/human_expert/resampled/10181_1000184.nii.gz,human_expert_resampled,NO,False,0,train
10182,1000185,10182_1000185,images/10182/10182_1000185_t2w.mha,images/10182/10182_1000185_adc.mha,images/10182/10182_1000185_hbv.mha,/opt/data/private/lm/data/Prostate/PI-CAI/labels/csPCa_lesion_delineations/human_expert/Pooch25/10182_1000185.nii.gz,human_expert_pooch25,YES,True,1,train
10183,1000186,10183_1000186,images/10183/10183_1000186_t2w.mha,images/10183/10183_1000186_adc.mha,images/10183/10183_1000186_hbv.mha,/opt/data/private/lm/data/Prostate/PI-CAI/labels/csPCa_lesion_delineations/human_expert/resampled/10183_1000186.nii.gz,human_expert_resampled,NO,False,0,val
10184,1000187,10184_1000187,images/10184/10184_1000187_t2w.mha,images/10184/10184_1000187_adc.mha,images/10184/10184_1000187_hbv.mha,/opt/data/private/lm/data/Prostate/PI-CAI/labels/csPCa_lesion_delineations/human_expert/resampled/10184_1000187.nii.gz,human_expert_resampled,NO,False,0,train
10185,1000188,10185_1000188,images/10185/10185_1000188_t2w.mha,images/10185/10185_1000188_adc.mha,images/10185/10185_1000188_hbv.mha,/opt/data/private/lm/data/Prostate/PI-CAI/labels/csPCa_lesion_delineations/human_expert/resampled/10185_1000188.nii.gz,human_expert_resampled,NO,False,0,val
10186,1000189,10186_1000189,images/10186/10186_1000189_t2w.mha,images/10186/10186_1000189_adc.mha,images/10186/10186_1000189_hbv.mha,/opt/data/private/lm/data/Prostate/PI-CAI/labels/csPCa_lesion_delineations/human_expert/resampled/10186_1000189.nii.gz,human_expert_resampled,NO,False,0,train
10187,1000190,10187_1000190,images/10187/10187_1000190_t2w.mha,images/10187/10187_1000190_adc.mha,images/10187/10187_1000190_hbv.mha,/opt/data/private/lm/data/Prostate/PI-CAI/labels/csPCa_lesion_delineations/human_expert/resampled/10187_1000190.nii.gz,human_expert_resampled,NO,False,0,train
10188,1000191,10188_1000191,images/10188/10188_1000191_t2w.mha,images/10188/10188_1000191_adc.mha,images/10188/10188_1000191_hbv.mha,/opt/data/private/lm/data/Prostate/PI-CAI/labels/csPCa_lesion_delineations/human_expert/resampled/10188_1000191.nii.gz,human_expert_resampled,NO,False,0,train
10189,1000192,10189_1000192,images/10189/10189_1000192_t2w.mha,images/10189/10189_1000192_adc.mha,images/10189/10189_1000192_hbv.mha,/opt/data/private/lm/data/Prostate/PI-CAI/labels/csPCa_lesion_delineations/human_expert/resampled/10189_1000192.nii.gz,human_expert_resampled,NO,False,0,train
10190,1000193,10190_1000193,images/10190/10190_1000193_t2w.mha,images/10190/10190_1000193_adc.mha,images/10190/10190_1000193_hbv.mha,/opt/data/private/lm/data/Prostate/PI-CAI/labels/csPCa_lesion_delineations/human_expert/resampled/10190_1000193.nii.gz,human_expert_resampled,NO,False,0,train
10191,1000194,10191_1000194,images/10191/10191_1000194_t2w.mha,images/10191/10191_1000194_adc.mha,images/10191/10191_1000194_hbv.mha,/opt/data/private/lm/data/Prostate/PI-CAI/labels/csPCa_lesion_delineations/human_expert/resampled/10191_1000194.nii.gz,human_expert_resampled,NO,False,0,val
10192,1000195,10192_1000195,images/10192/10192_1000195_t2w.mha,images/10192/10192_1000195_adc.mha,images/10192/10192_1000195_hbv.mha,/opt/data/private/lm/data/Prostate/PI-CAI/labels/csPCa_lesion_delineations/human_expert/resampled/10192_1000195.nii.gz,human_expert_resampled,NO,False,0,train
10193,1000196,10193_1000196,images/10193/10193_1000196_t2w.mha,images/10193/10193_1000196_adc.mha,images/10193/10193_1000196_hbv.mha,/opt/data/private/lm/data/Prostate/PI-CAI/labels/csPCa_lesion_delineations/human_expert/resampled/10193_1000196.nii.gz,human_expert_resampled,NO,False,0,train
10193,1000197,10193_1000197,images/10193/10193_1000197_t2w.mha,images/10193/10193_1000197_adc.mha,images/10193/10193_1000197_hbv.mha,/opt/data/private/lm/data/Prostate/PI-CAI/labels/csPCa_lesion_delineations/human_expert/resampled/10193_1000197.nii.gz,human_expert_resampled,NO,False,0,train
10194,1000198,10194_1000198,images/10194/10194_1000198_t2w.mha,images/10194/10194_1000198_adc.mha,images/10194/10194_1000198_hbv.mha,/opt/data/private/lm/data/Prostate/PI-CAI/labels/csPCa_lesion_delineations/human_expert/resampled/10194_1000198.nii.gz,human_expert_resampled,NO,False,0,train
10195,1000199,10195_1000199,images/10195/10195_1000199_t2w.mha,images/10195/10195_1000199_adc.mha,images/10195/10195_1000199_hbv.mha,/opt/data/private/lm/data/Prostate/PI-CAI/labels/csPCa_lesion_delineations/human_expert/resampled/10195_1000199.nii.gz,human_expert_resampled,NO,False,0,train
10196,1000200,10196_1000200,images/10196/10196_1000200_t2w.mha,images/10196/10196_1000200_adc.mha,images/10196/10196_1000200_hbv.mha,/opt/data/private/lm/data/Prostate/PI-CAI/labels/csPCa_lesion_delineations/human_expert/resampled/10196_1000200.nii.gz,human_expert_resampled,NO,False,0,train
10197,1000201,10197_1000201,images/10197/10197_1000201_t2w.mha,images/10197/10197_1000201_adc.mha,images/10197/10197_1000201_hbv.mha,/opt/data/private/lm/data/Prostate/PI-CAI/labels/csPCa_lesion_delineations/human_expert/resampled/10197_1000201.nii.gz,human_expert_resampled,NO,False,0,train
10198,1000202,10198_1000202,images/10198/10198_1000202_t2w.mha,images/10198/10198_1000202_adc.mha,images/10198/10198_1000202_hbv.mha,/opt/data/private/lm/data/Prostate/PI-CAI/labels/csPCa_lesion_delineations/human_expert/resampled/10198_1000202.nii.gz,human_expert_resampled,NO,False,0,val
10199,1000203,10199_1000203,images/10199/10199_1000203_t2w.mha,images/10199/10199_1000203_adc.mha,images/10199/10199_1000203_hbv.mha,/opt/data/private/lm/data/Prostate/PI-CAI/labels/csPCa_lesion_delineations/human_expert/resampled/10199_1000203.nii.gz,human_expert_resampled,NO,False,0,train
10200,1000204,10200_1000204,images/10200/10200_1000204_t2w.mha,images/10200/10200_1000204_adc.mha,images/10200/10200_1000204_hbv.mha,/opt/data/private/lm/data/Prostate/PI-CAI/labels/csPCa_lesion_delineations/human_expert/resampled/10200_1000204.nii.gz,human_expert_resampled,NO,False,0,val
10201,1000205,10201_1000205,images/10201/10201_1000205_t2w.mha,images/10201/10201_1000205_adc.mha,images/10201/10201_1000205_hbv.mha,/opt/data/private/lm/data/Prostate/PI-CAI/labels/csPCa_lesion_delineations/human_expert/resampled/10201_1000205.nii.gz,human_expert_resampled,NO,False,0,train
10202,1000206,10202_1000206,images/10202/10202_1000206_t2w.mha,images/10202/10202_1000206_adc.mha,images/10202/10202_1000206_hbv.mha,/opt/data/private/lm/data/Prostate/PI-CAI/labels/csPCa_lesion_delineations/human_expert/resampled/10202_1000206.nii.gz,human_expert_resampled,YES,True,1,train
10203,1000207,10203_1000207,images/10203/10203_1000207_t2w.mha,images/10203/10203_1000207_adc.mha,images/10203/10203_1000207_hbv.mha,/opt/data/private/lm/data/Prostate/PI-CAI/labels/csPCa_lesion_delineations/human_expert/resampled/10203_1000207.nii.gz,human_expert_resampled,NO,False,0,train
10204,1000208,10204_1000208,images/10204/10204_1000208_t2w.mha,images/10204/10204_1000208_adc.mha,images/10204/10204_1000208_hbv.mha,/opt/data/private/lm/data/Prostate/PI-CAI/labels/csPCa_lesion_delineations/human_expert/resampled/10204_1000208.nii.gz,human_expert_resampled,NO,False,0,train
10205,1000209,10205_1000209,images/10205/10205_1000209_t2w.mha,images/10205/10205_1000209_adc.mha,images/10205/10205_1000209_hbv.mha,/opt/data/private/lm/data/Prostate/PI-CAI/labels/csPCa_lesion_delineations/human_expert/resampled/10205_1000209.nii.gz,human_expert_resampled,NO,False,0,val
10206,1000210,10206_1000210,images/10206/10206_1000210_t2w.mha,images/10206/10206_1000210_adc.mha,images/10206/10206_1000210_hbv.mha,/opt/data/private/lm/data/Prostate/PI-CAI/labels/csPCa_lesion_delineations/human_expert/resampled/10206_1000210.nii.gz,human_expert_resampled,NO,False,0,train
10207,1000211,10207_1000211,images/10207/10207_1000211_t2w.mha,images/10207/10207_1000211_adc.mha,images/10207/10207_1000211_hbv.mha,/opt/data/private/lm/data/Prostate/PI-CAI/labels/csPCa_lesion_delineations/human_expert/resampled/10207_1000211.nii.gz,human_expert_resampled,NO,False,0,train
10208,1000212,10208_1000212,images/10208/10208_1000212_t2w.mha,images/10208/10208_1000212_adc.mha,images/10208/10208_1000212_hbv.mha,/opt/data/private/lm/data/Prostate/PI-CAI/labels/csPCa_lesion_delineations/human_expert/resampled/10208_1000212.nii.gz,human_expert_resampled,NO,False,0,train
10209,1000213,10209_1000213,images/10209/10209_1000213_t2w.mha,images/10209/10209_1000213_adc.mha,images/10209/10209_1000213_hbv.mha,/opt/data/private/lm/data/Prostate/PI-CAI/labels/csPCa_lesion_delineations/human_expert/Pooch25/10209_1000213.nii.gz,human_expert_pooch25,YES,True,1,train
10210,1000214,10210_1000214,images/10210/10210_1000214_t2w.mha,images/10210/10210_1000214_adc.mha,images/10210/10210_1000214_hbv.mha,/opt/data/private/lm/data/Prostate/PI-CAI/labels/csPCa_lesion_delineations/human_expert/resampled/10210_1000214.nii.gz,human_expert_resampled,NO,False,0,train
10211,1000215,10211_1000215,images/10211/10211_1000215_t2w.mha,images/10211/10211_1000215_adc.mha,images/10211/10211_1000215_hbv.mha,/opt/data/private/lm/data/Prostate/PI-CAI/labels/csPCa_lesion_delineations/human_expert/resampled/10211_1000215.nii.gz,human_expert_resampled,YES,True,1,val
10212,1000216,10212_1000216,images/10212/10212_1000216_t2w.mha,images/10212/10212_1000216_adc.mha,images/10212/10212_1000216_hbv.mha,/opt/data/private/lm/data/Prostate/PI-CAI/labels/csPCa_lesion_delineations/human_expert/Pooch25/10212_1000216.nii.gz,human_expert_pooch25,YES,True,1,train
10213,1000217,10213_1000217,images/10213/10213_1000217_t2w.mha,images/10213/10213_1000217_adc.mha,images/10213/10213_1000217_hbv.mha,/opt/data/private/lm/data/Prostate/PI-CAI/labels/csPCa_lesion_delineations/human_expert/resampled/10213_1000217.nii.gz,human_expert_resampled,NO,False,0,train
10214,1000218,10214_1000218,images/10214/10214_1000218_t2w.mha,images/10214/10214_1000218_adc.mha,images/10214/10214_1000218_hbv.mha,/opt/data/private/lm/data/Prostate/PI-CAI/labels/csPCa_lesion_delineations/human_expert/Pooch25/10214_1000218.nii.gz,human_expert_pooch25,YES,True,1,train
10215,1000219,10215_1000219,images/10215/10215_1000219_t2w.mha,images/10215/10215_1000219_adc.mha,images/10215/10215_1000219_hbv.mha,/opt/data/private/lm/data/Prostate/PI-CAI/labels/csPCa_lesion_delineations/human_expert/resampled/10215_1000219.nii.gz,human_expert_resampled,NO,False,0,train
10216,1000220,10216_1000220,images/10216/10216_1000220_t2w.mha,images/10216/10216_1000220_adc.mha,images/10216/10216_1000220_hbv.mha,/opt/data/private/lm/data/Prostate/PI-CAI/labels/csPCa_lesion_delineations/human_expert/resampled/10216_1000220.nii.gz,human_expert_resampled,YES,True,1,train
10217,1000221,10217_1000221,images/10217/10217_1000221_t2w.mha,images/10217/10217_1000221_adc.mha,images/10217/10217_1000221_hbv.mha,/opt/data/private/lm/data/Prostate/PI-CAI/labels/csPCa_lesion_delineations/human_expert/resampled/10217_1000221.nii.gz,human_expert_resampled,NO,False,0,val
10218,1000222,10218_1000222,images/10218/10218_1000222_t2w.mha,images/10218/10218_1000222_adc.mha,images/10218/10218_1000222_hbv.mha,/opt/data/private/lm/data/Prostate/PI-CAI/labels/csPCa_lesion_delineations/human_expert/resampled/10218_1000222.nii.gz,human_expert_resampled,NO,False,0,train
10219,1000223,10219_1000223,images/10219/10219_1000223_t2w.mha,images/10219/10219_1000223_adc.mha,images/10219/10219_1000223_hbv.mha,/opt/data/private/lm/data/Prostate/PI-CAI/labels/csPCa_lesion_delineations/human_expert/resampled/10219_1000223.nii.gz,human_expert_resampled,NO,False,0,train
10220,1000224,10220_1000224,images/10220/10220_1000224_t2w.mha,images/10220/10220_1000224_adc.mha,images/10220/10220_1000224_hbv.mha,/opt/data/private/lm/data/Prostate/PI-CAI/labels/csPCa_lesion_delineations/human_expert/resampled/10220_1000224.nii.gz,human_expert_resampled,YES,True,1,train
10221,1000225,10221_1000225,images/10221/10221_1000225_t2w.mha,images/10221/10221_1000225_adc.mha,images/10221/10221_1000225_hbv.mha,/opt/data/private/lm/data/Prostate/PI-CAI/labels/csPCa_lesion_delineations/human_expert/resampled/10221_1000225.nii.gz,human_expert_resampled,NO,False,0,train
10222,1000226,10222_1000226,images/10222/10222_1000226_t2w.mha,images/10222/10222_1000226_adc.mha,images/10222/10222_1000226_hbv.mha,/opt/data/private/lm/data/Prostate/PI-CAI/labels/csPCa_lesion_delineations/human_expert/resampled/10222_1000226.nii.gz,human_expert_resampled,NO,False,0,train
10223,1000227,10223_1000227,images/10223/10223_1000227_t2w.mha,images/10223/10223_1000227_adc.mha,images/10223/10223_1000227_hbv.mha,/opt/data/private/lm/data/Prostate/PI-CAI/labels/csPCa_lesion_delineations/human_expert/resampled/10223_1000227.nii.gz,human_expert_resampled,NO,False,0,val
10224,1000228,10224_1000228,images/10224/10224_1000228_t2w.mha,images/10224/10224_1000228_adc.mha,images/10224/10224_1000228_hbv.mha,/opt/data/private/lm/data/Prostate/PI-CAI/labels/csPCa_lesion_delineations/human_expert/resampled/10224_1000228.nii.gz,human_expert_resampled,NO,False,0,train
10225,1000229,10225_1000229,images/10225/10225_1000229_t2w.mha,images/10225/10225_1000229_adc.mha,images/10225/10225_1000229_hbv.mha,/opt/data/private/lm/data/Prostate/PI-CAI/labels/csPCa_lesion_delineations/human_expert/Pooch25/10225_1000229.nii.gz,human_expert_pooch25,YES,True,1,train
10226,1000230,10226_1000230,images/10226/10226_1000230_t2w.mha,images/10226/10226_1000230_adc.mha,images/10226/10226_1000230_hbv.mha,/opt/data/private/lm/data/Prostate/PI-CAI/labels/csPCa_lesion_delineations/human_expert/resampled/10226_1000230.nii.gz,human_expert_resampled,NO,False,0,train
10227,1000231,10227_1000231,images/10227/10227_1000231_t2w.mha,images/10227/10227_1000231_adc.mha,images/10227/10227_1000231_hbv.mha,/opt/data/private/lm/data/Prostate/PI-CAI/labels/csPCa_lesion_delineations/human_expert/resampled/10227_1000231.nii.gz,human_expert_resampled,NO,False,0,train
10228,1000232,10228_1000232,images/10228/10228_1000232_t2w.mha,images/10228/10228_1000232_adc.mha,images/10228/10228_1000232_hbv.mha,/opt/data/private/lm/data/Prostate/PI-CAI/labels/csPCa_lesion_delineations/human_expert/resampled/10228_1000232.nii.gz,human_expert_resampled,NO,False,0,val
10229,1000233,10229_1000233,images/10229/10229_1000233_t2w.mha,images/10229/10229_1000233_adc.mha,images/10229/10229_1000233_hbv.mha,/opt/data/private/lm/data/Prostate/PI-CAI/labels/csPCa_lesion_delineations/human_expert/Pooch25/10229_1000233.nii.gz,human_expert_pooch25,YES,True,1,train
10230,1000234,10230_1000234,images/10230/10230_1000234_t2w.mha,images/10230/10230_1000234_adc.mha,images/10230/10230_1000234_hbv.mha,/opt/data/private/lm/data/Prostate/PI-CAI/labels/csPCa_lesion_delineations/human_expert/resampled/10230_1000234.nii.gz,human_expert_resampled,NO,False,0,train
10231,1000235,10231_1000235,images/10231/10231_1000235_t2w.mha,images/10231/10231_1000235_adc.mha,images/10231/10231_1000235_hbv.mha,/opt/data/private/lm/data/Prostate/PI-CAI/labels/csPCa_lesion_delineations/human_expert/resampled/10231_1000235.nii.gz,human_expert_resampled,NO,False,0,val
10232,1000236,10232_1000236,images/10232/10232_1000236_t2w.mha,images/10232/10232_1000236_adc.mha,images/10232/10232_1000236_hbv.mha,/opt/data/private/lm/data/Prostate/PI-CAI/labels/csPCa_lesion_delineations/human_expert/Pooch25/10232_1000236.nii.gz,human_expert_pooch25,YES,True,1,train
10233,1000237,10233_1000237,images/10233/10233_1000237_t2w.mha,images/10233/10233_1000237_adc.mha,images/10233/10233_1000237_hbv.mha,/opt/data/private/lm/data/Prostate/PI-CAI/labels/csPCa_lesion_delineations/human_expert/resampled/10233_1000237.nii.gz,human_expert_resampled,YES,True,1,train
10234,1000238,10234_1000238,images/10234/10234_1000238_t2w.mha,images/10234/10234_1000238_adc.mha,images/10234/10234_1000238_hbv.mha,/opt/data/private/lm/data/Prostate/PI-CAI/labels/csPCa_lesion_delineations/human_expert/resampled/10234_1000238.nii.gz,human_expert_resampled,YES,True,1,train
10235,1000239,10235_1000239,images/10235/10235_1000239_t2w.mha,images/10235/10235_1000239_adc.mha,images/10235/10235_1000239_hbv.mha,/opt/data/private/lm/data/Prostate/PI-CAI/labels/csPCa_lesion_delineations/human_expert/Pooch25/10235_1000239.nii.gz,human_expert_pooch25,YES,True,1,train
10236,1000240,10236_1000240,images/10236/10236_1000240_t2w.mha,images/10236/10236_1000240_adc.mha,images/10236/10236_1000240_hbv.mha,/opt/data/private/lm/data/Prostate/PI-CAI/labels/csPCa_lesion_delineations/human_expert/Pooch25/10236_1000240.nii.gz,human_expert_pooch25,YES,True,1,train
10237,1000241,10237_1000241,images/10237/10237_1000241_t2w.mha,images/10237/10237_1000241_adc.mha,images/10237/10237_1000241_hbv.mha,/opt/data/private/lm/data/Prostate/PI-CAI/labels/csPCa_lesion_delineations/human_expert/resampled/10237_1000241.nii.gz,human_expert_resampled,NO,False,0,train
10238,1000242,10238_1000242,images/10238/10238_1000242_t2w.mha,images/10238/10238_1000242_adc.mha,images/10238/10238_1000242_hbv.mha,/opt/data/private/lm/data/Prostate/PI-CAI/labels/csPCa_lesion_delineations/human_expert/resampled/10238_1000242.nii.gz,human_expert_resampled,NO,False,0,val
10239,1000243,10239_1000243,images/10239/10239_1000243_t2w.mha,images/10239/10239_1000243_adc.mha,images/10239/10239_1000243_hbv.mha,/opt/data/private/lm/data/Prostate/PI-CAI/labels/csPCa_lesion_delineations/human_expert/resampled/10239_1000243.nii.gz,human_expert_resampled,NO,False,0,train
10240,1000244,10240_1000244,images/10240/10240_1000244_t2w.mha,images/10240/10240_1000244_adc.mha,images/10240/10240_1000244_hbv.mha,/opt/data/private/lm/data/Prostate/PI-CAI/labels/csPCa_lesion_delineations/human_expert/resampled/10240_1000244.nii.gz,human_expert_resampled,NO,False,0,train
10241,1000245,10241_1000245,images/10241/10241_1000245_t2w.mha,images/10241/10241_1000245_adc.mha,images/10241/10241_1000245_hbv.mha,/opt/data/private/lm/data/Prostate/PI-CAI/labels/csPCa_lesion_delineations/human_expert/resampled/10241_1000245.nii.gz,human_expert_resampled,YES,True,1,train
10242,1000246,10242_1000246,images/10242/10242_1000246_t2w.mha,images/10242/10242_1000246_adc.mha,images/10242/10242_1000246_hbv.mha,/opt/data/private/lm/data/Prostate/PI-CAI/labels/csPCa_lesion_delineations/human_expert/resampled/10242_1000246.nii.gz,human_expert_resampled,NO,False,0,val
10243,1000247,10243_1000247,images/10243/10243_1000247_t2w.mha,images/10243/10243_1000247_adc.mha,images/10243/10243_1000247_hbv.mha,/opt/data/private/lm/data/Prostate/PI-CAI/labels/csPCa_lesion_delineations/human_expert/resampled/10243_1000247.nii.gz,human_expert_resampled,NO,False,0,train
10244,1000248,10244_1000248,images/10244/10244_1000248_t2w.mha,images/10244/10244_1000248_adc.mha,images/10244/10244_1000248_hbv.mha,/opt/data/private/lm/data/Prostate/PI-CAI/labels/csPCa_lesion_delineations/human_expert/resampled/10244_1000248.nii.gz,human_expert_resampled,NO,False,0,val
10245,1000249,10245_1000249,images/10245/10245_1000249_t2w.mha,images/10245/10245_1000249_adc.mha,images/10245/10245_1000249_hbv.mha,/opt/data/private/lm/data/Prostate/PI-CAI/labels/csPCa_lesion_delineations/human_expert/resampled/10245_1000249.nii.gz,human_expert_resampled,NO,False,0,train
10246,1000250,10246_1000250,images/10246/10246_1000250_t2w.mha,images/10246/10246_1000250_adc.mha,images/10246/10246_1000250_hbv.mha,/opt/data/private/lm/data/Prostate/PI-CAI/labels/csPCa_lesion_delineations/human_expert/resampled/10246_1000250.nii.gz,human_expert_resampled,NO,False,0,train
10247,1000251,10247_1000251,images/10247/10247_1000251_t2w.mha,images/10247/10247_1000251_adc.mha,images/10247/10247_1000251_hbv.mha,/opt/data/private/lm/data/Prostate/PI-CAI/labels/csPCa_lesion_delineations/human_expert/resampled/10247_1000251.nii.gz,human_expert_resampled,NO,False,0,train
10248,1000252,10248_1000252,images/10248/10248_1000252_t2w.mha,images/10248/10248_1000252_adc.mha,images/10248/10248_1000252_hbv.mha,/opt/data/private/lm/data/Prostate/PI-CAI/labels/csPCa_lesion_delineations/human_expert/resampled/10248_1000252.nii.gz,human_expert_resampled,NO,False,0,val
10249,1000253,10249_1000253,images/10249/10249_1000253_t2w.mha,images/10249/10249_1000253_adc.mha,images/10249/10249_1000253_hbv.mha,/opt/data/private/lm/data/Prostate/PI-CAI/labels/csPCa_lesion_delineations/human_expert/resampled/10249_1000253.nii.gz,human_expert_resampled,NO,False,0,train
10250,1000254,10250_1000254,images/10250/10250_1000254_t2w.mha,images/10250/10250_1000254_adc.mha,images/10250/10250_1000254_hbv.mha,/opt/data/private/lm/data/Prostate/PI-CAI/labels/csPCa_lesion_delineations/human_expert/resampled/10250_1000254.nii.gz,human_expert_resampled,NO,False,0,train
10251,1000255,10251_1000255,images/10251/10251_1000255_t2w.mha,images/10251/10251_1000255_adc.mha,images/10251/10251_1000255_hbv.mha,/opt/data/private/lm/data/Prostate/PI-CAI/labels/csPCa_lesion_delineations/human_expert/resampled/10251_1000255.nii.gz,human_expert_resampled,NO,False,0,train
10252,1000256,10252_1000256,images/10252/10252_1000256_t2w.mha,images/10252/10252_1000256_adc.mha,images/10252/10252_1000256_hbv.mha,/opt/data/private/lm/data/Prostate/PI-CAI/labels/csPCa_lesion_delineations/human_expert/resampled/10252_1000256.nii.gz,human_expert_resampled,YES,True,1,train
10253,1000257,10253_1000257,images/10253/10253_1000257_t2w.mha,images/10253/10253_1000257_adc.mha,images/10253/10253_1000257_hbv.mha,/opt/data/private/lm/data/Prostate/PI-CAI/labels/csPCa_lesion_delineations/human_expert/resampled/10253_1000257.nii.gz,human_expert_resampled,NO,False,0,train
10254,1000258,10254_1000258,images/10254/10254_1000258_t2w.mha,images/10254/10254_1000258_adc.mha,images/10254/10254_1000258_hbv.mha,/opt/data/private/lm/data/Prostate/PI-CAI/labels/csPCa_lesion_delineations/human_expert/resampled/10254_1000258.nii.gz,human_expert_resampled,NO,False,0,train
10255,1000259,10255_1000259,images/10255/10255_1000259_t2w.mha,images/10255/10255_1000259_adc.mha,images/10255/10255_1000259_hbv.mha,/opt/data/private/lm/data/Prostate/PI-CAI/labels/csPCa_lesion_delineations/human_expert/resampled/10255_1000259.nii.gz,human_expert_resampled,NO,False,0,train
10256,1000260,10256_1000260,images/10256/10256_1000260_t2w.mha,images/10256/10256_1000260_adc.mha,images/10256/10256_1000260_hbv.mha,/opt/data/private/lm/data/Prostate/PI-CAI/labels/csPCa_lesion_delineations/human_expert/resampled/10256_1000260.nii.gz,human_expert_resampled,NO,False,0,train
10257,1000261,10257_1000261,images/10257/10257_1000261_t2w.mha,images/10257/10257_1000261_adc.mha,images/10257/10257_1000261_hbv.mha,/opt/data/private/lm/data/Prostate/PI-CAI/labels/csPCa_lesion_delineations/human_expert/resampled/10257_1000261.nii.gz,human_expert_resampled,YES,True,1,val
10258,1000262,10258_1000262,images/10258/10258_1000262_t2w.mha,images/10258/10258_1000262_adc.mha,images/10258/10258_1000262_hbv.mha,/opt/data/private/lm/data/Prostate/PI-CAI/labels/csPCa_lesion_delineations/human_expert/resampled/10258_1000262.nii.gz,human_expert_resampled,NO,False,0,train
10259,1000263,10259_1000263,images/10259/10259_1000263_t2w.mha,images/10259/10259_1000263_adc.mha,images/10259/10259_1000263_hbv.mha,/opt/data/private/lm/data/Prostate/PI-CAI/labels/csPCa_lesion_delineations/human_expert/resampled/10259_1000263.nii.gz,human_expert_resampled,NO,False,0,train
10260,1000264,10260_1000264,images/10260/10260_1000264_t2w.mha,images/10260/10260_1000264_adc.mha,images/10260/10260_1000264_hbv.mha,/opt/data/private/lm/data/Prostate/PI-CAI/labels/csPCa_lesion_delineations/human_expert/resampled/10260_1000264.nii.gz,human_expert_resampled,NO,False,0,train
10261,1000265,10261_1000265,images/10261/10261_1000265_t2w.mha,images/10261/10261_1000265_adc.mha,images/10261/10261_1000265_hbv.mha,/opt/data/private/lm/data/Prostate/PI-CAI/labels/csPCa_lesion_delineations/human_expert/resampled/10261_1000265.nii.gz,human_expert_resampled,NO,False,0,train
10262,1000266,10262_1000266,images/10262/10262_1000266_t2w.mha,images/10262/10262_1000266_adc.mha,images/10262/10262_1000266_hbv.mha,/opt/data/private/lm/data/Prostate/PI-CAI/labels/csPCa_lesion_delineations/human_expert/resampled/10262_1000266.nii.gz,human_expert_resampled,YES,True,1,train
10263,1000267,10263_1000267,images/10263/10263_1000267_t2w.mha,images/10263/10263_1000267_adc.mha,images/10263/10263_1000267_hbv.mha,/opt/data/private/lm/data/Prostate/PI-CAI/labels/csPCa_lesion_delineations/human_expert/resampled/10263_1000267.nii.gz,human_expert_resampled,NO,False,0,val
10264,1000268,10264_1000268,images/10264/10264_1000268_t2w.mha,images/10264/10264_1000268_adc.mha,images/10264/10264_1000268_hbv.mha,/opt/data/private/lm/data/Prostate/PI-CAI/labels/csPCa_lesion_delineations/human_expert/resampled/10264_1000268.nii.gz,human_expert_resampled,NO,False,0,train
10265,1000269,10265_1000269,images/10265/10265_1000269_t2w.mha,images/10265/10265_1000269_adc.mha,images/10265/10265_1000269_hbv.mha,/opt/data/private/lm/data/Prostate/PI-CAI/labels/csPCa_lesion_delineations/human_expert/resampled/10265_1000269.nii.gz,human_expert_resampled,NO,False,0,train
10266,1000270,10266_1000270,images/10266/10266_1000270_t2w.mha,images/10266/10266_1000270_adc.mha,images/10266/10266_1000270_hbv.mha,/opt/data/private/lm/data/Prostate/PI-CAI/labels/csPCa_lesion_delineations/human_expert/resampled/10266_1000270.nii.gz,human_expert_resampled,NO,False,0,val
10267,1000271,10267_1000271,images/10267/10267_1000271_t2w.mha,images/10267/10267_1000271_adc.mha,images/10267/10267_1000271_hbv.mha,/opt/data/private/lm/data/Prostate/PI-CAI/labels/csPCa_lesion_delineations/human_expert/resampled/10267_1000271.nii.gz,human_expert_resampled,NO,False,0,train
10268,1000272,10268_1000272,images/10268/10268_1000272_t2w.mha,images/10268/10268_1000272_adc.mha,images/10268/10268_1000272_hbv.mha,/opt/data/private/lm/data/Prostate/PI-CAI/labels/csPCa_lesion_delineations/human_expert/resampled/10268_1000272.nii.gz,human_expert_resampled,YES,True,2,train
10269,1000273,10269_1000273,images/10269/10269_1000273_t2w.mha,images/10269/10269_1000273_adc.mha,images/10269/10269_1000273_hbv.mha,/opt/data/private/lm/data/Prostate/PI-CAI/labels/csPCa_lesion_delineations/human_expert/resampled/10269_1000273.nii.gz,human_expert_resampled,NO,False,0,train
10270,1000274,10270_1000274,images/10270/10270_1000274_t2w.mha,images/10270/10270_1000274_adc.mha,images/10270/10270_1000274_hbv.mha,/opt/data/private/lm/data/Prostate/PI-CAI/labels/csPCa_lesion_delineations/human_expert/resampled/10270_1000274.nii.gz,human_expert_resampled,NO,False,0,train
10271,1000275,10271_1000275,images/10271/10271_1000275_t2w.mha,images/10271/10271_1000275_adc.mha,images/10271/10271_1000275_hbv.mha,/opt/data/private/lm/data/Prostate/PI-CAI/labels/csPCa_lesion_delineations/human_expert/Pooch25/10271_1000275.nii.gz,human_expert_pooch25,YES,True,1,train
10272,1000276,10272_1000276,images/10272/10272_1000276_t2w.mha,images/10272/10272_1000276_adc.mha,images/10272/10272_1000276_hbv.mha,/opt/data/private/lm/data/Prostate/PI-CAI/labels/csPCa_lesion_delineations/human_expert/resampled/10272_1000276.nii.gz,human_expert_resampled,NO,False,0,train
10273,1000277,10273_1000277,images/10273/10273_1000277_t2w.mha,images/10273/10273_1000277_adc.mha,images/10273/10273_1000277_hbv.mha,/opt/data/private/lm/data/Prostate/PI-CAI/labels/csPCa_lesion_delineations/human_expert/resampled/10273_1000277.nii.gz,human_expert_resampled,NO,False,0,train
10273,1000278,10273_1000278,images/10273/10273_1000278_t2w.mha,images/10273/10273_1000278_adc.mha,images/10273/10273_1000278_hbv.mha,/opt/data/private/lm/data/Prostate/PI-CAI/labels/csPCa_lesion_delineations/human_expert/Pooch25/10273_1000278.nii.gz,human_expert_pooch25,YES,True,1,train
10274,1000279,10274_1000279,images/10274/10274_1000279_t2w.mha,images/10274/10274_1000279_adc.mha,images/10274/10274_1000279_hbv.mha,/opt/data/private/lm/data/Prostate/PI-CAI/labels/csPCa_lesion_delineations/human_expert/resampled/10274_1000279.nii.gz,human_expert_resampled,YES,True,1,val
10275,1000280,10275_1000280,images/10275/10275_1000280_t2w.mha,images/10275/10275_1000280_adc.mha,images/10275/10275_1000280_hbv.mha,/opt/data/private/lm/data/Prostate/PI-CAI/labels/csPCa_lesion_delineations/human_expert/resampled/10275_1000280.nii.gz,human_expert_resampled,NO,False,0,train
10276,1000281,10276_1000281,images/10276/10276_1000281_t2w.mha,images/10276/10276_1000281_adc.mha,images/10276/10276_1000281_hbv.mha,/opt/data/private/lm/data/Prostate/PI-CAI/labels/csPCa_lesion_delineations/human_expert/resampled/10276_1000281.nii.gz,human_expert_resampled,NO,False,0,train
10277,1000282,10277_1000282,images/10277/10277_1000282_t2w.mha,images/10277/10277_1000282_adc.mha,images/10277/10277_1000282_hbv.mha,/opt/data/private/lm/data/Prostate/PI-CAI/labels/csPCa_lesion_delineations/human_expert/resampled/10277_1000282.nii.gz,human_expert_resampled,NO,False,0,train
10278,1000283,10278_1000283,images/10278/10278_1000283_t2w.mha,images/10278/10278_1000283_adc.mha,images/10278/10278_1000283_hbv.mha,/opt/data/private/lm/data/Prostate/PI-CAI/labels/csPCa_lesion_delineations/human_expert/resampled/10278_1000283.nii.gz,human_expert_resampled,NO,False,0,train
10279,1000284,10279_1000284,images/10279/10279_1000284_t2w.mha,images/10279/10279_1000284_adc.mha,images/10279/10279_1000284_hbv.mha,/opt/data/private/lm/data/Prostate/PI-CAI/labels/csPCa_lesion_delineations/human_expert/resampled/10279_1000284.nii.gz,human_expert_resampled,NO,False,0,train
10280,1000285,10280_1000285,images/10280/10280_1000285_t2w.mha,images/10280/10280_1000285_adc.mha,images/10280/10280_1000285_hbv.mha,/opt/data/private/lm/data/Prostate/PI-CAI/labels/csPCa_lesion_delineations/human_expert/Pooch25/10280_1000285.nii.gz,human_expert_pooch25,YES,True,1,val
10281,1000286,10281_1000286,images/10281/10281_1000286_t2w.mha,images/10281/10281_1000286_adc.mha,images/10281/10281_1000286_hbv.mha,/opt/data/private/lm/data/Prostate/PI-CAI/labels/csPCa_lesion_delineations/human_expert/resampled/10281_1000286.nii.gz,human_expert_resampled,NO,False,0,train
10281,1000287,10281_1000287,images/10281/10281_1000287_t2w.mha,images/10281/10281_1000287_adc.mha,images/10281/10281_1000287_hbv.mha,/opt/data/private/lm/data/Prostate/PI-CAI/labels/csPCa_lesion_delineations/human_expert/resampled/10281_1000287.nii.gz,human_expert_resampled,NO,False,0,train
10282,1000288,10282_1000288,images/10282/10282_1000288_t2w.mha,images/10282/10282_1000288_adc.mha,images/10282/10282_1000288_hbv.mha,/opt/data/private/lm/data/Prostate/PI-CAI/labels/csPCa_lesion_delineations/human_expert/Pooch25/10282_1000288.nii.gz,human_expert_pooch25,YES,True,1,train
10283,1000289,10283_1000289,images/10283/10283_1000289_t2w.mha,images/10283/10283_1000289_adc.mha,images/10283/10283_1000289_hbv.mha,/opt/data/private/lm/data/Prostate/PI-CAI/labels/csPCa_lesion_delineations/human_expert/Pooch25/10283_1000289.nii.gz,human_expert_pooch25,YES,True,1,train
10284,1000290,10284_1000290,images/10284/10284_1000290_t2w.mha,images/10284/10284_1000290_adc.mha,images/10284/10284_1000290_hbv.mha,/opt/data/private/lm/data/Prostate/PI-CAI/labels/csPCa_lesion_delineations/human_expert/resampled/10284_1000290.nii.gz,human_expert_resampled,NO,False,0,train
10285,1000291,10285_1000291,images/10285/10285_1000291_t2w.mha,images/10285/10285_1000291_adc.mha,images/10285/10285_1000291_hbv.mha,/opt/data/private/lm/data/Prostate/PI-CAI/labels/csPCa_lesion_delineations/human_expert/resampled/10285_1000291.nii.gz,human_expert_resampled,NO,False,0,val
10286,1000292,10286_1000292,images/10286/10286_1000292_t2w.mha,images/10286/10286_1000292_adc.mha,images/10286/10286_1000292_hbv.mha,/opt/data/private/lm/data/Prostate/PI-CAI/labels/csPCa_lesion_delineations/human_expert/resampled/10286_1000292.nii.gz,human_expert_resampled,NO,False,0,train
10287,1000293,10287_1000293,images/10287/10287_1000293_t2w.mha,images/10287/10287_1000293_adc.mha,images/10287/10287_1000293_hbv.mha,/opt/data/private/lm/data/Prostate/PI-CAI/labels/csPCa_lesion_delineations/human_expert/resampled/10287_1000293.nii.gz,human_expert_resampled,NO,False,0,train
10288,1000294,10288_1000294,images/10288/10288_1000294_t2w.mha,images/10288/10288_1000294_adc.mha,images/10288/10288_1000294_hbv.mha,/opt/data/private/lm/data/Prostate/PI-CAI/labels/csPCa_lesion_delineations/human_expert/resampled/10288_1000294.nii.gz,human_expert_resampled,NO,False,0,train
10289,1000295,10289_1000295,images/10289/10289_1000295_t2w.mha,images/10289/10289_1000295_adc.mha,images/10289/10289_1000295_hbv.mha,/opt/data/private/lm/data/Prostate/PI-CAI/labels/csPCa_lesion_delineations/human_expert/resampled/10289_1000295.nii.gz,human_expert_resampled,YES,True,1,val
10290,1000296,10290_1000296,images/10290/10290_1000296_t2w.mha,images/10290/10290_1000296_adc.mha,images/10290/10290_1000296_hbv.mha,/opt/data/private/lm/data/Prostate/PI-CAI/labels/csPCa_lesion_delineations/human_expert/resampled/10290_1000296.nii.gz,human_expert_resampled,NO,False,0,train
10291,1000297,10291_1000297,images/10291/10291_1000297_t2w.mha,images/10291/10291_1000297_adc.mha,images/10291/10291_1000297_hbv.mha,/opt/data/private/lm/data/Prostate/PI-CAI/labels/csPCa_lesion_delineations/human_expert/resampled/10291_1000297.nii.gz,human_expert_resampled,NO,False,0,val
10292,1000298,10292_1000298,images/10292/10292_1000298_t2w.mha,images/10292/10292_1000298_adc.mha,images/10292/10292_1000298_hbv.mha,/opt/data/private/lm/data/Prostate/PI-CAI/labels/csPCa_lesion_delineations/human_expert/resampled/10292_1000298.nii.gz,human_expert_resampled,NO,False,0,train
10293,1000299,10293_1000299,images/10293/10293_1000299_t2w.mha,images/10293/10293_1000299_adc.mha,images/10293/10293_1000299_hbv.mha,/opt/data/private/lm/data/Prostate/PI-CAI/labels/csPCa_lesion_delineations/human_expert/Pooch25/10293_1000299.nii.gz,human_expert_pooch25,YES,True,1,train
10294,1000300,10294_1000300,images/10294/10294_1000300_t2w.mha,images/10294/10294_1000300_adc.mha,images/10294/10294_1000300_hbv.mha,/opt/data/private/lm/data/Prostate/PI-CAI/labels/csPCa_lesion_delineations/human_expert/resampled/10294_1000300.nii.gz,human_expert_resampled,YES,True,1,train
10295,1000301,10295_1000301,images/10295/10295_1000301_t2w.mha,images/10295/10295_1000301_adc.mha,images/10295/10295_1000301_hbv.mha,/opt/data/private/lm/data/Prostate/PI-CAI/labels/csPCa_lesion_delineations/human_expert/resampled/10295_1000301.nii.gz,human_expert_resampled,NO,False,0,train
10296,1000302,10296_1000302,images/10296/10296_1000302_t2w.mha,images/10296/10296_1000302_adc.mha,images/10296/10296_1000302_hbv.mha,/opt/data/private/lm/data/Prostate/PI-CAI/labels/csPCa_lesion_delineations/human_expert/resampled/10296_1000302.nii.gz,human_expert_resampled,NO,False,0,train
10297,1000303,10297_1000303,images/10297/10297_1000303_t2w.mha,images/10297/10297_1000303_adc.mha,images/10297/10297_1000303_hbv.mha,/opt/data/private/lm/data/Prostate/PI-CAI/labels/csPCa_lesion_delineations/human_expert/resampled/10297_1000303.nii.gz,human_expert_resampled,NO,False,0,train
10298,1000304,10298_1000304,images/10298/10298_1000304_t2w.mha,images/10298/10298_1000304_adc.mha,images/10298/10298_1000304_hbv.mha,/opt/data/private/lm/data/Prostate/PI-CAI/labels/csPCa_lesion_delineations/human_expert/resampled/10298_1000304.nii.gz,human_expert_resampled,NO,False,0,train
10299,1000305,10299_1000305,images/10299/10299_1000305_t2w.mha,images/10299/10299_1000305_adc.mha,images/10299/10299_1000305_hbv.mha,/opt/data/private/lm/data/Prostate/PI-CAI/labels/csPCa_lesion_delineations/human_expert/resampled/10299_1000305.nii.gz,human_expert_resampled,NO,False,0,train
10300,1000306,10300_1000306,images/10300/10300_1000306_t2w.mha,images/10300/10300_1000306_adc.mha,images/10300/10300_1000306_hbv.mha,/opt/data/private/lm/data/Prostate/PI-CAI/labels/csPCa_lesion_delineations/human_expert/resampled/10300_1000306.nii.gz,human_expert_resampled,NO,False,0,val
10301,1000307,10301_1000307,images/10301/10301_1000307_t2w.mha,images/10301/10301_1000307_adc.mha,images/10301/10301_1000307_hbv.mha,/opt/data/private/lm/data/Prostate/PI-CAI/labels/csPCa_lesion_delineations/human_expert/resampled/10301_1000307.nii.gz,human_expert_resampled,NO,False,0,train
10302,1000308,10302_1000308,images/10302/10302_1000308_t2w.mha,images/10302/10302_1000308_adc.mha,images/10302/10302_1000308_hbv.mha,/opt/data/private/lm/data/Prostate/PI-CAI/labels/csPCa_lesion_delineations/human_expert/resampled/10302_1000308.nii.gz,human_expert_resampled,NO,False,0,train
10303,1000309,10303_1000309,images/10303/10303_1000309_t2w.mha,images/10303/10303_1000309_adc.mha,images/10303/10303_1000309_hbv.mha,/opt/data/private/lm/data/Prostate/PI-CAI/labels/csPCa_lesion_delineations/human_expert/resampled/10303_1000309.nii.gz,human_expert_resampled,NO,False,0,train
10304,1000310,10304_1000310,images/10304/10304_1000310_t2w.mha,images/10304/10304_1000310_adc.mha,images/10304/10304_1000310_hbv.mha,/opt/data/private/lm/data/Prostate/PI-CAI/labels/csPCa_lesion_delineations/human_expert/resampled/10304_1000310.nii.gz,human_expert_resampled,YES,True,1,train
10305,1000311,10305_1000311,images/10305/10305_1000311_t2w.mha,images/10305/10305_1000311_adc.mha,images/10305/10305_1000311_hbv.mha,/opt/data/private/lm/data/Prostate/PI-CAI/labels/csPCa_lesion_delineations/human_expert/resampled/10305_1000311.nii.gz,human_expert_resampled,NO,False,0,val
10306,1000312,10306_1000312,images/10306/10306_1000312_t2w.mha,images/10306/10306_1000312_adc.mha,images/10306/10306_1000312_hbv.mha,/opt/data/private/lm/data/Prostate/PI-CAI/labels/csPCa_lesion_delineations/human_expert/resampled/10306_1000312.nii.gz,human_expert_resampled,NO,False,0,train
10307,1000313,10307_1000313,images/10307/10307_1000313_t2w.mha,images/10307/10307_1000313_adc.mha,images/10307/10307_1000313_hbv.mha,/opt/data/private/lm/data/Prostate/PI-CAI/labels/csPCa_lesion_delineations/human_expert/resampled/10307_1000313.nii.gz,human_expert_resampled,NO,False,0,train
10308,1000314,10308_1000314,images/10308/10308_1000314_t2w.mha,images/10308/10308_1000314_adc.mha,images/10308/10308_1000314_hbv.mha,/opt/data/private/lm/data/Prostate/PI-CAI/labels/csPCa_lesion_delineations/human_expert/resampled/10308_1000314.nii.gz,human_expert_resampled,NO,False,0,val
10309,1000315,10309_1000315,images/10309/10309_1000315_t2w.mha,images/10309/10309_1000315_adc.mha,images/10309/10309_1000315_hbv.mha,/opt/data/private/lm/data/Prostate/PI-CAI/labels/csPCa_lesion_delineations/human_expert/resampled/10309_1000315.nii.gz,human_expert_resampled,NO,False,0,train
10310,1000316,10310_1000316,images/10310/10310_1000316_t2w.mha,images/10310/10310_1000316_adc.mha,images/10310/10310_1000316_hbv.mha,/opt/data/private/lm/data/Prostate/PI-CAI/labels/csPCa_lesion_delineations/human_expert/resampled/10310_1000316.nii.gz,human_expert_resampled,NO,False,0,train
10311,1000317,10311_1000317,images/10311/10311_1000317_t2w.mha,images/10311/10311_1000317_adc.mha,images/10311/10311_1000317_hbv.mha,/opt/data/private/lm/data/Prostate/PI-CAI/labels/csPCa_lesion_delineations/human_expert/resampled/10311_1000317.nii.gz,human_expert_resampled,NO,False,0,train
10312,1000318,10312_1000318,images/10312/10312_1000318_t2w.mha,images/10312/10312_1000318_adc.mha,images/10312/10312_1000318_hbv.mha,/opt/data/private/lm/data/Prostate/PI-CAI/labels/csPCa_lesion_delineations/human_expert/Pooch25/10312_1000318.nii.gz,human_expert_pooch25,YES,True,1,train
10313,1000319,10313_1000319,images/10313/10313_1000319_t2w.mha,images/10313/10313_1000319_adc.mha,images/10313/10313_1000319_hbv.mha,/opt/data/private/lm/data/Prostate/PI-CAI/labels/csPCa_lesion_delineations/human_expert/resampled/10313_1000319.nii.gz,human_expert_resampled,NO,False,0,train
10314,1000320,10314_1000320,images/10314/10314_1000320_t2w.mha,images/10314/10314_1000320_adc.mha,images/10314/10314_1000320_hbv.mha,/opt/data/private/lm/data/Prostate/PI-CAI/labels/csPCa_lesion_delineations/human_expert/resampled/10314_1000320.nii.gz,human_expert_resampled,NO,False,0,train
10315,1000321,10315_1000321,images/10315/10315_1000321_t2w.mha,images/10315/10315_1000321_adc.mha,images/10315/10315_1000321_hbv.mha,/opt/data/private/lm/data/Prostate/PI-CAI/labels/csPCa_lesion_delineations/human_expert/resampled/10315_1000321.nii.gz,human_expert_resampled,NO,False,0,val
10316,1000322,10316_1000322,images/10316/10316_1000322_t2w.mha,images/10316/10316_1000322_adc.mha,images/10316/10316_1000322_hbv.mha,/opt/data/private/lm/data/Prostate/PI-CAI/labels/csPCa_lesion_delineations/human_expert/resampled/10316_1000322.nii.gz,human_expert_resampled,NO,False,0,train
10317,1000323,10317_1000323,images/10317/10317_1000323_t2w.mha,images/10317/10317_1000323_adc.mha,images/10317/10317_1000323_hbv.mha,/opt/data/private/lm/data/Prostate/PI-CAI/labels/csPCa_lesion_delineations/human_expert/resampled/10317_1000323.nii.gz,human_expert_resampled,NO,False,0,train
10318,1000324,10318_1000324,images/10318/10318_1000324_t2w.mha,images/10318/10318_1000324_adc.mha,images/10318/10318_1000324_hbv.mha,/opt/data/private/lm/data/Prostate/PI-CAI/labels/csPCa_lesion_delineations/human_expert/Pooch25/10318_1000324.nii.gz,human_expert_pooch25,YES,True,1,train
10319,1000325,10319_1000325,images/10319/10319_1000325_t2w.mha,images/10319/10319_1000325_adc.mha,images/10319/10319_1000325_hbv.mha,/opt/data/private/lm/data/Prostate/PI-CAI/labels/csPCa_lesion_delineations/human_expert/resampled/10319_1000325.nii.gz,human_expert_resampled,NO,False,0,train
10320,1000326,10320_1000326,images/10320/10320_1000326_t2w.mha,images/10320/10320_1000326_adc.mha,images/10320/10320_1000326_hbv.mha,/opt/data/private/lm/data/Prostate/PI-CAI/labels/csPCa_lesion_delineations/human_expert/resampled/10320_1000326.nii.gz,human_expert_resampled,NO,False,0,val
10321,1000327,10321_1000327,images/10321/10321_1000327_t2w.mha,images/10321/10321_1000327_adc.mha,images/10321/10321_1000327_hbv.mha,/opt/data/private/lm/data/Prostate/PI-CAI/labels/csPCa_lesion_delineations/human_expert/resampled/10321_1000327.nii.gz,human_expert_resampled,NO,False,0,train
10322,1000328,10322_1000328,images/10322/10322_1000328_t2w.mha,images/10322/10322_1000328_adc.mha,images/10322/10322_1000328_hbv.mha,/opt/data/private/lm/data/Prostate/PI-CAI/labels/csPCa_lesion_delineations/human_expert/resampled/10322_1000328.nii.gz,human_expert_resampled,YES,True,1,train
10323,1000329,10323_1000329,images/10323/10323_1000329_t2w.mha,images/10323/10323_1000329_adc.mha,images/10323/10323_1000329_hbv.mha,/opt/data/private/lm/data/Prostate/PI-CAI/labels/csPCa_lesion_delineations/human_expert/resampled/10323_1000329.nii.gz,human_expert_resampled,NO,False,0,train
10324,1000330,10324_1000330,images/10324/10324_1000330_t2w.mha,images/10324/10324_1000330_adc.mha,images/10324/10324_1000330_hbv.mha,/opt/data/private/lm/data/Prostate/PI-CAI/labels/csPCa_lesion_delineations/human_expert/Pooch25/10324_1000330.nii.gz,human_expert_pooch25,YES,True,1,train
10325,1000331,10325_1000331,images/10325/10325_1000331_t2w.mha,images/10325/10325_1000331_adc.mha,images/10325/10325_1000331_hbv.mha,/opt/data/private/lm/data/Prostate/PI-CAI/labels/csPCa_lesion_delineations/human_expert/resampled/10325_1000331.nii.gz,human_expert_resampled,NO,False,0,val
10326,1000332,10326_1000332,images/10326/10326_1000332_t2w.mha,images/10326/10326_1000332_adc.mha,images/10326/10326_1000332_hbv.mha,/opt/data/private/lm/data/Prostate/PI-CAI/labels/csPCa_lesion_delineations/human_expert/resampled/10326_1000332.nii.gz,human_expert_resampled,NO,False,0,train
10327,1000333,10327_1000333,images/10327/10327_1000333_t2w.mha,images/10327/10327_1000333_adc.mha,images/10327/10327_1000333_hbv.mha,/opt/data/private/lm/data/Prostate/PI-CAI/labels/csPCa_lesion_delineations/human_expert/resampled/10327_1000333.nii.gz,human_expert_resampled,NO,False,0,train
10328,1000334,10328_1000334,images/10328/10328_1000334_t2w.mha,images/10328/10328_1000334_adc.mha,images/10328/10328_1000334_hbv.mha,/opt/data/private/lm/data/Prostate/PI-CAI/labels/csPCa_lesion_delineations/human_expert/resampled/10328_1000334.nii.gz,human_expert_resampled,NO,False,0,train
10329,1000335,10329_1000335,images/10329/10329_1000335_t2w.mha,images/10329/10329_1000335_adc.mha,images/10329/10329_1000335_hbv.mha,/opt/data/private/lm/data/Prostate/PI-CAI/labels/csPCa_lesion_delineations/human_expert/resampled/10329_1000335.nii.gz,human_expert_resampled,YES,True,1,val
10330,1000336,10330_1000336,images/10330/10330_1000336_t2w.mha,images/10330/10330_1000336_adc.mha,images/10330/10330_1000336_hbv.mha,/opt/data/private/lm/data/Prostate/PI-CAI/labels/csPCa_lesion_delineations/human_expert/resampled/10330_1000336.nii.gz,human_expert_resampled,NO,False,0,train
10331,1000337,10331_1000337,images/10331/10331_1000337_t2w.mha,images/10331/10331_1000337_adc.mha,images/10331/10331_1000337_hbv.mha,/opt/data/private/lm/data/Prostate/PI-CAI/labels/csPCa_lesion_delineations/human_expert/resampled/10331_1000337.nii.gz,human_expert_resampled,NO,False,0,train
10332,1000338,10332_1000338,images/10332/10332_1000338_t2w.mha,images/10332/10332_1000338_adc.mha,images/10332/10332_1000338_hbv.mha,/opt/data/private/lm/data/Prostate/PI-CAI/labels/csPCa_lesion_delineations/human_expert/resampled/10332_1000338.nii.gz,human_expert_resampled,NO,False,0,train
10333,1000339,10333_1000339,images/10333/10333_1000339_t2w.mha,images/10333/10333_1000339_adc.mha,images/10333/10333_1000339_hbv.mha,/opt/data/private/lm/data/Prostate/PI-CAI/labels/csPCa_lesion_delineations/human_expert/resampled/10333_1000339.nii.gz,human_expert_resampled,NO,False,0,train
10334,1000340,10334_1000340,images/10334/10334_1000340_t2w.mha,images/10334/10334_1000340_adc.mha,images/10334/10334_1000340_hbv.mha,/opt/data/private/lm/data/Prostate/PI-CAI/labels/csPCa_lesion_delineations/human_expert/Pooch25/10334_1000340.nii.gz,human_expert_pooch25,YES,True,1,train
10335,1000341,10335_1000341,images/10335/10335_1000341_t2w.mha,images/10335/10335_1000341_adc.mha,images/10335/10335_1000341_hbv.mha,/opt/data/private/lm/data/Prostate/PI-CAI/labels/csPCa_lesion_delineations/human_expert/resampled/10335_1000341.nii.gz,human_expert_resampled,NO,False,0,train
10336,1000342,10336_1000342,images/10336/10336_1000342_t2w.mha,images/10336/10336_1000342_adc.mha,images/10336/10336_1000342_hbv.mha,/opt/data/private/lm/data/Prostate/PI-CAI/labels/csPCa_lesion_delineations/human_expert/resampled/10336_1000342.nii.gz,human_expert_resampled,NO,False,0,val
10337,1000343,10337_1000343,images/10337/10337_1000343_t2w.mha,images/10337/10337_1000343_adc.mha,images/10337/10337_1000343_hbv.mha,/opt/data/private/lm/data/Prostate/PI-CAI/labels/csPCa_lesion_delineations/human_expert/resampled/10337_1000343.nii.gz,human_expert_resampled,NO,False,0,train
10338,1000344,10338_1000344,images/10338/10338_1000344_t2w.mha,images/10338/10338_1000344_adc.mha,images/10338/10338_1000344_hbv.mha,/opt/data/private/lm/data/Prostate/PI-CAI/labels/csPCa_lesion_delineations/human_expert/resampled/10338_1000344.nii.gz,human_expert_resampled,YES,True,1,train
10339,1000345,10339_1000345,images/10339/10339_1000345_t2w.mha,images/10339/10339_1000345_adc.mha,images/10339/10339_1000345_hbv.mha,/opt/data/private/lm/data/Prostate/PI-CAI/labels/csPCa_lesion_delineations/human_expert/resampled/10339_1000345.nii.gz,human_expert_resampled,YES,True,1,val
10340,1000346,10340_1000346,images/10340/10340_1000346_t2w.mha,images/10340/10340_1000346_adc.mha,images/10340/10340_1000346_hbv.mha,/opt/data/private/lm/data/Prostate/PI-CAI/labels/csPCa_lesion_delineations/human_expert/resampled/10340_1000346.nii.gz,human_expert_resampled,YES,True,1,train
10341,1000347,10341_1000347,images/10341/10341_1000347_t2w.mha,images/10341/10341_1000347_adc.mha,images/10341/10341_1000347_hbv.mha,/opt/data/private/lm/data/Prostate/PI-CAI/labels/csPCa_lesion_delineations/human_expert/resampled/10341_1000347.nii.gz,human_expert_resampled,NO,False,0,train
10342,1000348,10342_1000348,images/10342/10342_1000348_t2w.mha,images/10342/10342_1000348_adc.mha,images/10342/10342_1000348_hbv.mha,/opt/data/private/lm/data/Prostate/PI-CAI/labels/csPCa_lesion_delineations/human_expert/resampled/10342_1000348.nii.gz,human_expert_resampled,YES,True,1,train
10343,1000349,10343_1000349,images/10343/10343_1000349_t2w.mha,images/10343/10343_1000349_adc.mha,images/10343/10343_1000349_hbv.mha,/opt/data/private/lm/data/Prostate/PI-CAI/labels/csPCa_lesion_delineations/human_expert/resampled/10343_1000349.nii.gz,human_expert_resampled,NO,False,0,train
10344,1000350,10344_1000350,images/10344/10344_1000350_t2w.mha,images/10344/10344_1000350_adc.mha,images/10344/10344_1000350_hbv.mha,/opt/data/private/lm/data/Prostate/PI-CAI/labels/csPCa_lesion_delineations/human_expert/resampled/10344_1000350.nii.gz,human_expert_resampled,NO,False,0,val
10345,1000351,10345_1000351,images/10345/10345_1000351_t2w.mha,images/10345/10345_1000351_adc.mha,images/10345/10345_1000351_hbv.mha,/opt/data/private/lm/data/Prostate/PI-CAI/labels/csPCa_lesion_delineations/human_expert/resampled/10345_1000351.nii.gz,human_expert_resampled,NO,False,0,train
10346,1000352,10346_1000352,images/10346/10346_1000352_t2w.mha,images/10346/10346_1000352_adc.mha,images/10346/10346_1000352_hbv.mha,/opt/data/private/lm/data/Prostate/PI-CAI/labels/csPCa_lesion_delineations/human_expert/resampled/10346_1000352.nii.gz,human_expert_resampled,NO,False,0,train
10347,1000353,10347_1000353,images/10347/10347_1000353_t2w.mha,images/10347/10347_1000353_adc.mha,images/10347/10347_1000353_hbv.mha,/opt/data/private/lm/data/Prostate/PI-CAI/labels/csPCa_lesion_delineations/human_expert/resampled/10347_1000353.nii.gz,human_expert_resampled,NO,False,0,train
10348,1000354,10348_1000354,images/10348/10348_1000354_t2w.mha,images/10348/10348_1000354_adc.mha,images/10348/10348_1000354_hbv.mha,/opt/data/private/lm/data/Prostate/PI-CAI/labels/csPCa_lesion_delineations/human_expert/resampled/10348_1000354.nii.gz,human_expert_resampled,NO,False,0,train
10349,1000355,10349_1000355,images/10349/10349_1000355_t2w.mha,images/10349/10349_1000355_adc.mha,images/10349/10349_1000355_hbv.mha,/opt/data/private/lm/data/Prostate/PI-CAI/labels/csPCa_lesion_delineations/human_expert/resampled/10349_1000355.nii.gz,human_expert_resampled,NO,False,0,train
10350,1000356,10350_1000356,images/10350/10350_1000356_t2w.mha,images/10350/10350_1000356_adc.mha,images/10350/10350_1000356_hbv.mha,/opt/data/private/lm/data/Prostate/PI-CAI/labels/csPCa_lesion_delineations/human_expert/resampled/10350_1000356.nii.gz,human_expert_resampled,YES,True,1,train
10351,1000357,10351_1000357,images/10351/10351_1000357_t2w.mha,images/10351/10351_1000357_adc.mha,images/10351/10351_1000357_hbv.mha,/opt/data/private/lm/data/Prostate/PI-CAI/labels/csPCa_lesion_delineations/human_expert/resampled/10351_1000357.nii.gz,human_expert_resampled,NO,False,0,val
10352,1000358,10352_1000358,images/10352/10352_1000358_t2w.mha,images/10352/10352_1000358_adc.mha,images/10352/10352_1000358_hbv.mha,/opt/data/private/lm/data/Prostate/PI-CAI/labels/csPCa_lesion_delineations/human_expert/resampled/10352_1000358.nii.gz,human_expert_resampled,NO,False,0,train
10353,1000359,10353_1000359,images/10353/10353_1000359_t2w.mha,images/10353/10353_1000359_adc.mha,images/10353/10353_1000359_hbv.mha,/opt/data/private/lm/data/Prostate/PI-CAI/labels/csPCa_lesion_delineations/human_expert/resampled/10353_1000359.nii.gz,human_expert_resampled,NO,False,0,train
10354,1000360,10354_1000360,images/10354/10354_1000360_t2w.mha,images/10354/10354_1000360_adc.mha,images/10354/10354_1000360_hbv.mha,/opt/data/private/lm/data/Prostate/PI-CAI/labels/csPCa_lesion_delineations/human_expert/Pooch25/10354_1000360.nii.gz,human_expert_pooch25,YES,True,1,train
10355,1000361,10355_1000361,images/10355/10355_1000361_t2w.mha,images/10355/10355_1000361_adc.mha,images/10355/10355_1000361_hbv.mha,/opt/data/private/lm/data/Prostate/PI-CAI/labels/csPCa_lesion_delineations/human_expert/resampled/10355_1000361.nii.gz,human_expert_resampled,YES,True,1,val
10356,1000362,10356_1000362,images/10356/10356_1000362_t2w.mha,images/10356/10356_1000362_adc.mha,images/10356/10356_1000362_hbv.mha,/opt/data/private/lm/data/Prostate/PI-CAI/labels/csPCa_lesion_delineations/human_expert/resampled/10356_1000362.nii.gz,human_expert_resampled,NO,False,0,train
10357,1000363,10357_1000363,images/10357/10357_1000363_t2w.mha,images/10357/10357_1000363_adc.mha,images/10357/10357_1000363_hbv.mha,/opt/data/private/lm/data/Prostate/PI-CAI/labels/csPCa_lesion_delineations/human_expert/resampled/10357_1000363.nii.gz,human_expert_resampled,NO,False,0,train
10358,1000364,10358_1000364,images/10358/10358_1000364_t2w.mha,images/10358/10358_1000364_adc.mha,images/10358/10358_1000364_hbv.mha,/opt/data/private/lm/data/Prostate/PI-CAI/labels/csPCa_lesion_delineations/human_expert/Pooch25/10358_1000364.nii.gz,human_expert_pooch25,YES,True,1,train
10359,1000365,10359_1000365,images/10359/10359_1000365_t2w.mha,images/10359/10359_1000365_adc.mha,images/10359/10359_1000365_hbv.mha,/opt/data/private/lm/data/Prostate/PI-CAI/labels/csPCa_lesion_delineations/human_expert/resampled/10359_1000365.nii.gz,human_expert_resampled,NO,False,0,train
10360,1000366,10360_1000366,images/10360/10360_1000366_t2w.mha,images/10360/10360_1000366_adc.mha,images/10360/10360_1000366_hbv.mha,/opt/data/private/lm/data/Prostate/PI-CAI/labels/csPCa_lesion_delineations/human_expert/resampled/10360_1000366.nii.gz,human_expert_resampled,NO,False,0,train
10361,1000367,10361_1000367,images/10361/10361_1000367_t2w.mha,images/10361/10361_1000367_adc.mha,images/10361/10361_1000367_hbv.mha,/opt/data/private/lm/data/Prostate/PI-CAI/labels/csPCa_lesion_delineations/human_expert/resampled/10361_1000367.nii.gz,human_expert_resampled,NO,False,0,val
10362,1000368,10362_1000368,images/10362/10362_1000368_t2w.mha,images/10362/10362_1000368_adc.mha,images/10362/10362_1000368_hbv.mha,/opt/data/private/lm/data/Prostate/PI-CAI/labels/csPCa_lesion_delineations/human_expert/resampled/10362_1000368.nii.gz,human_expert_resampled,NO,False,0,train
10363,1000369,10363_1000369,images/10363/10363_1000369_t2w.mha,images/10363/10363_1000369_adc.mha,images/10363/10363_1000369_hbv.mha,/opt/data/private/lm/data/Prostate/PI-CAI/labels/csPCa_lesion_delineations/human_expert/resampled/10363_1000369.nii.gz,human_expert_resampled,NO,False,0,val
10364,1000370,10364_1000370,images/10364/10364_1000370_t2w.mha,images/10364/10364_1000370_adc.mha,images/10364/10364_1000370_hbv.mha,/opt/data/private/lm/data/Prostate/PI-CAI/labels/csPCa_lesion_delineations/human_expert/resampled/10364_1000370.nii.gz,human_expert_resampled,NO,False,0,train
10365,1000371,10365_1000371,images/10365/10365_1000371_t2w.mha,images/10365/10365_1000371_adc.mha,images/10365/10365_1000371_hbv.mha,/opt/data/private/lm/data/Prostate/PI-CAI/labels/csPCa_lesion_delineations/human_expert/Pooch25/10365_1000371.nii.gz,human_expert_pooch25,YES,True,1,train
10366,1000372,10366_1000372,images/10366/10366_1000372_t2w.mha,images/10366/10366_1000372_adc.mha,images/10366/10366_1000372_hbv.mha,/opt/data/private/lm/data/Prostate/PI-CAI/labels/csPCa_lesion_delineations/human_expert/resampled/10366_1000372.nii.gz,human_expert_resampled,NO,False,0,train
10367,1000373,10367_1000373,images/10367/10367_1000373_t2w.mha,images/10367/10367_1000373_adc.mha,images/10367/10367_1000373_hbv.mha,/opt/data/private/lm/data/Prostate/PI-CAI/labels/csPCa_lesion_delineations/human_expert/resampled/10367_1000373.nii.gz,human_expert_resampled,NO,False,0,val
10368,1000374,10368_1000374,images/10368/10368_1000374_t2w.mha,images/10368/10368_1000374_adc.mha,images/10368/10368_1000374_hbv.mha,/opt/data/private/lm/data/Prostate/PI-CAI/labels/csPCa_lesion_delineations/human_expert/resampled/10368_1000374.nii.gz,human_expert_resampled,YES,True,1,train
10369,1000375,10369_1000375,images/10369/10369_1000375_t2w.mha,images/10369/10369_1000375_adc.mha,images/10369/10369_1000375_hbv.mha,/opt/data/private/lm/data/Prostate/PI-CAI/labels/csPCa_lesion_delineations/human_expert/Pooch25/10369_1000375.nii.gz,human_expert_pooch25,YES,True,1,train
10370,1000376,10370_1000376,images/10370/10370_1000376_t2w.mha,images/10370/10370_1000376_adc.mha,images/10370/10370_1000376_hbv.mha,/opt/data/private/lm/data/Prostate/PI-CAI/labels/csPCa_lesion_delineations/human_expert/resampled/10370_1000376.nii.gz,human_expert_resampled,NO,False,0,train
10371,1000377,10371_1000377,images/10371/10371_1000377_t2w.mha,images/10371/10371_1000377_adc.mha,images/10371/10371_1000377_hbv.mha,/opt/data/private/lm/data/Prostate/PI-CAI/labels/csPCa_lesion_delineations/human_expert/Pooch25/10371_1000377.nii.gz,human_expert_pooch25,YES,True,1,train
10372,1000378,10372_1000378,images/10372/10372_1000378_t2w.mha,images/10372/10372_1000378_adc.mha,images/10372/10372_1000378_hbv.mha,/opt/data/private/lm/data/Prostate/PI-CAI/labels/csPCa_lesion_delineations/human_expert/resampled/10372_1000378.nii.gz,human_expert_resampled,YES,True,2,val
10373,1000379,10373_1000379,images/10373/10373_1000379_t2w.mha,images/10373/10373_1000379_adc.mha,images/10373/10373_1000379_hbv.mha,/opt/data/private/lm/data/Prostate/PI-CAI/labels/csPCa_lesion_delineations/human_expert/resampled/10373_1000379.nii.gz,human_expert_resampled,NO,False,0,train
10374,1000380,10374_1000380,images/10374/10374_1000380_t2w.mha,images/10374/10374_1000380_adc.mha,images/10374/10374_1000380_hbv.mha,/opt/data/private/lm/data/Prostate/PI-CAI/labels/csPCa_lesion_delineations/human_expert/resampled/10374_1000380.nii.gz,human_expert_resampled,NO,False,0,train
10375,1000381,10375_1000381,images/10375/10375_1000381_t2w.mha,images/10375/10375_1000381_adc.mha,images/10375/10375_1000381_hbv.mha,/opt/data/private/lm/data/Prostate/PI-CAI/labels/csPCa_lesion_delineations/human_expert/Pooch25/10375_1000381.nii.gz,human_expert_pooch25,YES,True,3,train
10376,1000382,10376_1000382,images/10376/10376_1000382_t2w.mha,images/10376/10376_1000382_adc.mha,images/10376/10376_1000382_hbv.mha,/opt/data/private/lm/data/Prostate/PI-CAI/labels/csPCa_lesion_delineations/human_expert/Pooch25/10376_1000382.nii.gz,human_expert_pooch25,YES,True,1,train
10377,1000383,10377_1000383,images/10377/10377_1000383_t2w.mha,images/10377/10377_1000383_adc.mha,images/10377/10377_1000383_hbv.mha,/opt/data/private/lm/data/Prostate/PI-CAI/labels/csPCa_lesion_delineations/human_expert/Pooch25/10377_1000383.nii.gz,human_expert_pooch25,YES,True,1,val
10378,1000384,10378_1000384,images/10378/10378_1000384_t2w.mha,images/10378/10378_1000384_adc.mha,images/10378/10378_1000384_hbv.mha,/opt/data/private/lm/data/Prostate/PI-CAI/labels/csPCa_lesion_delineations/human_expert/resampled/10378_1000384.nii.gz,human_expert_resampled,NO,False,0,train
10379,1000385,10379_1000385,images/10379/10379_1000385_t2w.mha,images/10379/10379_1000385_adc.mha,images/10379/10379_1000385_hbv.mha,/opt/data/private/lm/data/Prostate/PI-CAI/labels/csPCa_lesion_delineations/human_expert/resampled/10379_1000385.nii.gz,human_expert_resampled,NO,False,0,train
10380,1000386,10380_1000386,images/10380/10380_1000386_t2w.mha,images/10380/10380_1000386_adc.mha,images/10380/10380_1000386_hbv.mha,/opt/data/private/lm/data/Prostate/PI-CAI/labels/csPCa_lesion_delineations/human_expert/resampled/10380_1000386.nii.gz,human_expert_resampled,YES,True,1,val
10381,1000387,10381_1000387,images/10381/10381_1000387_t2w.mha,images/10381/10381_1000387_adc.mha,images/10381/10381_1000387_hbv.mha,/opt/data/private/lm/data/Prostate/PI-CAI/labels/csPCa_lesion_delineations/human_expert/resampled/10381_1000387.nii.gz,human_expert_resampled,NO,False,0,train
10382,1000388,10382_1000388,images/10382/10382_1000388_t2w.mha,images/10382/10382_1000388_adc.mha,images/10382/10382_1000388_hbv.mha,/opt/data/private/lm/data/Prostate/PI-CAI/labels/csPCa_lesion_delineations/human_expert/resampled/10382_1000388.nii.gz,human_expert_resampled,NO,False,0,train
10383,1000389,10383_1000389,images/10383/10383_1000389_t2w.mha,images/10383/10383_1000389_adc.mha,images/10383/10383_1000389_hbv.mha,/opt/data/private/lm/data/Prostate/PI-CAI/labels/csPCa_lesion_delineations/human_expert/resampled/10383_1000389.nii.gz,human_expert_resampled,YES,True,2,train
10384,1000390,10384_1000390,images/10384/10384_1000390_t2w.mha,images/10384/10384_1000390_adc.mha,images/10384/10384_1000390_hbv.mha,/opt/data/private/lm/data/Prostate/PI-CAI/labels/csPCa_lesion_delineations/human_expert/resampled/10384_1000390.nii.gz,human_expert_resampled,NO,False,0,train
10385,1000391,10385_1000391,images/10385/10385_1000391_t2w.mha,images/10385/10385_1000391_adc.mha,images/10385/10385_1000391_hbv.mha,/opt/data/private/lm/data/Prostate/PI-CAI/labels/csPCa_lesion_delineations/human_expert/resampled/10385_1000391.nii.gz,human_expert_resampled,NO,False,0,train
10386,1000392,10386_1000392,images/10386/10386_1000392_t2w.mha,images/10386/10386_1000392_adc.mha,images/10386/10386_1000392_hbv.mha,/opt/data/private/lm/data/Prostate/PI-CAI/labels/csPCa_lesion_delineations/human_expert/resampled/10386_1000392.nii.gz,human_expert_resampled,NO,False,0,train
10387,1000393,10387_1000393,images/10387/10387_1000393_t2w.mha,images/10387/10387_1000393_adc.mha,images/10387/10387_1000393_hbv.mha,/opt/data/private/lm/data/Prostate/PI-CAI/labels/csPCa_lesion_delineations/human_expert/resampled/10387_1000393.nii.gz,human_expert_resampled,NO,False,0,val
10388,1000394,10388_1000394,images/10388/10388_1000394_t2w.mha,images/10388/10388_1000394_adc.mha,images/10388/10388_1000394_hbv.mha,/opt/data/private/lm/data/Prostate/PI-CAI/labels/csPCa_lesion_delineations/human_expert/resampled/10388_1000394.nii.gz,human_expert_resampled,NO,False,0,train
10389,1000395,10389_1000395,images/10389/10389_1000395_t2w.mha,images/10389/10389_1000395_adc.mha,images/10389/10389_1000395_hbv.mha,/opt/data/private/lm/data/Prostate/PI-CAI/labels/csPCa_lesion_delineations/human_expert/resampled/10389_1000395.nii.gz,human_expert_resampled,NO,False,0,train
10390,1000396,10390_1000396,images/10390/10390_1000396_t2w.mha,images/10390/10390_1000396_adc.mha,images/10390/10390_1000396_hbv.mha,/opt/data/private/lm/data/Prostate/PI-CAI/labels/csPCa_lesion_delineations/human_expert/resampled/10390_1000396.nii.gz,human_expert_resampled,YES,True,1,train
10391,1000397,10391_1000397,images/10391/10391_1000397_t2w.mha,images/10391/10391_1000397_adc.mha,images/10391/10391_1000397_hbv.mha,/opt/data/private/lm/data/Prostate/PI-CAI/labels/csPCa_lesion_delineations/human_expert/resampled/10391_1000397.nii.gz,human_expert_resampled,NO,False,0,train
10392,1000398,10392_1000398,images/10392/10392_1000398_t2w.mha,images/10392/10392_1000398_adc.mha,images/10392/10392_1000398_hbv.mha,/opt/data/private/lm/data/Prostate/PI-CAI/labels/csPCa_lesion_delineations/human_expert/resampled/10392_1000398.nii.gz,human_expert_resampled,YES,True,1,val
10393,1000399,10393_1000399,images/10393/10393_1000399_t2w.mha,images/10393/10393_1000399_adc.mha,images/10393/10393_1000399_hbv.mha,/opt/data/private/lm/data/Prostate/PI-CAI/labels/csPCa_lesion_delineations/human_expert/Pooch25/10393_1000399.nii.gz,human_expert_pooch25,YES,True,2,train
10394,1000400,10394_1000400,images/10394/10394_1000400_t2w.mha,images/10394/10394_1000400_adc.mha,images/10394/10394_1000400_hbv.mha,/opt/data/private/lm/data/Prostate/PI-CAI/labels/csPCa_lesion_delineations/human_expert/resampled/10394_1000400.nii.gz,human_expert_resampled,NO,False,0,train
10395,1000401,10395_1000401,images/10395/10395_1000401_t2w.mha,images/10395/10395_1000401_adc.mha,images/10395/10395_1000401_hbv.mha,/opt/data/private/lm/data/Prostate/PI-CAI/labels/csPCa_lesion_delineations/human_expert/resampled/10395_1000401.nii.gz,human_expert_resampled,NO,False,0,val
10396,1000402,10396_1000402,images/10396/10396_1000402_t2w.mha,images/10396/10396_1000402_adc.mha,images/10396/10396_1000402_hbv.mha,/opt/data/private/lm/data/Prostate/PI-CAI/labels/csPCa_lesion_delineations/human_expert/resampled/10396_1000402.nii.gz,human_expert_resampled,NO,False,0,train
10397,1000403,10397_1000403,images/10397/10397_1000403_t2w.mha,images/10397/10397_1000403_adc.mha,images/10397/10397_1000403_hbv.mha,/opt/data/private/lm/data/Prostate/PI-CAI/labels/csPCa_lesion_delineations/human_expert/Pooch25/10397_1000403.nii.gz,human_expert_pooch25,YES,True,1,train
10398,1000404,10398_1000404,images/10398/10398_1000404_t2w.mha,images/10398/10398_1000404_adc.mha,images/10398/10398_1000404_hbv.mha,/opt/data/private/lm/data/Prostate/PI-CAI/labels/csPCa_lesion_delineations/human_expert/resampled/10398_1000404.nii.gz,human_expert_resampled,YES,True,1,train
10399,1000405,10399_1000405,images/10399/10399_1000405_t2w.mha,images/10399/10399_1000405_adc.mha,images/10399/10399_1000405_hbv.mha,/opt/data/private/lm/data/Prostate/PI-CAI/labels/csPCa_lesion_delineations/human_expert/Pooch25/10399_1000405.nii.gz,human_expert_pooch25,YES,True,1,train
10400,1000406,10400_1000406,images/10400/10400_1000406_t2w.mha,images/10400/10400_1000406_adc.mha,images/10400/10400_1000406_hbv.mha,/opt/data/private/lm/data/Prostate/PI-CAI/labels/csPCa_lesion_delineations/human_expert/Pooch25/10400_1000406.nii.gz,human_expert_pooch25,YES,True,1,train
10401,1000407,10401_1000407,images/10401/10401_1000407_t2w.mha,images/10401/10401_1000407_adc.mha,images/10401/10401_1000407_hbv.mha,/opt/data/private/lm/data/Prostate/PI-CAI/labels/csPCa_lesion_delineations/human_expert/resampled/10401_1000407.nii.gz,human_expert_resampled,NO,False,0,train
10402,1000408,10402_1000408,images/10402/10402_1000408_t2w.mha,images/10402/10402_1000408_adc.mha,images/10402/10402_1000408_hbv.mha,/opt/data/private/lm/data/Prostate/PI-CAI/labels/csPCa_lesion_delineations/human_expert/Pooch25/10402_1000408.nii.gz,human_expert_pooch25,YES,True,1,val
10403,1000409,10403_1000409,images/10403/10403_1000409_t2w.mha,images/10403/10403_1000409_adc.mha,images/10403/10403_1000409_hbv.mha,/opt/data/private/lm/data/Prostate/PI-CAI/labels/csPCa_lesion_delineations/human_expert/resampled/10403_1000409.nii.gz,human_expert_resampled,NO,False,0,train
10404,1000410,10404_1000410,images/10404/10404_1000410_t2w.mha,images/10404/10404_1000410_adc.mha,images/10404/10404_1000410_hbv.mha,/opt/data/private/lm/data/Prostate/PI-CAI/labels/csPCa_lesion_delineations/human_expert/resampled/10404_1000410.nii.gz,human_expert_resampled,NO,False,0,train
10404,1000411,10404_1000411,images/10404/10404_1000411_t2w.mha,images/10404/10404_1000411_adc.mha,images/10404/10404_1000411_hbv.mha,/opt/data/private/lm/data/Prostate/PI-CAI/labels/csPCa_lesion_delineations/human_expert/resampled/10404_1000411.nii.gz,human_expert_resampled,NO,False,0,train
10405,1000412,10405_1000412,images/10405/10405_1000412_t2w.mha,images/10405/10405_1000412_adc.mha,images/10405/10405_1000412_hbv.mha,/opt/data/private/lm/data/Prostate/PI-CAI/labels/csPCa_lesion_delineations/human_expert/resampled/10405_1000412.nii.gz,human_expert_resampled,YES,True,1,train
10406,1000413,10406_1000413,images/10406/10406_1000413_t2w.mha,images/10406/10406_1000413_adc.mha,images/10406/10406_1000413_hbv.mha,/opt/data/private/lm/data/Prostate/PI-CAI/labels/csPCa_lesion_delineations/human_expert/resampled/10406_1000413.nii.gz,human_expert_resampled,NO,False,0,val
10407,1000414,10407_1000414,images/10407/10407_1000414_t2w.mha,images/10407/10407_1000414_adc.mha,images/10407/10407_1000414_hbv.mha,/opt/data/private/lm/data/Prostate/PI-CAI/labels/csPCa_lesion_delineations/human_expert/resampled/10407_1000414.nii.gz,human_expert_resampled,NO,False,0,train
10408,1000415,10408_1000415,images/10408/10408_1000415_t2w.mha,images/10408/10408_1000415_adc.mha,images/10408/10408_1000415_hbv.mha,/opt/data/private/lm/data/Prostate/PI-CAI/labels/csPCa_lesion_delineations/human_expert/Pooch25/10408_1000415.nii.gz,human_expert_pooch25,YES,True,1,train
10409,1000416,10409_1000416,images/10409/10409_1000416_t2w.mha,images/10409/10409_1000416_adc.mha,images/10409/10409_1000416_hbv.mha,/opt/data/private/lm/data/Prostate/PI-CAI/labels/csPCa_lesion_delineations/human_expert/resampled/10409_1000416.nii.gz,human_expert_resampled,NO,False,0,train
10410,1000417,10410_1000417,images/10410/10410_1000417_t2w.mha,images/10410/10410_1000417_adc.mha,images/10410/10410_1000417_hbv.mha,/opt/data/private/lm/data/Prostate/PI-CAI/labels/csPCa_lesion_delineations/human_expert/resampled/10410_1000417.nii.gz,human_expert_resampled,NO,False,0,train
10411,1000418,10411_1000418,images/10411/10411_1000418_t2w.mha,images/10411/10411_1000418_adc.mha,images/10411/10411_1000418_hbv.mha,/opt/data/private/lm/data/Prostate/PI-CAI/labels/csPCa_lesion_delineations/human_expert/resampled/10411_1000418.nii.gz,human_expert_resampled,NO,False,0,train
10412,1000419,10412_1000419,images/10412/10412_1000419_t2w.mha,images/10412/10412_1000419_adc.mha,images/10412/10412_1000419_hbv.mha,/opt/data/private/lm/data/Prostate/PI-CAI/labels/csPCa_lesion_delineations/human_expert/resampled/10412_1000419.nii.gz,human_expert_resampled,NO,False,0,val
10413,1000420,10413_1000420,images/10413/10413_1000420_t2w.mha,images/10413/10413_1000420_adc.mha,images/10413/10413_1000420_hbv.mha,/opt/data/private/lm/data/Prostate/PI-CAI/labels/csPCa_lesion_delineations/human_expert/resampled/10413_1000420.nii.gz,human_expert_resampled,NO,False,0,train
10414,1000421,10414_1000421,images/10414/10414_1000421_t2w.mha,images/10414/10414_1000421_adc.mha,images/10414/10414_1000421_hbv.mha,/opt/data/private/lm/data/Prostate/PI-CAI/labels/csPCa_lesion_delineations/human_expert/resampled/10414_1000421.nii.gz,human_expert_resampled,NO,False,0,train
10415,1000422,10415_1000422,images/10415/10415_1000422_t2w.mha,images/10415/10415_1000422_adc.mha,images/10415/10415_1000422_hbv.mha,/opt/data/private/lm/data/Prostate/PI-CAI/labels/csPCa_lesion_delineations/human_expert/resampled/10415_1000422.nii.gz,human_expert_resampled,NO,False,0,train
10416,1000423,10416_1000423,images/10416/10416_1000423_t2w.mha,images/10416/10416_1000423_adc.mha,images/10416/10416_1000423_hbv.mha,/opt/data/private/lm/data/Prostate/PI-CAI/labels/csPCa_lesion_delineations/human_expert/resampled/10416_1000423.nii.gz,human_expert_resampled,NO,False,0,val
10417,1000424,10417_1000424,images/10417/10417_1000424_t2w.mha,images/10417/10417_1000424_adc.mha,images/10417/10417_1000424_hbv.mha,/opt/data/private/lm/data/Prostate/PI-CAI/labels/csPCa_lesion_delineations/human_expert/resampled/10417_1000424.nii.gz,human_expert_resampled,NO,False,0,train
10417,1000425,10417_1000425,images/10417/10417_1000425_t2w.mha,images/10417/10417_1000425_adc.mha,images/10417/10417_1000425_hbv.mha,/opt/data/private/lm/data/Prostate/PI-CAI/labels/csPCa_lesion_delineations/human_expert/resampled/10417_1000425.nii.gz,human_expert_resampled,NO,False,0,train
10418,1000426,10418_1000426,images/10418/10418_1000426_t2w.mha,images/10418/10418_1000426_adc.mha,images/10418/10418_1000426_hbv.mha,/opt/data/private/lm/data/Prostate/PI-CAI/labels/csPCa_lesion_delineations/human_expert/resampled/10418_1000426.nii.gz,human_expert_resampled,YES,True,1,train
10419,1000427,10419_1000427,images/10419/10419_1000427_t2w.mha,images/10419/10419_1000427_adc.mha,images/10419/10419_1000427_hbv.mha,/opt/data/private/lm/data/Prostate/PI-CAI/labels/csPCa_lesion_delineations/human_expert/resampled/10419_1000427.nii.gz,human_expert_resampled,NO,False,0,train
10420,1000428,10420_1000428,images/10420/10420_1000428_t2w.mha,images/10420/10420_1000428_adc.mha,images/10420/10420_1000428_hbv.mha,/opt/data/private/lm/data/Prostate/PI-CAI/labels/csPCa_lesion_delineations/human_expert/resampled/10420_1000428.nii.gz,human_expert_resampled,NO,False,0,train
10421,1000429,10421_1000429,images/10421/10421_1000429_t2w.mha,images/10421/10421_1000429_adc.mha,images/10421/10421_1000429_hbv.mha,/opt/data/private/lm/data/Prostate/PI-CAI/labels/csPCa_lesion_delineations/human_expert/resampled/10421_1000429.nii.gz,human_expert_resampled,NO,False,0,train
10422,1000430,10422_1000430,images/10422/10422_1000430_t2w.mha,images/10422/10422_1000430_adc.mha,images/10422/10422_1000430_hbv.mha,/opt/data/private/lm/data/Prostate/PI-CAI/labels/csPCa_lesion_delineations/human_expert/resampled/10422_1000430.nii.gz,human_expert_resampled,NO,False,0,val
10423,1000431,10423_1000431,images/10423/10423_1000431_t2w.mha,images/10423/10423_1000431_adc.mha,images/10423/10423_1000431_hbv.mha,/opt/data/private/lm/data/Prostate/PI-CAI/labels/csPCa_lesion_delineations/human_expert/resampled/10423_1000431.nii.gz,human_expert_resampled,NO,False,0,train
10424,1000432,10424_1000432,images/10424/10424_1000432_t2w.mha,images/10424/10424_1000432_adc.mha,images/10424/10424_1000432_hbv.mha,/opt/data/private/lm/data/Prostate/PI-CAI/labels/csPCa_lesion_delineations/human_expert/resampled/10424_1000432.nii.gz,human_expert_resampled,YES,True,1,val
10425,1000433,10425_1000433,images/10425/10425_1000433_t2w.mha,images/10425/10425_1000433_adc.mha,images/10425/10425_1000433_hbv.mha,/opt/data/private/lm/data/Prostate/PI-CAI/labels/csPCa_lesion_delineations/human_expert/resampled/10425_1000433.nii.gz,human_expert_resampled,NO,False,0,train
10426,1000434,10426_1000434,images/10426/10426_1000434_t2w.mha,images/10426/10426_1000434_adc.mha,images/10426/10426_1000434_hbv.mha,/opt/data/private/lm/data/Prostate/PI-CAI/labels/csPCa_lesion_delineations/human_expert/Pooch25/10426_1000434.nii.gz,human_expert_pooch25,YES,True,1,train
10427,1000435,10427_1000435,images/10427/10427_1000435_t2w.mha,images/10427/10427_1000435_adc.mha,images/10427/10427_1000435_hbv.mha,/opt/data/private/lm/data/Prostate/PI-CAI/labels/csPCa_lesion_delineations/human_expert/resampled/10427_1000435.nii.gz,human_expert_resampled,NO,False,0,train
10428,1000436,10428_1000436,images/10428/10428_1000436_t2w.mha,images/10428/10428_1000436_adc.mha,images/10428/10428_1000436_hbv.mha,/opt/data/private/lm/data/Prostate/PI-CAI/labels/csPCa_lesion_delineations/human_expert/resampled/10428_1000436.nii.gz,human_expert_resampled,NO,False,0,train
10429,1000437,10429_1000437,images/10429/10429_1000437_t2w.mha,images/10429/10429_1000437_adc.mha,images/10429/10429_1000437_hbv.mha,/opt/data/private/lm/data/Prostate/PI-CAI/labels/csPCa_lesion_delineations/human_expert/resampled/10429_1000437.nii.gz,human_expert_resampled,NO,False,0,train
10430,1000438,10430_1000438,images/10430/10430_1000438_t2w.mha,images/10430/10430_1000438_adc.mha,images/10430/10430_1000438_hbv.mha,/opt/data/private/lm/data/Prostate/PI-CAI/labels/csPCa_lesion_delineations/human_expert/resampled/10430_1000438.nii.gz,human_expert_resampled,NO,False,0,train
10431,1000439,10431_1000439,images/10431/10431_1000439_t2w.mha,images/10431/10431_1000439_adc.mha,images/10431/10431_1000439_hbv.mha,/opt/data/private/lm/data/Prostate/PI-CAI/labels/csPCa_lesion_delineations/human_expert/Pooch25/10431_1000439.nii.gz,human_expert_pooch25,YES,True,1,train
10432,1000440,10432_1000440,images/10432/10432_1000440_t2w.mha,images/10432/10432_1000440_adc.mha,images/10432/10432_1000440_hbv.mha,/opt/data/private/lm/data/Prostate/PI-CAI/labels/csPCa_lesion_delineations/human_expert/resampled/10432_1000440.nii.gz,human_expert_resampled,NO,False,0,val
10433,1000441,10433_1000441,images/10433/10433_1000441_t2w.mha,images/10433/10433_1000441_adc.mha,images/10433/10433_1000441_hbv.mha,/opt/data/private/lm/data/Prostate/PI-CAI/labels/csPCa_lesion_delineations/human_expert/Pooch25/10433_1000441.nii.gz,human_expert_pooch25,YES,True,1,train
10434,1000442,10434_1000442,images/10434/10434_1000442_t2w.mha,images/10434/10434_1000442_adc.mha,images/10434/10434_1000442_hbv.mha,/opt/data/private/lm/data/Prostate/PI-CAI/labels/csPCa_lesion_delineations/human_expert/resampled/10434_1000442.nii.gz,human_expert_resampled,YES,True,2,train
10435,1000443,10435_1000443,images/10435/10435_1000443_t2w.mha,images/10435/10435_1000443_adc.mha,images/10435/10435_1000443_hbv.mha,/opt/data/private/lm/data/Prostate/PI-CAI/labels/csPCa_lesion_delineations/human_expert/resampled/10435_1000443.nii.gz,human_expert_resampled,NO,False,0,train
10436,1000444,10436_1000444,images/10436/10436_1000444_t2w.mha,images/10436/10436_1000444_adc.mha,images/10436/10436_1000444_hbv.mha,/opt/data/private/lm/data/Prostate/PI-CAI/labels/csPCa_lesion_delineations/human_expert/resampled/10436_1000444.nii.gz,human_expert_resampled,NO,False,0,train
10437,1000445,10437_1000445,images/10437/10437_1000445_t2w.mha,images/10437/10437_1000445_adc.mha,images/10437/10437_1000445_hbv.mha,/opt/data/private/lm/data/Prostate/PI-CAI/labels/csPCa_lesion_delineations/human_expert/resampled/10437_1000445.nii.gz,human_expert_resampled,NO,False,0,train
10438,1000446,10438_1000446,images/10438/10438_1000446_t2w.mha,images/10438/10438_1000446_adc.mha,images/10438/10438_1000446_hbv.mha,/opt/data/private/lm/data/Prostate/PI-CAI/labels/csPCa_lesion_delineations/human_expert/resampled/10438_1000446.nii.gz,human_expert_resampled,NO,False,0,val
10439,1000447,10439_1000447,images/10439/10439_1000447_t2w.mha,images/10439/10439_1000447_adc.mha,images/10439/10439_1000447_hbv.mha,/opt/data/private/lm/data/Prostate/PI-CAI/labels/csPCa_lesion_delineations/human_expert/resampled/10439_1000447.nii.gz,human_expert_resampled,NO,False,0,train
10440,1000448,10440_1000448,images/10440/10440_1000448_t2w.mha,images/10440/10440_1000448_adc.mha,images/10440/10440_1000448_hbv.mha,/opt/data/private/lm/data/Prostate/PI-CAI/labels/csPCa_lesion_delineations/human_expert/resampled/10440_1000448.nii.gz,human_expert_resampled,NO,False,0,train
10441,1000449,10441_1000449,images/10441/10441_1000449_t2w.mha,images/10441/10441_1000449_adc.mha,images/10441/10441_1000449_hbv.mha,/opt/data/private/lm/data/Prostate/PI-CAI/labels/csPCa_lesion_delineations/human_expert/resampled/10441_1000449.nii.gz,human_expert_resampled,NO,False,0,train
10442,1000450,10442_1000450,images/10442/10442_1000450_t2w.mha,images/10442/10442_1000450_adc.mha,images/10442/10442_1000450_hbv.mha,/opt/data/private/lm/data/Prostate/PI-CAI/labels/csPCa_lesion_delineations/human_expert/resampled/10442_1000450.nii.gz,human_expert_resampled,YES,True,1,train
10443,1000451,10443_1000451,images/10443/10443_1000451_t2w.mha,images/10443/10443_1000451_adc.mha,images/10443/10443_1000451_hbv.mha,/opt/data/private/lm/data/Prostate/PI-CAI/labels/csPCa_lesion_delineations/human_expert/resampled/10443_1000451.nii.gz,human_expert_resampled,NO,False,0,train
10444,1000452,10444_1000452,images/10444/10444_1000452_t2w.mha,images/10444/10444_1000452_adc.mha,images/10444/10444_1000452_hbv.mha,/opt/data/private/lm/data/Prostate/PI-CAI/labels/csPCa_lesion_delineations/human_expert/resampled/10444_1000452.nii.gz,human_expert_resampled,NO,False,0,val
10445,1000453,10445_1000453,images/10445/10445_1000453_t2w.mha,images/10445/10445_1000453_adc.mha,images/10445/10445_1000453_hbv.mha,/opt/data/private/lm/data/Prostate/PI-CAI/labels/csPCa_lesion_delineations/human_expert/resampled/10445_1000453.nii.gz,human_expert_resampled,NO,False,0,train
10446,1000454,10446_1000454,images/10446/10446_1000454_t2w.mha,images/10446/10446_1000454_adc.mha,images/10446/10446_1000454_hbv.mha,/opt/data/private/lm/data/Prostate/PI-CAI/labels/csPCa_lesion_delineations/human_expert/resampled/10446_1000454.nii.gz,human_expert_resampled,NO,False,0,train
10447,1000455,10447_1000455,images/10447/10447_1000455_t2w.mha,images/10447/10447_1000455_adc.mha,images/10447/10447_1000455_hbv.mha,/opt/data/private/lm/data/Prostate/PI-CAI/labels/csPCa_lesion_delineations/human_expert/resampled/10447_1000455.nii.gz,human_expert_resampled,NO,False,0,train
10448,1000456,10448_1000456,images/10448/10448_1000456_t2w.mha,images/10448/10448_1000456_adc.mha,images/10448/10448_1000456_hbv.mha,/opt/data/private/lm/data/Prostate/PI-CAI/labels/csPCa_lesion_delineations/human_expert/resampled/10448_1000456.nii.gz,human_expert_resampled,NO,False,0,train
10449,1000457,10449_1000457,images/10449/10449_1000457_t2w.mha,images/10449/10449_1000457_adc.mha,images/10449/10449_1000457_hbv.mha,/opt/data/private/lm/data/Prostate/PI-CAI/labels/csPCa_lesion_delineations/human_expert/resampled/10449_1000457.nii.gz,human_expert_resampled,NO,False,0,train
10450,1000458,10450_1000458,images/10450/10450_1000458_t2w.mha,images/10450/10450_1000458_adc.mha,images/10450/10450_1000458_hbv.mha,/opt/data/private/lm/data/Prostate/PI-CAI/labels/csPCa_lesion_delineations/human_expert/resampled/10450_1000458.nii.gz,human_expert_resampled,NO,False,0,val
10451,1000459,10451_1000459,images/10451/10451_1000459_t2w.mha,images/10451/10451_1000459_adc.mha,images/10451/10451_1000459_hbv.mha,/opt/data/private/lm/data/Prostate/PI-CAI/labels/csPCa_lesion_delineations/human_expert/resampled/10451_1000459.nii.gz,human_expert_resampled,YES,True,1,train
10452,1000460,10452_1000460,images/10452/10452_1000460_t2w.mha,images/10452/10452_1000460_adc.mha,images/10452/10452_1000460_hbv.mha,/opt/data/private/lm/data/Prostate/PI-CAI/labels/csPCa_lesion_delineations/human_expert/resampled/10452_1000460.nii.gz,human_expert_resampled,NO,False,0,val
10453,1000461,10453_1000461,images/10453/10453_1000461_t2w.mha,images/10453/10453_1000461_adc.mha,images/10453/10453_1000461_hbv.mha,/opt/data/private/lm/data/Prostate/PI-CAI/labels/csPCa_lesion_delineations/human_expert/resampled/10453_1000461.nii.gz,human_expert_resampled,NO,False,0,train
10454,1000462,10454_1000462,images/10454/10454_1000462_t2w.mha,images/10454/10454_1000462_adc.mha,images/10454/10454_1000462_hbv.mha,/opt/data/private/lm/data/Prostate/PI-CAI/labels/csPCa_lesion_delineations/human_expert/resampled/10454_1000462.nii.gz,human_expert_resampled,NO,False,0,train
10455,1000463,10455_1000463,images/10455/10455_1000463_t2w.mha,images/10455/10455_1000463_adc.mha,images/10455/10455_1000463_hbv.mha,/opt/data/private/lm/data/Prostate/PI-CAI/labels/csPCa_lesion_delineations/human_expert/resampled/10455_1000463.nii.gz,human_expert_resampled,NO,False,0,train
10456,1000464,10456_1000464,images/10456/10456_1000464_t2w.mha,images/10456/10456_1000464_adc.mha,images/10456/10456_1000464_hbv.mha,/opt/data/private/lm/data/Prostate/PI-CAI/labels/csPCa_lesion_delineations/human_expert/Pooch25/10456_1000464.nii.gz,human_expert_pooch25,YES,True,1,train
10457,1000465,10457_1000465,images/10457/10457_1000465_t2w.mha,images/10457/10457_1000465_adc.mha,images/10457/10457_1000465_hbv.mha,/opt/data/private/lm/data/Prostate/PI-CAI/labels/csPCa_lesion_delineations/human_expert/resampled/10457_1000465.nii.gz,human_expert_resampled,NO,False,0,train
10458,1000466,10458_1000466,images/10458/10458_1000466_t2w.mha,images/10458/10458_1000466_adc.mha,images/10458/10458_1000466_hbv.mha,/opt/data/private/lm/data/Prostate/PI-CAI/labels/csPCa_lesion_delineations/human_expert/Pooch25/10458_1000466.nii.gz,human_expert_pooch25,YES,True,3,train
10459,1000467,10459_1000467,images/10459/10459_1000467_t2w.mha,images/10459/10459_1000467_adc.mha,images/10459/10459_1000467_hbv.mha,/opt/data/private/lm/data/Prostate/PI-CAI/labels/csPCa_lesion_delineations/human_expert/Pooch25/10459_1000467.nii.gz,human_expert_pooch25,YES,True,1,train
10460,1000468,10460_1000468,images/10460/10460_1000468_t2w.mha,images/10460/10460_1000468_adc.mha,images/10460/10460_1000468_hbv.mha,/opt/data/private/lm/data/Prostate/PI-CAI/labels/csPCa_lesion_delineations/human_expert/resampled/10460_1000468.nii.gz,human_expert_resampled,NO,False,0,val
10461,1000469,10461_1000469,images/10461/10461_1000469_t2w.mha,images/10461/10461_1000469_adc.mha,images/10461/10461_1000469_hbv.mha,/opt/data/private/lm/data/Prostate/PI-CAI/labels/csPCa_lesion_delineations/human_expert/resampled/10461_1000469.nii.gz,human_expert_resampled,NO,False,0,train
10462,1000470,10462_1000470,images/10462/10462_1000470_t2w.mha,images/10462/10462_1000470_adc.mha,images/10462/10462_1000470_hbv.mha,/opt/data/private/lm/data/Prostate/PI-CAI/labels/csPCa_lesion_delineations/human_expert/resampled/10462_1000470.nii.gz,human_expert_resampled,NO,False,0,train
10463,1000471,10463_1000471,images/10463/10463_1000471_t2w.mha,images/10463/10463_1000471_adc.mha,images/10463/10463_1000471_hbv.mha,/opt/data/private/lm/data/Prostate/PI-CAI/labels/csPCa_lesion_delineations/human_expert/resampled/10463_1000471.nii.gz,human_expert_resampled,YES,True,1,train
10464,1000472,10464_1000472,images/10464/10464_1000472_t2w.mha,images/10464/10464_1000472_adc.mha,images/10464/10464_1000472_hbv.mha,/opt/data/private/lm/data/Prostate/PI-CAI/labels/csPCa_lesion_delineations/human_expert/Pooch25/10464_1000472.nii.gz,human_expert_pooch25,YES,True,1,train
10465,1000473,10465_1000473,images/10465/10465_1000473_t2w.mha,images/10465/10465_1000473_adc.mha,images/10465/10465_1000473_hbv.mha,/opt/data/private/lm/data/Prostate/PI-CAI/labels/csPCa_lesion_delineations/human_expert/Pooch25/10465_1000473.nii.gz,human_expert_pooch25,YES,True,2,val
10466,1000474,10466_1000474,images/10466/10466_1000474_t2w.mha,images/10466/10466_1000474_adc.mha,images/10466/10466_1000474_hbv.mha,/opt/data/private/lm/data/Prostate/PI-CAI/labels/csPCa_lesion_delineations/human_expert/resampled/10466_1000474.nii.gz,human_expert_resampled,NO,False,0,train
10467,1000475,10467_1000475,images/10467/10467_1000475_t2w.mha,images/10467/10467_1000475_adc.mha,images/10467/10467_1000475_hbv.mha,/opt/data/private/lm/data/Prostate/PI-CAI/labels/csPCa_lesion_delineations/human_expert/resampled/10467_1000475.nii.gz,human_expert_resampled,NO,False,0,train
10468,1000476,10468_1000476,images/10468/10468_1000476_t2w.mha,images/10468/10468_1000476_adc.mha,images/10468/10468_1000476_hbv.mha,/opt/data/private/lm/data/Prostate/PI-CAI/labels/csPCa_lesion_delineations/human_expert/resampled/10468_1000476.nii.gz,human_expert_resampled,NO,False,0,train
10469,1000477,10469_1000477,images/10469/10469_1000477_t2w.mha,images/10469/10469_1000477_adc.mha,images/10469/10469_1000477_hbv.mha,/opt/data/private/lm/data/Prostate/PI-CAI/labels/csPCa_lesion_delineations/human_expert/resampled/10469_1000477.nii.gz,human_expert_resampled,NO,False,0,train
10470,1000478,10470_1000478,images/10470/10470_1000478_t2w.mha,images/10470/10470_1000478_adc.mha,images/10470/10470_1000478_hbv.mha,/opt/data/private/lm/data/Prostate/PI-CAI/labels/csPCa_lesion_delineations/human_expert/resampled/10470_1000478.nii.gz,human_expert_resampled,NO,False,0,val
10471,1000479,10471_1000479,images/10471/10471_1000479_t2w.mha,images/10471/10471_1000479_adc.mha,images/10471/10471_1000479_hbv.mha,/opt/data/private/lm/data/Prostate/PI-CAI/labels/csPCa_lesion_delineations/human_expert/Pooch25/10471_1000479.nii.gz,human_expert_pooch25,YES,True,2,train
10472,1000480,10472_1000480,images/10472/10472_1000480_t2w.mha,images/10472/10472_1000480_adc.mha,images/10472/10472_1000480_hbv.mha,/opt/data/private/lm/data/Prostate/PI-CAI/labels/csPCa_lesion_delineations/human_expert/resampled/10472_1000480.nii.gz,human_expert_resampled,NO,False,0,train
10473,1000481,10473_1000481,images/10473/10473_1000481_t2w.mha,images/10473/10473_1000481_adc.mha,images/10473/10473_1000481_hbv.mha,/opt/data/private/lm/data/Prostate/PI-CAI/labels/csPCa_lesion_delineations/human_expert/resampled/10473_1000481.nii.gz,human_expert_resampled,YES,True,1,train
10474,1000482,10474_1000482,images/10474/10474_1000482_t2w.mha,images/10474/10474_1000482_adc.mha,images/10474/10474_1000482_hbv.mha,/opt/data/private/lm/data/Prostate/PI-CAI/labels/csPCa_lesion_delineations/human_expert/resampled/10474_1000482.nii.gz,human_expert_resampled,NO,False,0,train
10475,1000483,10475_1000483,images/10475/10475_1000483_t2w.mha,images/10475/10475_1000483_adc.mha,images/10475/10475_1000483_hbv.mha,/opt/data/private/lm/data/Prostate/PI-CAI/labels/csPCa_lesion_delineations/human_expert/resampled/10475_1000483.nii.gz,human_expert_resampled,NO,False,0,val
10476,1000484,10476_1000484,images/10476/10476_1000484_t2w.mha,images/10476/10476_1000484_adc.mha,images/10476/10476_1000484_hbv.mha,/opt/data/private/lm/data/Prostate/PI-CAI/labels/csPCa_lesion_delineations/human_expert/resampled/10476_1000484.nii.gz,human_expert_resampled,NO,False,0,train
10477,1000485,10477_1000485,images/10477/10477_1000485_t2w.mha,images/10477/10477_1000485_adc.mha,images/10477/10477_1000485_hbv.mha,/opt/data/private/lm/data/Prostate/PI-CAI/labels/csPCa_lesion_delineations/human_expert/resampled/10477_1000485.nii.gz,human_expert_resampled,NO,False,0,train
10478,1000486,10478_1000486,images/10478/10478_1000486_t2w.mha,images/10478/10478_1000486_adc.mha,images/10478/10478_1000486_hbv.mha,/opt/data/private/lm/data/Prostate/PI-CAI/labels/csPCa_lesion_delineations/human_expert/resampled/10478_1000486.nii.gz,human_expert_resampled,NO,False,0,train
10479,1000487,10479_1000487,images/10479/10479_1000487_t2w.mha,images/10479/10479_1000487_adc.mha,images/10479/10479_1000487_hbv.mha,/opt/data/private/lm/data/Prostate/PI-CAI/labels/csPCa_lesion_delineations/human_expert/resampled/10479_1000487.nii.gz,human_expert_resampled,NO,False,0,train
10480,1000488,10480_1000488,images/10480/10480_1000488_t2w.mha,images/10480/10480_1000488_adc.mha,images/10480/10480_1000488_hbv.mha,/opt/data/private/lm/data/Prostate/PI-CAI/labels/csPCa_lesion_delineations/human_expert/resampled/10480_1000488.nii.gz,human_expert_resampled,NO,False,0,val
10481,1000489,10481_1000489,images/10481/10481_1000489_t2w.mha,images/10481/10481_1000489_adc.mha,images/10481/10481_1000489_hbv.mha,/opt/data/private/lm/data/Prostate/PI-CAI/labels/csPCa_lesion_delineations/human_expert/Pooch25/10481_1000489.nii.gz,human_expert_pooch25,YES,True,1,val
10482,1000490,10482_1000490,images/10482/10482_1000490_t2w.mha,images/10482/10482_1000490_adc.mha,images/10482/10482_1000490_hbv.mha,/opt/data/private/lm/data/Prostate/PI-CAI/labels/csPCa_lesion_delineations/human_expert/resampled/10482_1000490.nii.gz,human_expert_resampled,YES,True,1,val
10483,1000491,10483_1000491,images/10483/10483_1000491_t2w.mha,images/10483/10483_1000491_adc.mha,images/10483/10483_1000491_hbv.mha,/opt/data/private/lm/data/Prostate/PI-CAI/labels/csPCa_lesion_delineations/human_expert/resampled/10483_1000491.nii.gz,human_expert_resampled,NO,False,0,train
10484,1000492,10484_1000492,images/10484/10484_1000492_t2w.mha,images/10484/10484_1000492_adc.mha,images/10484/10484_1000492_hbv.mha,/opt/data/private/lm/data/Prostate/PI-CAI/labels/csPCa_lesion_delineations/human_expert/resampled/10484_1000492.nii.gz,human_expert_resampled,YES,True,1,train
10485,1000493,10485_1000493,images/10485/10485_1000493_t2w.mha,images/10485/10485_1000493_adc.mha,images/10485/10485_1000493_hbv.mha,/opt/data/private/lm/data/Prostate/PI-CAI/labels/csPCa_lesion_delineations/human_expert/resampled/10485_1000493.nii.gz,human_expert_resampled,NO,False,0,train
10486,1000494,10486_1000494,images/10486/10486_1000494_t2w.mha,images/10486/10486_1000494_adc.mha,images/10486/10486_1000494_hbv.mha,/opt/data/private/lm/data/Prostate/PI-CAI/labels/csPCa_lesion_delineations/human_expert/resampled/10486_1000494.nii.gz,human_expert_resampled,YES,True,1,train
10487,1000495,10487_1000495,images/10487/10487_1000495_t2w.mha,images/10487/10487_1000495_adc.mha,images/10487/10487_1000495_hbv.mha,/opt/data/private/lm/data/Prostate/PI-CAI/labels/csPCa_lesion_delineations/human_expert/resampled/10487_1000495.nii.gz,human_expert_resampled,NO,False,0,train
10488,1000496,10488_1000496,images/10488/10488_1000496_t2w.mha,images/10488/10488_1000496_adc.mha,images/10488/10488_1000496_hbv.mha,/opt/data/private/lm/data/Prostate/PI-CAI/labels/csPCa_lesion_delineations/human_expert/resampled/10488_1000496.nii.gz,human_expert_resampled,NO,False,0,train
10489,1000497,10489_1000497,images/10489/10489_1000497_t2w.mha,images/10489/10489_1000497_adc.mha,images/10489/10489_1000497_hbv.mha,/opt/data/private/lm/data/Prostate/PI-CAI/labels/csPCa_lesion_delineations/human_expert/resampled/10489_1000497.nii.gz,human_expert_resampled,NO,False,0,train
10490,1000498,10490_1000498,images/10490/10490_1000498_t2w.mha,images/10490/10490_1000498_adc.mha,images/10490/10490_1000498_hbv.mha,/opt/data/private/lm/data/Prostate/PI-CAI/labels/csPCa_lesion_delineations/human_expert/resampled/10490_1000498.nii.gz,human_expert_resampled,NO,False,0,train
10490,1000499,10490_1000499,images/10490/10490_1000499_t2w.mha,images/10490/10490_1000499_adc.mha,images/10490/10490_1000499_hbv.mha,/opt/data/private/lm/data/Prostate/PI-CAI/labels/csPCa_lesion_delineations/human_expert/resampled/10490_1000499.nii.gz,human_expert_resampled,YES,True,1,train
10491,1000500,10491_1000500,images/10491/10491_1000500_t2w.mha,images/10491/10491_1000500_adc.mha,images/10491/10491_1000500_hbv.mha,/opt/data/private/lm/data/Prostate/PI-CAI/labels/csPCa_lesion_delineations/human_expert/resampled/10491_1000500.nii.gz,human_expert_resampled,NO,False,0,train
10492,1000501,10492_1000501,images/10492/10492_1000501_t2w.mha,images/10492/10492_1000501_adc.mha,images/10492/10492_1000501_hbv.mha,/opt/data/private/lm/data/Prostate/PI-CAI/labels/csPCa_lesion_delineations/human_expert/resampled/10492_1000501.nii.gz,human_expert_resampled,NO,False,0,train
10493,1000502,10493_1000502,images/10493/10493_1000502_t2w.mha,images/10493/10493_1000502_adc.mha,images/10493/10493_1000502_hbv.mha,/opt/data/private/lm/data/Prostate/PI-CAI/labels/csPCa_lesion_delineations/human_expert/resampled/10493_1000502.nii.gz,human_expert_resampled,NO,False,0,val
10494,1000503,10494_1000503,images/10494/10494_1000503_t2w.mha,images/10494/10494_1000503_adc.mha,images/10494/10494_1000503_hbv.mha,/opt/data/private/lm/data/Prostate/PI-CAI/labels/csPCa_lesion_delineations/human_expert/Pooch25/10494_1000503.nii.gz,human_expert_pooch25,YES,True,1,train
10495,1000504,10495_1000504,images/10495/10495_1000504_t2w.mha,images/10495/10495_1000504_adc.mha,images/10495/10495_1000504_hbv.mha,/opt/data/private/lm/data/Prostate/PI-CAI/labels/csPCa_lesion_delineations/human_expert/resampled/10495_1000504.nii.gz,human_expert_resampled,NO,False,0,train
10496,1000505,10496_1000505,images/10496/10496_1000505_t2w.mha,images/10496/10496_1000505_adc.mha,images/10496/10496_1000505_hbv.mha,/opt/data/private/lm/data/Prostate/PI-CAI/labels/csPCa_lesion_delineations/human_expert/Pooch25/10496_1000505.nii.gz,human_expert_pooch25,YES,True,1,train
10497,1000506,10497_1000506,images/10497/10497_1000506_t2w.mha,images/10497/10497_1000506_adc.mha,images/10497/10497_1000506_hbv.mha,/opt/data/private/lm/data/Prostate/PI-CAI/labels/csPCa_lesion_delineations/human_expert/Pooch25/10497_1000506.nii.gz,human_expert_pooch25,YES,True,1,train
10498,1000507,10498_1000507,images/10498/10498_1000507_t2w.mha,images/10498/10498_1000507_adc.mha,images/10498/10498_1000507_hbv.mha,/opt/data/private/lm/data/Prostate/PI-CAI/labels/csPCa_lesion_delineations/human_expert/Pooch25/10498_1000507.nii.gz,human_expert_pooch25,YES,True,1,val
10499,1000508,10499_1000508,images/10499/10499_1000508_t2w.mha,images/10499/10499_1000508_adc.mha,images/10499/10499_1000508_hbv.mha,/opt/data/private/lm/data/Prostate/PI-CAI/labels/csPCa_lesion_delineations/human_expert/Pooch25/10499_1000508.nii.gz,human_expert_pooch25,YES,True,1,train
10500,1000509,10500_1000509,images/10500/10500_1000509_t2w.mha,images/10500/10500_1000509_adc.mha,images/10500/10500_1000509_hbv.mha,/opt/data/private/lm/data/Prostate/PI-CAI/labels/csPCa_lesion_delineations/human_expert/resampled/10500_1000509.nii.gz,human_expert_resampled,NO,False,0,train
10501,1000510,10501_1000510,images/10501/10501_1000510_t2w.mha,images/10501/10501_1000510_adc.mha,images/10501/10501_1000510_hbv.mha,/opt/data/private/lm/data/Prostate/PI-CAI/labels/csPCa_lesion_delineations/human_expert/Pooch25/10501_1000510.nii.gz,human_expert_pooch25,YES,True,2,train
10502,1000511,10502_1000511,images/10502/10502_1000511_t2w.mha,images/10502/10502_1000511_adc.mha,images/10502/10502_1000511_hbv.mha,/opt/data/private/lm/data/Prostate/PI-CAI/labels/csPCa_lesion_delineations/human_expert/resampled/10502_1000511.nii.gz,human_expert_resampled,NO,False,0,train
10503,1000512,10503_1000512,images/10503/10503_1000512_t2w.mha,images/10503/10503_1000512_adc.mha,images/10503/10503_1000512_hbv.mha,/opt/data/private/lm/data/Prostate/PI-CAI/labels/csPCa_lesion_delineations/human_expert/resampled/10503_1000512.nii.gz,human_expert_resampled,YES,True,1,val
10504,1000513,10504_1000513,images/10504/10504_1000513_t2w.mha,images/10504/10504_1000513_adc.mha,images/10504/10504_1000513_hbv.mha,/opt/data/private/lm/data/Prostate/PI-CAI/labels/csPCa_lesion_delineations/human_expert/resampled/10504_1000513.nii.gz,human_expert_resampled,NO,False,0,train
10505,1000514,10505_1000514,images/10505/10505_1000514_t2w.mha,images/10505/10505_1000514_adc.mha,images/10505/10505_1000514_hbv.mha,/opt/data/private/lm/data/Prostate/PI-CAI/labels/csPCa_lesion_delineations/human_expert/resampled/10505_1000514.nii.gz,human_expert_resampled,NO,False,0,train
10506,1000515,10506_1000515,images/10506/10506_1000515_t2w.mha,images/10506/10506_1000515_adc.mha,images/10506/10506_1000515_hbv.mha,/opt/data/private/lm/data/Prostate/PI-CAI/labels/csPCa_lesion_delineations/human_expert/resampled/10506_1000515.nii.gz,human_expert_resampled,NO,False,0,train
10507,1000516,10507_1000516,images/10507/10507_1000516_t2w.mha,images/10507/10507_1000516_adc.mha,images/10507/10507_1000516_hbv.mha,/opt/data/private/lm/data/Prostate/PI-CAI/labels/csPCa_lesion_delineations/human_expert/resampled/10507_1000516.nii.gz,human_expert_resampled,NO,False,0,train
10508,1000517,10508_1000517,images/10508/10508_1000517_t2w.mha,images/10508/10508_1000517_adc.mha,images/10508/10508_1000517_hbv.mha,/opt/data/private/lm/data/Prostate/PI-CAI/labels/csPCa_lesion_delineations/human_expert/Pooch25/10508_1000517.nii.gz,human_expert_pooch25,YES,True,1,val
10509,1000518,10509_1000518,images/10509/10509_1000518_t2w.mha,images/10509/10509_1000518_adc.mha,images/10509/10509_1000518_hbv.mha,/opt/data/private/lm/data/Prostate/PI-CAI/labels/csPCa_lesion_delineations/human_expert/resampled/10509_1000518.nii.gz,human_expert_resampled,NO,False,0,train
10510,1000519,10510_1000519,images/10510/10510_1000519_t2w.mha,images/10510/10510_1000519_adc.mha,images/10510/10510_1000519_hbv.mha,/opt/data/private/lm/data/Prostate/PI-CAI/labels/csPCa_lesion_delineations/human_expert/Pooch25/10510_1000519.nii.gz,human_expert_pooch25,YES,True,1,train
10511,1000520,10511_1000520,images/10511/10511_1000520_t2w.mha,images/10511/10511_1000520_adc.mha,images/10511/10511_1000520_hbv.mha,/opt/data/private/lm/data/Prostate/PI-CAI/labels/csPCa_lesion_delineations/human_expert/resampled/10511_1000520.nii.gz,human_expert_resampled,NO,False,0,train
10512,1000521,10512_1000521,images/10512/10512_1000521_t2w.mha,images/10512/10512_1000521_adc.mha,images/10512/10512_1000521_hbv.mha,/opt/data/private/lm/data/Prostate/PI-CAI/labels/csPCa_lesion_delineations/human_expert/resampled/10512_1000521.nii.gz,human_expert_resampled,NO,False,0,train
10512,1000522,10512_1000522,images/10512/10512_1000522_t2w.mha,images/10512/10512_1000522_adc.mha,images/10512/10512_1000522_hbv.mha,/opt/data/private/lm/data/Prostate/PI-CAI/labels/csPCa_lesion_delineations/human_expert/resampled/10512_1000522.nii.gz,human_expert_resampled,NO,False,0,train
10513,1000523,10513_1000523,images/10513/10513_1000523_t2w.mha,images/10513/10513_1000523_adc.mha,images/10513/10513_1000523_hbv.mha,/opt/data/private/lm/data/Prostate/PI-CAI/labels/csPCa_lesion_delineations/human_expert/resampled/10513_1000523.nii.gz,human_expert_resampled,NO,False,0,train
10514,1000524,10514_1000524,images/10514/10514_1000524_t2w.mha,images/10514/10514_1000524_adc.mha,images/10514/10514_1000524_hbv.mha,/opt/data/private/lm/data/Prostate/PI-CAI/labels/csPCa_lesion_delineations/human_expert/resampled/10514_1000524.nii.gz,human_expert_resampled,NO,False,0,train
10515,1000525,10515_1000525,images/10515/10515_1000525_t2w.mha,images/10515/10515_1000525_adc.mha,images/10515/10515_1000525_hbv.mha,/opt/data/private/lm/data/Prostate/PI-CAI/labels/csPCa_lesion_delineations/human_expert/Pooch25/10515_1000525.nii.gz,human_expert_pooch25,YES,True,1,val
10516,1000526,10516_1000526,images/10516/10516_1000526_t2w.mha,images/10516/10516_1000526_adc.mha,images/10516/10516_1000526_hbv.mha,/opt/data/private/lm/data/Prostate/PI-CAI/labels/csPCa_lesion_delineations/human_expert/resampled/10516_1000526.nii.gz,human_expert_resampled,NO,False,0,train
10517,1000527,10517_1000527,images/10517/10517_1000527_t2w.mha,images/10517/10517_1000527_adc.mha,images/10517/10517_1000527_hbv.mha,/opt/data/private/lm/data/Prostate/PI-CAI/labels/csPCa_lesion_delineations/human_expert/Pooch25/10517_1000527.nii.gz,human_expert_pooch25,YES,True,1,train
10518,1000528,10518_1000528,images/10518/10518_1000528_t2w.mha,images/10518/10518_1000528_adc.mha,images/10518/10518_1000528_hbv.mha,/opt/data/private/lm/data/Prostate/PI-CAI/labels/csPCa_lesion_delineations/human_expert/resampled/10518_1000528.nii.gz,human_expert_resampled,NO,False,0,train
10519,1000529,10519_1000529,images/10519/10519_1000529_t2w.mha,images/10519/10519_1000529_adc.mha,images/10519/10519_1000529_hbv.mha,/opt/data/private/lm/data/Prostate/PI-CAI/labels/csPCa_lesion_delineations/human_expert/Pooch25/10519_1000529.nii.gz,human_expert_pooch25,YES,True,1,train
10520,1000530,10520_1000530,images/10520/10520_1000530_t2w.mha,images/10520/10520_1000530_adc.mha,images/10520/10520_1000530_hbv.mha,/opt/data/private/lm/data/Prostate/PI-CAI/labels/csPCa_lesion_delineations/human_expert/Pooch25/10520_1000530.nii.gz,human_expert_pooch25,YES,True,1,train
10521,1000531,10521_1000531,images/10521/10521_1000531_t2w.mha,images/10521/10521_1000531_adc.mha,images/10521/10521_1000531_hbv.mha,/opt/data/private/lm/data/Prostate/PI-CAI/labels/csPCa_lesion_delineations/human_expert/resampled/10521_1000531.nii.gz,human_expert_resampled,NO,False,0,val
10522,1000532,10522_1000532,images/10522/10522_1000532_t2w.mha,images/10522/10522_1000532_adc.mha,images/10522/10522_1000532_hbv.mha,/opt/data/private/lm/data/Prostate/PI-CAI/labels/csPCa_lesion_delineations/human_expert/resampled/10522_1000532.nii.gz,human_expert_resampled,YES,True,1,val
10523,1000533,10523_1000533,images/10523/10523_1000533_t2w.mha,images/10523/10523_1000533_adc.mha,images/10523/10523_1000533_hbv.mha,/opt/data/private/lm/data/Prostate/PI-CAI/labels/csPCa_lesion_delineations/human_expert/resampled/10523_1000533.nii.gz,human_expert_resampled,YES,True,1,train
10524,1000534,10524_1000534,images/10524/10524_1000534_t2w.mha,images/10524/10524_1000534_adc.mha,images/10524/10524_1000534_hbv.mha,/opt/data/private/lm/data/Prostate/PI-CAI/labels/csPCa_lesion_delineations/human_expert/resampled/10524_1000534.nii.gz,human_expert_resampled,NO,False,0,train
10525,1000535,10525_1000535,images/10525/10525_1000535_t2w.mha,images/10525/10525_1000535_adc.mha,images/10525/10525_1000535_hbv.mha,/opt/data/private/lm/data/Prostate/PI-CAI/labels/csPCa_lesion_delineations/human_expert/resampled/10525_1000535.nii.gz,human_expert_resampled,NO,False,0,train
10526,1000536,10526_1000536,images/10526/10526_1000536_t2w.mha,images/10526/10526_1000536_adc.mha,images/10526/10526_1000536_hbv.mha,/opt/data/private/lm/data/Prostate/PI-CAI/labels/csPCa_lesion_delineations/human_expert/resampled/10526_1000536.nii.gz,human_expert_resampled,YES,True,1,train
10527,1000537,10527_1000537,images/10527/10527_1000537_t2w.mha,images/10527/10527_1000537_adc.mha,images/10527/10527_1000537_hbv.mha,/opt/data/private/lm/data/Prostate/PI-CAI/labels/csPCa_lesion_delineations/human_expert/resampled/10527_1000537.nii.gz,human_expert_resampled,NO,False,0,val
10528,1000538,10528_1000538,images/10528/10528_1000538_t2w.mha,images/10528/10528_1000538_adc.mha,images/10528/10528_1000538_hbv.mha,/opt/data/private/lm/data/Prostate/PI-CAI/labels/csPCa_lesion_delineations/human_expert/resampled/10528_1000538.nii.gz,human_expert_resampled,NO,False,0,train
10529,1000539,10529_1000539,images/10529/10529_1000539_t2w.mha,images/10529/10529_1000539_adc.mha,images/10529/10529_1000539_hbv.mha,/opt/data/private/lm/data/Prostate/PI-CAI/labels/csPCa_lesion_delineations/human_expert/resampled/10529_1000539.nii.gz,human_expert_resampled,YES,True,1,train
10530,1000540,10530_1000540,images/10530/10530_1000540_t2w.mha,images/10530/10530_1000540_adc.mha,images/10530/10530_1000540_hbv.mha,/opt/data/private/lm/data/Prostate/PI-CAI/labels/csPCa_lesion_delineations/human_expert/resampled/10530_1000540.nii.gz,human_expert_resampled,NO,False,0,train
10531,1000541,10531_1000541,images/10531/10531_1000541_t2w.mha,images/10531/10531_1000541_adc.mha,images/10531/10531_1000541_hbv.mha,/opt/data/private/lm/data/Prostate/PI-CAI/labels/csPCa_lesion_delineations/human_expert/resampled/10531_1000541.nii.gz,human_expert_resampled,NO,False,0,train
10532,1000542,10532_1000542,images/10532/10532_1000542_t2w.mha,images/10532/10532_1000542_adc.mha,images/10532/10532_1000542_hbv.mha,/opt/data/private/lm/data/Prostate/PI-CAI/labels/csPCa_lesion_delineations/human_expert/resampled/10532_1000542.nii.gz,human_expert_resampled,NO,False,0,train
10533,1000543,10533_1000543,images/10533/10533_1000543_t2w.mha,images/10533/10533_1000543_adc.mha,images/10533/10533_1000543_hbv.mha,/opt/data/private/lm/data/Prostate/PI-CAI/labels/csPCa_lesion_delineations/human_expert/resampled/10533_1000543.nii.gz,human_expert_resampled,NO,False,0,train
10534,1000544,10534_1000544,images/10534/10534_1000544_t2w.mha,images/10534/10534_1000544_adc.mha,images/10534/10534_1000544_hbv.mha,/opt/data/private/lm/data/Prostate/PI-CAI/labels/csPCa_lesion_delineations/human_expert/resampled/10534_1000544.nii.gz,human_expert_resampled,NO,False,0,train
10535,1000545,10535_1000545,images/10535/10535_1000545_t2w.mha,images/10535/10535_1000545_adc.mha,images/10535/10535_1000545_hbv.mha,/opt/data/private/lm/data/Prostate/PI-CAI/labels/csPCa_lesion_delineations/human_expert/resampled/10535_1000545.nii.gz,human_expert_resampled,NO,False,0,val
10536,1000546,10536_1000546,images/10536/10536_1000546_t2w.mha,images/10536/10536_1000546_adc.mha,images/10536/10536_1000546_hbv.mha,/opt/data/private/lm/data/Prostate/PI-CAI/labels/csPCa_lesion_delineations/human_expert/resampled/10536_1000546.nii.gz,human_expert_resampled,NO,False,0,train
10537,1000547,10537_1000547,images/10537/10537_1000547_t2w.mha,images/10537/10537_1000547_adc.mha,images/10537/10537_1000547_hbv.mha,/opt/data/private/lm/data/Prostate/PI-CAI/labels/csPCa_lesion_delineations/human_expert/Pooch25/10537_1000547.nii.gz,human_expert_pooch25,YES,True,1,train
10538,1000548,10538_1000548,images/10538/10538_1000548_t2w.mha,images/10538/10538_1000548_adc.mha,images/10538/10538_1000548_hbv.mha,/opt/data/private/lm/data/Prostate/PI-CAI/labels/csPCa_lesion_delineations/human_expert/resampled/10538_1000548.nii.gz,human_expert_resampled,NO,False,0,val
10539,1000549,10539_1000549,images/10539/10539_1000549_t2w.mha,images/10539/10539_1000549_adc.mha,images/10539/10539_1000549_hbv.mha,/opt/data/private/lm/data/Prostate/PI-CAI/labels/csPCa_lesion_delineations/human_expert/resampled/10539_1000549.nii.gz,human_expert_resampled,YES,True,1,train
10540,1000550,10540_1000550,images/10540/10540_1000550_t2w.mha,images/10540/10540_1000550_adc.mha,images/10540/10540_1000550_hbv.mha,/opt/data/private/lm/data/Prostate/PI-CAI/labels/csPCa_lesion_delineations/human_expert/resampled/10540_1000550.nii.gz,human_expert_resampled,NO,False,0,train
10540,1000551,10540_1000551,images/10540/10540_1000551_t2w.mha,images/10540/10540_1000551_adc.mha,images/10540/10540_1000551_hbv.mha,/opt/data/private/lm/data/Prostate/PI-CAI/labels/csPCa_lesion_delineations/human_expert/resampled/10540_1000551.nii.gz,human_expert_resampled,YES,True,1,train
10541,1000552,10541_1000552,images/10541/10541_1000552_t2w.mha,images/10541/10541_1000552_adc.mha,images/10541/10541_1000552_hbv.mha,/opt/data/private/lm/data/Prostate/PI-CAI/labels/csPCa_lesion_delineations/human_expert/resampled/10541_1000552.nii.gz,human_expert_resampled,NO,False,0,train
10542,1000553,10542_1000553,images/10542/10542_1000553_t2w.mha,images/10542/10542_1000553_adc.mha,images/10542/10542_1000553_hbv.mha,/opt/data/private/lm/data/Prostate/PI-CAI/labels/csPCa_lesion_delineations/human_expert/resampled/10542_1000553.nii.gz,human_expert_resampled,NO,False,0,train
10543,1000554,10543_1000554,images/10543/10543_1000554_t2w.mha,images/10543/10543_1000554_adc.mha,images/10543/10543_1000554_hbv.mha,/opt/data/private/lm/data/Prostate/PI-CAI/labels/csPCa_lesion_delineations/human_expert/resampled/10543_1000554.nii.gz,human_expert_resampled,NO,False,0,train
10544,1000555,10544_1000555,images/10544/10544_1000555_t2w.mha,images/10544/10544_1000555_adc.mha,images/10544/10544_1000555_hbv.mha,/opt/data/private/lm/data/Prostate/PI-CAI/labels/csPCa_lesion_delineations/human_expert/resampled/10544_1000555.nii.gz,human_expert_resampled,NO,False,0,train
10545,1000556,10545_1000556,images/10545/10545_1000556_t2w.mha,images/10545/10545_1000556_adc.mha,images/10545/10545_1000556_hbv.mha,/opt/data/private/lm/data/Prostate/PI-CAI/labels/csPCa_lesion_delineations/human_expert/Pooch25/10545_1000556.nii.gz,human_expert_pooch25,YES,True,1,train
10546,1000557,10546_1000557,images/10546/10546_1000557_t2w.mha,images/10546/10546_1000557_adc.mha,images/10546/10546_1000557_hbv.mha,/opt/data/private/lm/data/Prostate/PI-CAI/labels/csPCa_lesion_delineations/human_expert/resampled/10546_1000557.nii.gz,human_expert_resampled,NO,False,0,val
10547,1000558,10547_1000558,images/10547/10547_1000558_t2w.mha,images/10547/10547_1000558_adc.mha,images/10547/10547_1000558_hbv.mha,/opt/data/private/lm/data/Prostate/PI-CAI/labels/csPCa_lesion_delineations/human_expert/Pooch25/10547_1000558.nii.gz,human_expert_pooch25,YES,True,1,train
10548,1000559,10548_1000559,images/10548/10548_1000559_t2w.mha,images/10548/10548_1000559_adc.mha,images/10548/10548_1000559_hbv.mha,/opt/data/private/lm/data/Prostate/PI-CAI/labels/csPCa_lesion_delineations/human_expert/resampled/10548_1000559.nii.gz,human_expert_resampled,NO,False,0,train
10548,1000560,10548_1000560,images/10548/10548_1000560_t2w.mha,images/10548/10548_1000560_adc.mha,images/10548/10548_1000560_hbv.mha,/opt/data/private/lm/data/Prostate/PI-CAI/labels/csPCa_lesion_delineations/human_expert/resampled/10548_1000560.nii.gz,human_expert_resampled,YES,True,2,train
10549,1000561,10549_1000561,images/10549/10549_1000561_t2w.mha,images/10549/10549_1000561_adc.mha,images/10549/10549_1000561_hbv.mha,/opt/data/private/lm/data/Prostate/PI-CAI/labels/csPCa_lesion_delineations/human_expert/resampled/10549_1000561.nii.gz,human_expert_resampled,YES,True,1,train
10550,1000562,10550_1000562,images/10550/10550_1000562_t2w.mha,images/10550/10550_1000562_adc.mha,images/10550/10550_1000562_hbv.mha,/opt/data/private/lm/data/Prostate/PI-CAI/labels/csPCa_lesion_delineations/human_expert/Pooch25/10550_1000562.nii.gz,human_expert_pooch25,YES,True,1,train
10551,1000563,10551_1000563,images/10551/10551_1000563_t2w.mha,images/10551/10551_1000563_adc.mha,images/10551/10551_1000563_hbv.mha,/opt/data/private/lm/data/Prostate/PI-CAI/labels/csPCa_lesion_delineations/human_expert/resampled/10551_1000563.nii.gz,human_expert_resampled,NO,False,0,val
10552,1000564,10552_1000564,images/10552/10552_1000564_t2w.mha,images/10552/10552_1000564_adc.mha,images/10552/10552_1000564_hbv.mha,/opt/data/private/lm/data/Prostate/PI-CAI/labels/csPCa_lesion_delineations/human_expert/resampled/10552_1000564.nii.gz,human_expert_resampled,NO,False,0,val
10553,1000565,10553_1000565,images/10553/10553_1000565_t2w.mha,images/10553/10553_1000565_adc.mha,images/10553/10553_1000565_hbv.mha,/opt/data/private/lm/data/Prostate/PI-CAI/labels/csPCa_lesion_delineations/human_expert/resampled/10553_1000565.nii.gz,human_expert_resampled,NO,False,0,train
10554,1000566,10554_1000566,images/10554/10554_1000566_t2w.mha,images/10554/10554_1000566_adc.mha,images/10554/10554_1000566_hbv.mha,/opt/data/private/lm/data/Prostate/PI-CAI/labels/csPCa_lesion_delineations/human_expert/Pooch25/10554_1000566.nii.gz,human_expert_pooch25,YES,True,2,train
10555,1000567,10555_1000567,images/10555/10555_1000567_t2w.mha,images/10555/10555_1000567_adc.mha,images/10555/10555_1000567_hbv.mha,/opt/data/private/lm/data/Prostate/PI-CAI/labels/csPCa_lesion_delineations/human_expert/Pooch25/10555_1000567.nii.gz,human_expert_pooch25,YES,True,1,train
10556,1000568,10556_1000568,images/10556/10556_1000568_t2w.mha,images/10556/10556_1000568_adc.mha,images/10556/10556_1000568_hbv.mha,/opt/data/private/lm/data/Prostate/PI-CAI/labels/csPCa_lesion_delineations/human_expert/resampled/10556_1000568.nii.gz,human_expert_resampled,NO,False,0,train
10557,1000569,10557_1000569,images/10557/10557_1000569_t2w.mha,images/10557/10557_1000569_adc.mha,images/10557/10557_1000569_hbv.mha,/opt/data/private/lm/data/Prostate/PI-CAI/labels/csPCa_lesion_delineations/human_expert/resampled/10557_1000569.nii.gz,human_expert_resampled,NO,False,0,train
10558,1000570,10558_1000570,images/10558/10558_1000570_t2w.mha,images/10558/10558_1000570_adc.mha,images/10558/10558_1000570_hbv.mha,/opt/data/private/lm/data/Prostate/PI-CAI/labels/csPCa_lesion_delineations/human_expert/resampled/10558_1000570.nii.gz,human_expert_resampled,YES,True,1,train
10559,1000571,10559_1000571,images/10559/10559_1000571_t2w.mha,images/10559/10559_1000571_adc.mha,images/10559/10559_1000571_hbv.mha,/opt/data/private/lm/data/Prostate/PI-CAI/labels/csPCa_lesion_delineations/human_expert/resampled/10559_1000571.nii.gz,human_expert_resampled,NO,False,0,train
10560,1000572,10560_1000572,images/10560/10560_1000572_t2w.mha,images/10560/10560_1000572_adc.mha,images/10560/10560_1000572_hbv.mha,/opt/data/private/lm/data/Prostate/PI-CAI/labels/csPCa_lesion_delineations/human_expert/Pooch25/10560_1000572.nii.gz,human_expert_pooch25,YES,True,3,train
10561,1000573,10561_1000573,images/10561/10561_1000573_t2w.mha,images/10561/10561_1000573_adc.mha,images/10561/10561_1000573_hbv.mha,/opt/data/private/lm/data/Prostate/PI-CAI/labels/csPCa_lesion_delineations/human_expert/resampled/10561_1000573.nii.gz,human_expert_resampled,NO,False,0,val
10562,1000574,10562_1000574,images/10562/10562_1000574_t2w.mha,images/10562/10562_1000574_adc.mha,images/10562/10562_1000574_hbv.mha,/opt/data/private/lm/data/Prostate/PI-CAI/labels/csPCa_lesion_delineations/human_expert/Pooch25/10562_1000574.nii.gz,human_expert_pooch25,YES,True,1,val
10563,1000575,10563_1000575,images/10563/10563_1000575_t2w.mha,images/10563/10563_1000575_adc.mha,images/10563/10563_1000575_hbv.mha,/opt/data/private/lm/data/Prostate/PI-CAI/labels/csPCa_lesion_delineations/human_expert/resampled/10563_1000575.nii.gz,human_expert_resampled,NO,False,0,train
10564,1000576,10564_1000576,images/10564/10564_1000576_t2w.mha,images/10564/10564_1000576_adc.mha,images/10564/10564_1000576_hbv.mha,/opt/data/private/lm/data/Prostate/PI-CAI/labels/csPCa_lesion_delineations/human_expert/resampled/10564_1000576.nii.gz,human_expert_resampled,NO,False,0,train
10565,1000577,10565_1000577,images/10565/10565_1000577_t2w.mha,images/10565/10565_1000577_adc.mha,images/10565/10565_1000577_hbv.mha,/opt/data/private/lm/data/Prostate/PI-CAI/labels/csPCa_lesion_delineations/human_expert/Pooch25/10565_1000577.nii.gz,human_expert_pooch25,YES,True,1,train
10566,1000578,10566_1000578,images/10566/10566_1000578_t2w.mha,images/10566/10566_1000578_adc.mha,images/10566/10566_1000578_hbv.mha,/opt/data/private/lm/data/Prostate/PI-CAI/labels/csPCa_lesion_delineations/human_expert/resampled/10566_1000578.nii.gz,human_expert_resampled,NO,False,0,train
10567,1000579,10567_1000579,images/10567/10567_1000579_t2w.mha,images/10567/10567_1000579_adc.mha,images/10567/10567_1000579_hbv.mha,/opt/data/private/lm/data/Prostate/PI-CAI/labels/csPCa_lesion_delineations/human_expert/Pooch25/10567_1000579.nii.gz,human_expert_pooch25,YES,True,1,train
10568,1000580,10568_1000580,images/10568/10568_1000580_t2w.mha,images/10568/10568_1000580_adc.mha,images/10568/10568_1000580_hbv.mha,/opt/data/private/lm/data/Prostate/PI-CAI/labels/csPCa_lesion_delineations/human_expert/resampled/10568_1000580.nii.gz,human_expert_resampled,YES,True,1,train
10569,1000581,10569_1000581,images/10569/10569_1000581_t2w.mha,images/10569/10569_1000581_adc.mha,images/10569/10569_1000581_hbv.mha,/opt/data/private/lm/data/Prostate/PI-CAI/labels/csPCa_lesion_delineations/human_expert/resampled/10569_1000581.nii.gz,human_expert_resampled,NO,False,0,val
10570,1000582,10570_1000582,images/10570/10570_1000582_t2w.mha,images/10570/10570_1000582_adc.mha,images/10570/10570_1000582_hbv.mha,/opt/data/private/lm/data/Prostate/PI-CAI/labels/csPCa_lesion_delineations/human_expert/resampled/10570_1000582.nii.gz,human_expert_resampled,YES,True,1,train
10571,1000583,10571_1000583,images/10571/10571_1000583_t2w.mha,images/10571/10571_1000583_adc.mha,images/10571/10571_1000583_hbv.mha,/opt/data/private/lm/data/Prostate/PI-CAI/labels/csPCa_lesion_delineations/human_expert/resampled/10571_1000583.nii.gz,human_expert_resampled,NO,False,0,train
10572,1000584,10572_1000584,images/10572/10572_1000584_t2w.mha,images/10572/10572_1000584_adc.mha,images/10572/10572_1000584_hbv.mha,/opt/data/private/lm/data/Prostate/PI-CAI/labels/csPCa_lesion_delineations/human_expert/resampled/10572_1000584.nii.gz,human_expert_resampled,NO,False,0,train
10573,1000585,10573_1000585,images/10573/10573_1000585_t2w.mha,images/10573/10573_1000585_adc.mha,images/10573/10573_1000585_hbv.mha,/opt/data/private/lm/data/Prostate/PI-CAI/labels/csPCa_lesion_delineations/human_expert/resampled/10573_1000585.nii.gz,human_expert_resampled,NO,False,0,train
10574,1000586,10574_1000586,images/10574/10574_1000586_t2w.mha,images/10574/10574_1000586_adc.mha,images/10574/10574_1000586_hbv.mha,/opt/data/private/lm/data/Prostate/PI-CAI/labels/csPCa_lesion_delineations/human_expert/resampled/10574_1000586.nii.gz,human_expert_resampled,NO,False,0,train
10575,1000587,10575_1000587,images/10575/10575_1000587_t2w.mha,images/10575/10575_1000587_adc.mha,images/10575/10575_1000587_hbv.mha,/opt/data/private/lm/data/Prostate/PI-CAI/labels/csPCa_lesion_delineations/human_expert/resampled/10575_1000587.nii.gz,human_expert_resampled,NO,False,0,train
10576,1000588,10576_1000588,images/10576/10576_1000588_t2w.mha,images/10576/10576_1000588_adc.mha,images/10576/10576_1000588_hbv.mha,/opt/data/private/lm/data/Prostate/PI-CAI/labels/csPCa_lesion_delineations/human_expert/resampled/10576_1000588.nii.gz,human_expert_resampled,NO,False,0,val
10576,1000589,10576_1000589,images/10576/10576_1000589_t2w.mha,images/10576/10576_1000589_adc.mha,images/10576/10576_1000589_hbv.mha,/opt/data/private/lm/data/Prostate/PI-CAI/labels/csPCa_lesion_delineations/human_expert/resampled/10576_1000589.nii.gz,human_expert_resampled,NO,False,0,val
10577,1000590,10577_1000590,images/10577/10577_1000590_t2w.mha,images/10577/10577_1000590_adc.mha,images/10577/10577_1000590_hbv.mha,/opt/data/private/lm/data/Prostate/PI-CAI/labels/csPCa_lesion_delineations/human_expert/Pooch25/10577_1000590.nii.gz,human_expert_pooch25,YES,True,1,train
10578,1000591,10578_1000591,images/10578/10578_1000591_t2w.mha,images/10578/10578_1000591_adc.mha,images/10578/10578_1000591_hbv.mha,/opt/data/private/lm/data/Prostate/PI-CAI/labels/csPCa_lesion_delineations/human_expert/resampled/10578_1000591.nii.gz,human_expert_resampled,NO,False,0,train
10579,1000592,10579_1000592,images/10579/10579_1000592_t2w.mha,images/10579/10579_1000592_adc.mha,images/10579/10579_1000592_hbv.mha,/opt/data/private/lm/data/Prostate/PI-CAI/labels/csPCa_lesion_delineations/human_expert/resampled/10579_1000592.nii.gz,human_expert_resampled,NO,False,0,train
10580,1000593,10580_1000593,images/10580/10580_1000593_t2w.mha,images/10580/10580_1000593_adc.mha,images/10580/10580_1000593_hbv.mha,/opt/data/private/lm/data/Prostate/PI-CAI/labels/csPCa_lesion_delineations/human_expert/resampled/10580_1000593.nii.gz,human_expert_resampled,NO,False,0,train
10580,1000594,10580_1000594,images/10580/10580_1000594_t2w.mha,images/10580/10580_1000594_adc.mha,images/10580/10580_1000594_hbv.mha,/opt/data/private/lm/data/Prostate/PI-CAI/labels/csPCa_lesion_delineations/human_expert/resampled/10580_1000594.nii.gz,human_expert_resampled,NO,False,0,train
10581,1000595,10581_1000595,images/10581/10581_1000595_t2w.mha,images/10581/10581_1000595_adc.mha,images/10581/10581_1000595_hbv.mha,/opt/data/private/lm/data/Prostate/PI-CAI/labels/csPCa_lesion_delineations/human_expert/resampled/10581_1000595.nii.gz,human_expert_resampled,NO,False,0,val
10582,1000596,10582_1000596,images/10582/10582_1000596_t2w.mha,images/10582/10582_1000596_adc.mha,images/10582/10582_1000596_hbv.mha,/opt/data/private/lm/data/Prostate/PI-CAI/labels/csPCa_lesion_delineations/human_expert/resampled/10582_1000596.nii.gz,human_expert_resampled,NO,False,0,train
10583,1000597,10583_1000597,images/10583/10583_1000597_t2w.mha,images/10583/10583_1000597_adc.mha,images/10583/10583_1000597_hbv.mha,/opt/data/private/lm/data/Prostate/PI-CAI/labels/csPCa_lesion_delineations/human_expert/resampled/10583_1000597.nii.gz,human_expert_resampled,NO,False,0,train
10584,1000598,10584_1000598,images/10584/10584_1000598_t2w.mha,images/10584/10584_1000598_adc.mha,images/10584/10584_1000598_hbv.mha,/opt/data/private/lm/data/Prostate/PI-CAI/labels/csPCa_lesion_delineations/human_expert/Pooch25/10584_1000598.nii.gz,human_expert_pooch25,YES,True,1,train
10585,1000599,10585_1000599,images/10585/10585_1000599_t2w.mha,images/10585/10585_1000599_adc.mha,images/10585/10585_1000599_hbv.mha,/opt/data/private/lm/data/Prostate/PI-CAI/labels/csPCa_lesion_delineations/human_expert/resampled/10585_1000599.nii.gz,human_expert_resampled,NO,False,0,train
10586,1000600,10586_1000600,images/10586/10586_1000600_t2w.mha,images/10586/10586_1000600_adc.mha,images/10586/10586_1000600_hbv.mha,/opt/data/private/lm/data/Prostate/PI-CAI/labels/csPCa_lesion_delineations/human_expert/resampled/10586_1000600.nii.gz,human_expert_resampled,NO,False,0,val
10587,1000601,10587_1000601,images/10587/10587_1000601_t2w.mha,images/10587/10587_1000601_adc.mha,images/10587/10587_1000601_hbv.mha,/opt/data/private/lm/data/Prostate/PI-CAI/labels/csPCa_lesion_delineations/human_expert/resampled/10587_1000601.nii.gz,human_expert_resampled,NO,False,0,train
10588,1000602,10588_1000602,images/10588/10588_1000602_t2w.mha,images/10588/10588_1000602_adc.mha,images/10588/10588_1000602_hbv.mha,/opt/data/private/lm/data/Prostate/PI-CAI/labels/csPCa_lesion_delineations/human_expert/resampled/10588_1000602.nii.gz,human_expert_resampled,NO,False,0,train
10589,1000603,10589_1000603,images/10589/10589_1000603_t2w.mha,images/10589/10589_1000603_adc.mha,images/10589/10589_1000603_hbv.mha,/opt/data/private/lm/data/Prostate/PI-CAI/labels/csPCa_lesion_delineations/human_expert/resampled/10589_1000603.nii.gz,human_expert_resampled,YES,True,1,train
10590,1000604,10590_1000604,images/10590/10590_1000604_t2w.mha,images/10590/10590_1000604_adc.mha,images/10590/10590_1000604_hbv.mha,/opt/data/private/lm/data/Prostate/PI-CAI/labels/csPCa_lesion_delineations/human_expert/resampled/10590_1000604.nii.gz,human_expert_resampled,NO,False,0,val
10591,1000605,10591_1000605,images/10591/10591_1000605_t2w.mha,images/10591/10591_1000605_adc.mha,images/10591/10591_1000605_hbv.mha,/opt/data/private/lm/data/Prostate/PI-CAI/labels/csPCa_lesion_delineations/human_expert/resampled/10591_1000605.nii.gz,human_expert_resampled,NO,False,0,train
10592,1000606,10592_1000606,images/10592/10592_1000606_t2w.mha,images/10592/10592_1000606_adc.mha,images/10592/10592_1000606_hbv.mha,/opt/data/private/lm/data/Prostate/PI-CAI/labels/csPCa_lesion_delineations/human_expert/resampled/10592_1000606.nii.gz,human_expert_resampled,NO,False,0,train
10593,1000607,10593_1000607,images/10593/10593_1000607_t2w.mha,images/10593/10593_1000607_adc.mha,images/10593/10593_1000607_hbv.mha,/opt/data/private/lm/data/Prostate/PI-CAI/labels/csPCa_lesion_delineations/human_expert/resampled/10593_1000607.nii.gz,human_expert_resampled,NO,False,0,train
10594,1000608,10594_1000608,images/10594/10594_1000608_t2w.mha,images/10594/10594_1000608_adc.mha,images/10594/10594_1000608_hbv.mha,/opt/data/private/lm/data/Prostate/PI-CAI/labels/csPCa_lesion_delineations/human_expert/resampled/10594_1000608.nii.gz,human_expert_resampled,NO,False,0,train
10595,1000609,10595_1000609,images/10595/10595_1000609_t2w.mha,images/10595/10595_1000609_adc.mha,images/10595/10595_1000609_hbv.mha,/opt/data/private/lm/data/Prostate/PI-CAI/labels/csPCa_lesion_delineations/human_expert/resampled/10595_1000609.nii.gz,human_expert_resampled,NO,False,0,train
10596,1000610,10596_1000610,images/10596/10596_1000610_t2w.mha,images/10596/10596_1000610_adc.mha,images/10596/10596_1000610_hbv.mha,/opt/data/private/lm/data/Prostate/PI-CAI/labels/csPCa_lesion_delineations/human_expert/resampled/10596_1000610.nii.gz,human_expert_resampled,NO,False,0,val
10597,1000611,10597_1000611,images/10597/10597_1000611_t2w.mha,images/10597/10597_1000611_adc.mha,images/10597/10597_1000611_hbv.mha,/opt/data/private/lm/data/Prostate/PI-CAI/labels/csPCa_lesion_delineations/human_expert/resampled/10597_1000611.nii.gz,human_expert_resampled,NO,False,0,train
10598,1000612,10598_1000612,images/10598/10598_1000612_t2w.mha,images/10598/10598_1000612_adc.mha,images/10598/10598_1000612_hbv.mha,/opt/data/private/lm/data/Prostate/PI-CAI/labels/csPCa_lesion_delineations/human_expert/resampled/10598_1000612.nii.gz,human_expert_resampled,NO,False,0,train
10599,1000613,10599_1000613,images/10599/10599_1000613_t2w.mha,images/10599/10599_1000613_adc.mha,images/10599/10599_1000613_hbv.mha,/opt/data/private/lm/data/Prostate/PI-CAI/labels/csPCa_lesion_delineations/human_expert/resampled/10599_1000613.nii.gz,human_expert_resampled,NO,False,0,val
10600,1000614,10600_1000614,images/10600/10600_1000614_t2w.mha,images/10600/10600_1000614_adc.mha,images/10600/10600_1000614_hbv.mha,/opt/data/private/lm/data/Prostate/PI-CAI/labels/csPCa_lesion_delineations/human_expert/resampled/10600_1000614.nii.gz,human_expert_resampled,NO,False,0,train
10601,1000615,10601_1000615,images/10601/10601_1000615_t2w.mha,images/10601/10601_1000615_adc.mha,images/10601/10601_1000615_hbv.mha,/opt/data/private/lm/data/Prostate/PI-CAI/labels/csPCa_lesion_delineations/human_expert/resampled/10601_1000615.nii.gz,human_expert_resampled,NO,False,0,train
10602,1000616,10602_1000616,images/10602/10602_1000616_t2w.mha,images/10602/10602_1000616_adc.mha,images/10602/10602_1000616_hbv.mha,/opt/data/private/lm/data/Prostate/PI-CAI/labels/csPCa_lesion_delineations/human_expert/resampled/10602_1000616.nii.gz,human_expert_resampled,NO,False,0,train
10603,1000617,10603_1000617,images/10603/10603_1000617_t2w.mha,images/10603/10603_1000617_adc.mha,images/10603/10603_1000617_hbv.mha,/opt/data/private/lm/data/Prostate/PI-CAI/labels/csPCa_lesion_delineations/human_expert/resampled/10603_1000617.nii.gz,human_expert_resampled,NO,False,0,train
10604,1000618,10604_1000618,images/10604/10604_1000618_t2w.mha,images/10604/10604_1000618_adc.mha,images/10604/10604_1000618_hbv.mha,/opt/data/private/lm/data/Prostate/PI-CAI/labels/csPCa_lesion_delineations/human_expert/resampled/10604_1000618.nii.gz,human_expert_resampled,YES,True,1,train
10605,1000619,10605_1000619,images/10605/10605_1000619_t2w.mha,images/10605/10605_1000619_adc.mha,images/10605/10605_1000619_hbv.mha,/opt/data/private/lm/data/Prostate/PI-CAI/labels/csPCa_lesion_delineations/human_expert/resampled/10605_1000619.nii.gz,human_expert_resampled,YES,True,1,train
10606,1000620,10606_1000620,images/10606/10606_1000620_t2w.mha,images/10606/10606_1000620_adc.mha,images/10606/10606_1000620_hbv.mha,/opt/data/private/lm/data/Prostate/PI-CAI/labels/csPCa_lesion_delineations/human_expert/Pooch25/10606_1000620.nii.gz,human_expert_pooch25,YES,True,1,val
10607,1000621,10607_1000621,images/10607/10607_1000621_t2w.mha,images/10607/10607_1000621_adc.mha,images/10607/10607_1000621_hbv.mha,/opt/data/private/lm/data/Prostate/PI-CAI/labels/csPCa_lesion_delineations/human_expert/resampled/10607_1000621.nii.gz,human_expert_resampled,YES,True,1,val
10608,1000622,10608_1000622,images/10608/10608_1000622_t2w.mha,images/10608/10608_1000622_adc.mha,images/10608/10608_1000622_hbv.mha,/opt/data/private/lm/data/Prostate/PI-CAI/labels/csPCa_lesion_delineations/human_expert/resampled/10608_1000622.nii.gz,human_expert_resampled,NO,False,0,train
10609,1000623,10609_1000623,images/10609/10609_1000623_t2w.mha,images/10609/10609_1000623_adc.mha,images/10609/10609_1000623_hbv.mha,/opt/data/private/lm/data/Prostate/PI-CAI/labels/csPCa_lesion_delineations/human_expert/resampled/10609_1000623.nii.gz,human_expert_resampled,NO,False,0,train
10610,1000624,10610_1000624,images/10610/10610_1000624_t2w.mha,images/10610/10610_1000624_adc.mha,images/10610/10610_1000624_hbv.mha,/opt/data/private/lm/data/Prostate/PI-CAI/labels/csPCa_lesion_delineations/human_expert/resampled/10610_1000624.nii.gz,human_expert_resampled,NO,False,0,train
10611,1000625,10611_1000625,images/10611/10611_1000625_t2w.mha,images/10611/10611_1000625_adc.mha,images/10611/10611_1000625_hbv.mha,/opt/data/private/lm/data/Prostate/PI-CAI/labels/csPCa_lesion_delineations/human_expert/Pooch25/10611_1000625.nii.gz,human_expert_pooch25,YES,True,1,train
10612,1000626,10612_1000626,images/10612/10612_1000626_t2w.mha,images/10612/10612_1000626_adc.mha,images/10612/10612_1000626_hbv.mha,/opt/data/private/lm/data/Prostate/PI-CAI/labels/csPCa_lesion_delineations/human_expert/resampled/10612_1000626.nii.gz,human_expert_resampled,NO,False,0,train
10613,1000627,10613_1000627,images/10613/10613_1000627_t2w.mha,images/10613/10613_1000627_adc.mha,images/10613/10613_1000627_hbv.mha,/opt/data/private/lm/data/Prostate/PI-CAI/labels/csPCa_lesion_delineations/human_expert/resampled/10613_1000627.nii.gz,human_expert_resampled,NO,False,0,val
10614,1000628,10614_1000628,images/10614/10614_1000628_t2w.mha,images/10614/10614_1000628_adc.mha,images/10614/10614_1000628_hbv.mha,/opt/data/private/lm/data/Prostate/PI-CAI/labels/csPCa_lesion_delineations/human_expert/resampled/10614_1000628.nii.gz,human_expert_resampled,NO,False,0,train
10615,1000629,10615_1000629,images/10615/10615_1000629_t2w.mha,images/10615/10615_1000629_adc.mha,images/10615/10615_1000629_hbv.mha,/opt/data/private/lm/data/Prostate/PI-CAI/labels/csPCa_lesion_delineations/human_expert/resampled/10615_1000629.nii.gz,human_expert_resampled,NO,False,0,train
10616,1000630,10616_1000630,images/10616/10616_1000630_t2w.mha,images/10616/10616_1000630_adc.mha,images/10616/10616_1000630_hbv.mha,/opt/data/private/lm/data/Prostate/PI-CAI/labels/csPCa_lesion_delineations/human_expert/resampled/10616_1000630.nii.gz,human_expert_resampled,NO,False,0,train
10617,1000631,10617_1000631,images/10617/10617_1000631_t2w.mha,images/10617/10617_1000631_adc.mha,images/10617/10617_1000631_hbv.mha,/opt/data/private/lm/data/Prostate/PI-CAI/labels/csPCa_lesion_delineations/human_expert/resampled/10617_1000631.nii.gz,human_expert_resampled,NO,False,0,train
10618,1000632,10618_1000632,images/10618/10618_1000632_t2w.mha,images/10618/10618_1000632_adc.mha,images/10618/10618_1000632_hbv.mha,/opt/data/private/lm/data/Prostate/PI-CAI/labels/csPCa_lesion_delineations/human_expert/resampled/10618_1000632.nii.gz,human_expert_resampled,NO,False,0,train
10619,1000633,10619_1000633,images/10619/10619_1000633_t2w.mha,images/10619/10619_1000633_adc.mha,images/10619/10619_1000633_hbv.mha,/opt/data/private/lm/data/Prostate/PI-CAI/labels/csPCa_lesion_delineations/human_expert/resampled/10619_1000633.nii.gz,human_expert_resampled,NO,False,0,train
10620,1000634,10620_1000634,images/10620/10620_1000634_t2w.mha,images/10620/10620_1000634_adc.mha,images/10620/10620_1000634_hbv.mha,/opt/data/private/lm/data/Prostate/PI-CAI/labels/csPCa_lesion_delineations/human_expert/resampled/10620_1000634.nii.gz,human_expert_resampled,YES,True,1,train
10621,1000635,10621_1000635,images/10621/10621_1000635_t2w.mha,images/10621/10621_1000635_adc.mha,images/10621/10621_1000635_hbv.mha,/opt/data/private/lm/data/Prostate/PI-CAI/labels/csPCa_lesion_delineations/human_expert/resampled/10621_1000635.nii.gz,human_expert_resampled,NO,False,0,val
10622,1000636,10622_1000636,images/10622/10622_1000636_t2w.mha,images/10622/10622_1000636_adc.mha,images/10622/10622_1000636_hbv.mha,/opt/data/private/lm/data/Prostate/PI-CAI/labels/csPCa_lesion_delineations/human_expert/Pooch25/10622_1000636.nii.gz,human_expert_pooch25,YES,True,1,train
10623,1000637,10623_1000637,images/10623/10623_1000637_t2w.mha,images/10623/10623_1000637_adc.mha,images/10623/10623_1000637_hbv.mha,/opt/data/private/lm/data/Prostate/PI-CAI/labels/csPCa_lesion_delineations/human_expert/resampled/10623_1000637.nii.gz,human_expert_resampled,NO,False,0,train
10624,1000638,10624_1000638,images/10624/10624_1000638_t2w.mha,images/10624/10624_1000638_adc.mha,images/10624/10624_1000638_hbv.mha,/opt/data/private/lm/data/Prostate/PI-CAI/labels/csPCa_lesion_delineations/human_expert/resampled/10624_1000638.nii.gz,human_expert_resampled,NO,False,0,train
10625,1000639,10625_1000639,images/10625/10625_1000639_t2w.mha,images/10625/10625_1000639_adc.mha,images/10625/10625_1000639_hbv.mha,/opt/data/private/lm/data/Prostate/PI-CAI/labels/csPCa_lesion_delineations/human_expert/resampled/10625_1000639.nii.gz,human_expert_resampled,NO,False,0,train
10626,1000640,10626_1000640,images/10626/10626_1000640_t2w.mha,images/10626/10626_1000640_adc.mha,images/10626/10626_1000640_hbv.mha,/opt/data/private/lm/data/Prostate/PI-CAI/labels/csPCa_lesion_delineations/human_expert/resampled/10626_1000640.nii.gz,human_expert_resampled,YES,True,1,train
10627,1000641,10627_1000641,images/10627/10627_1000641_t2w.mha,images/10627/10627_1000641_adc.mha,images/10627/10627_1000641_hbv.mha,/opt/data/private/lm/data/Prostate/PI-CAI/labels/csPCa_lesion_delineations/human_expert/resampled/10627_1000641.nii.gz,human_expert_resampled,NO,False,0,val
10628,1000642,10628_1000642,images/10628/10628_1000642_t2w.mha,images/10628/10628_1000642_adc.mha,images/10628/10628_1000642_hbv.mha,/opt/data/private/lm/data/Prostate/PI-CAI/labels/csPCa_lesion_delineations/human_expert/resampled/10628_1000642.nii.gz,human_expert_resampled,NO,False,0,val
10629,1000643,10629_1000643,images/10629/10629_1000643_t2w.mha,images/10629/10629_1000643_adc.mha,images/10629/10629_1000643_hbv.mha,/opt/data/private/lm/data/Prostate/PI-CAI/labels/csPCa_lesion_delineations/human_expert/resampled/10629_1000643.nii.gz,human_expert_resampled,NO,False,0,train
10629,1000644,10629_1000644,images/10629/10629_1000644_t2w.mha,images/10629/10629_1000644_adc.mha,images/10629/10629_1000644_hbv.mha,/opt/data/private/lm/data/Prostate/PI-CAI/labels/csPCa_lesion_delineations/human_expert/resampled/10629_1000644.nii.gz,human_expert_resampled,NO,False,0,train
10630,1000645,10630_1000645,images/10630/10630_1000645_t2w.mha,images/10630/10630_1000645_adc.mha,images/10630/10630_1000645_hbv.mha,/opt/data/private/lm/data/Prostate/PI-CAI/labels/csPCa_lesion_delineations/human_expert/Pooch25/10630_1000645.nii.gz,human_expert_pooch25,YES,True,1,train
10631,1000646,10631_1000646,images/10631/10631_1000646_t2w.mha,images/10631/10631_1000646_adc.mha,images/10631/10631_1000646_hbv.mha,/opt/data/private/lm/data/Prostate/PI-CAI/labels/csPCa_lesion_delineations/human_expert/Pooch25/10631_1000646.nii.gz,human_expert_pooch25,YES,True,1,train
10632,1000647,10632_1000647,images/10632/10632_1000647_t2w.mha,images/10632/10632_1000647_adc.mha,images/10632/10632_1000647_hbv.mha,/opt/data/private/lm/data/Prostate/PI-CAI/labels/csPCa_lesion_delineations/human_expert/resampled/10632_1000647.nii.gz,human_expert_resampled,NO,False,0,train
10633,1000648,10633_1000648,images/10633/10633_1000648_t2w.mha,images/10633/10633_1000648_adc.mha,images/10633/10633_1000648_hbv.mha,/opt/data/private/lm/data/Prostate/PI-CAI/labels/csPCa_lesion_delineations/human_expert/resampled/10633_1000648.nii.gz,human_expert_resampled,NO,False,0,train
10634,1000649,10634_1000649,images/10634/10634_1000649_t2w.mha,images/10634/10634_1000649_adc.mha,images/10634/10634_1000649_hbv.mha,/opt/data/private/lm/data/Prostate/PI-CAI/labels/csPCa_lesion_delineations/human_expert/resampled/10634_1000649.nii.gz,human_expert_resampled,NO,False,0,val
10634,1000650,10634_1000650,images/10634/10634_1000650_t2w.mha,images/10634/10634_1000650_adc.mha,images/10634/10634_1000650_hbv.mha,/opt/data/private/lm/data/Prostate/PI-CAI/labels/csPCa_lesion_delineations/human_expert/resampled/10634_1000650.nii.gz,human_expert_resampled,YES,True,1,val
10635,1000651,10635_1000651,images/10635/10635_1000651_t2w.mha,images/10635/10635_1000651_adc.mha,images/10635/10635_1000651_hbv.mha,/opt/data/private/lm/data/Prostate/PI-CAI/labels/csPCa_lesion_delineations/human_expert/resampled/10635_1000651.nii.gz,human_expert_resampled,YES,True,1,train
10636,1000652,10636_1000652,images/10636/10636_1000652_t2w.mha,images/10636/10636_1000652_adc.mha,images/10636/10636_1000652_hbv.mha,/opt/data/private/lm/data/Prostate/PI-CAI/labels/csPCa_lesion_delineations/human_expert/Pooch25/10636_1000652.nii.gz,human_expert_pooch25,YES,True,1,train
10637,1000653,10637_1000653,images/10637/10637_1000653_t2w.mha,images/10637/10637_1000653_adc.mha,images/10637/10637_1000653_hbv.mha,/opt/data/private/lm/data/Prostate/PI-CAI/labels/csPCa_lesion_delineations/human_expert/resampled/10637_1000653.nii.gz,human_expert_resampled,YES,True,1,train
10638,1000654,10638_1000654,images/10638/10638_1000654_t2w.mha,images/10638/10638_1000654_adc.mha,images/10638/10638_1000654_hbv.mha,/opt/data/private/lm/data/Prostate/PI-CAI/labels/csPCa_lesion_delineations/human_expert/Pooch25/10638_1000654.nii.gz,human_expert_pooch25,YES,True,1,train
10639,1000655,10639_1000655,images/10639/10639_1000655_t2w.mha,images/10639/10639_1000655_adc.mha,images/10639/10639_1000655_hbv.mha,/opt/data/private/lm/data/Prostate/PI-CAI/labels/csPCa_lesion_delineations/human_expert/resampled/10639_1000655.nii.gz,human_expert_resampled,NO,False,0,train
10640,1000656,10640_1000656,images/10640/10640_1000656_t2w.mha,images/10640/10640_1000656_adc.mha,images/10640/10640_1000656_hbv.mha,/opt/data/private/lm/data/Prostate/PI-CAI/labels/csPCa_lesion_delineations/human_expert/resampled/10640_1000656.nii.gz,human_expert_resampled,NO,False,0,train
10641,1000657,10641_1000657,images/10641/10641_1000657_t2w.mha,images/10641/10641_1000657_adc.mha,images/10641/10641_1000657_hbv.mha,/opt/data/private/lm/data/Prostate/PI-CAI/labels/csPCa_lesion_delineations/human_expert/resampled/10641_1000657.nii.gz,human_expert_resampled,YES,True,1,val
10642,1000658,10642_1000658,images/10642/10642_1000658_t2w.mha,images/10642/10642_1000658_adc.mha,images/10642/10642_1000658_hbv.mha,/opt/data/private/lm/data/Prostate/PI-CAI/labels/csPCa_lesion_delineations/human_expert/resampled/10642_1000658.nii.gz,human_expert_resampled,NO,False,0,train
10643,1000659,10643_1000659,images/10643/10643_1000659_t2w.mha,images/10643/10643_1000659_adc.mha,images/10643/10643_1000659_hbv.mha,/opt/data/private/lm/data/Prostate/PI-CAI/labels/csPCa_lesion_delineations/human_expert/resampled/10643_1000659.nii.gz,human_expert_resampled,NO,False,0,train
10644,1000660,10644_1000660,images/10644/10644_1000660_t2w.mha,images/10644/10644_1000660_adc.mha,images/10644/10644_1000660_hbv.mha,/opt/data/private/lm/data/Prostate/PI-CAI/labels/csPCa_lesion_delineations/human_expert/Pooch25/10644_1000660.nii.gz,human_expert_pooch25,YES,True,3,train
10645,1000661,10645_1000661,images/10645/10645_1000661_t2w.mha,images/10645/10645_1000661_adc.mha,images/10645/10645_1000661_hbv.mha,/opt/data/private/lm/data/Prostate/PI-CAI/labels/csPCa_lesion_delineations/human_expert/resampled/10645_1000661.nii.gz,human_expert_resampled,NO,False,0,train
10646,1000662,10646_1000662,images/10646/10646_1000662_t2w.mha,images/10646/10646_1000662_adc.mha,images/10646/10646_1000662_hbv.mha,/opt/data/private/lm/data/Prostate/PI-CAI/labels/csPCa_lesion_delineations/human_expert/resampled/10646_1000662.nii.gz,human_expert_resampled,NO,False,0,train
10647,1000663,10647_1000663,images/10647/10647_1000663_t2w.mha,images/10647/10647_1000663_adc.mha,images/10647/10647_1000663_hbv.mha,/opt/data/private/lm/data/Prostate/PI-CAI/labels/csPCa_lesion_delineations/human_expert/resampled/10647_1000663.nii.gz,human_expert_resampled,NO,False,0,val
10648,1000664,10648_1000664,images/10648/10648_1000664_t2w.mha,images/10648/10648_1000664_adc.mha,images/10648/10648_1000664_hbv.mha,/opt/data/private/lm/data/Prostate/PI-CAI/labels/csPCa_lesion_delineations/human_expert/resampled/10648_1000664.nii.gz,human_expert_resampled,NO,False,0,train
10649,1000665,10649_1000665,images/10649/10649_1000665_t2w.mha,images/10649/10649_1000665_adc.mha,images/10649/10649_1000665_hbv.mha,/opt/data/private/lm/data/Prostate/PI-CAI/labels/csPCa_lesion_delineations/human_expert/resampled/10649_1000665.nii.gz,human_expert_resampled,NO,False,0,train
10650,1000666,10650_1000666,images/10650/10650_1000666_t2w.mha,images/10650/10650_1000666_adc.mha,images/10650/10650_1000666_hbv.mha,/opt/data/private/lm/data/Prostate/PI-CAI/labels/csPCa_lesion_delineations/human_expert/resampled/10650_1000666.nii.gz,human_expert_resampled,NO,False,0,train
10651,1000667,10651_1000667,images/10651/10651_1000667_t2w.mha,images/10651/10651_1000667_adc.mha,images/10651/10651_1000667_hbv.mha,/opt/data/private/lm/data/Prostate/PI-CAI/labels/csPCa_lesion_delineations/human_expert/Pooch25/10651_1000667.nii.gz,human_expert_pooch25,YES,True,1,train
10652,1000668,10652_1000668,images/10652/10652_1000668_t2w.mha,images/10652/10652_1000668_adc.mha,images/10652/10652_1000668_hbv.mha,/opt/data/private/lm/data/Prostate/PI-CAI/labels/csPCa_lesion_delineations/human_expert/Pooch25/10652_1000668.nii.gz,human_expert_pooch25,YES,True,1,val
10653,1000669,10653_1000669,images/10653/10653_1000669_t2w.mha,images/10653/10653_1000669_adc.mha,images/10653/10653_1000669_hbv.mha,/opt/data/private/lm/data/Prostate/PI-CAI/labels/csPCa_lesion_delineations/human_expert/resampled/10653_1000669.nii.gz,human_expert_resampled,NO,False,0,train
10654,1000670,10654_1000670,images/10654/10654_1000670_t2w.mha,images/10654/10654_1000670_adc.mha,images/10654/10654_1000670_hbv.mha,/opt/data/private/lm/data/Prostate/PI-CAI/labels/csPCa_lesion_delineations/human_expert/resampled/10654_1000670.nii.gz,human_expert_resampled,NO,False,0,train
10655,1000671,10655_1000671,images/10655/10655_1000671_t2w.mha,images/10655/10655_1000671_adc.mha,images/10655/10655_1000671_hbv.mha,/opt/data/private/lm/data/Prostate/PI-CAI/labels/csPCa_lesion_delineations/human_expert/resampled/10655_1000671.nii.gz,human_expert_resampled,NO,False,0,train
10656,1000672,10656_1000672,images/10656/10656_1000672_t2w.mha,images/10656/10656_1000672_adc.mha,images/10656/10656_1000672_hbv.mha,/opt/data/private/lm/data/Prostate/PI-CAI/labels/csPCa_lesion_delineations/human_expert/resampled/10656_1000672.nii.gz,human_expert_resampled,NO,False,0,train
10657,1000673,10657_1000673,images/10657/10657_1000673_t2w.mha,images/10657/10657_1000673_adc.mha,images/10657/10657_1000673_hbv.mha,/opt/data/private/lm/data/Prostate/PI-CAI/labels/csPCa_lesion_delineations/human_expert/resampled/10657_1000673.nii.gz,human_expert_resampled,NO,False,0,val
10658,1000674,10658_1000674,images/10658/10658_1000674_t2w.mha,images/10658/10658_1000674_adc.mha,images/10658/10658_1000674_hbv.mha,/opt/data/private/lm/data/Prostate/PI-CAI/labels/csPCa_lesion_delineations/human_expert/Pooch25/10658_1000674.nii.gz,human_expert_pooch25,YES,True,1,train
10659,1000675,10659_1000675,images/10659/10659_1000675_t2w.mha,images/10659/10659_1000675_adc.mha,images/10659/10659_1000675_hbv.mha,/opt/data/private/lm/data/Prostate/PI-CAI/labels/csPCa_lesion_delineations/human_expert/resampled/10659_1000675.nii.gz,human_expert_resampled,NO,False,0,train
10660,1000676,10660_1000676,images/10660/10660_1000676_t2w.mha,images/10660/10660_1000676_adc.mha,images/10660/10660_1000676_hbv.mha,/opt/data/private/lm/data/Prostate/PI-CAI/labels/csPCa_lesion_delineations/human_expert/Pooch25/10660_1000676.nii.gz,human_expert_pooch25,YES,True,1,train
10661,1000677,10661_1000677,images/10661/10661_1000677_t2w.mha,images/10661/10661_1000677_adc.mha,images/10661/10661_1000677_hbv.mha,/opt/data/private/lm/data/Prostate/PI-CAI/labels/csPCa_lesion_delineations/human_expert/Pooch25/10661_1000677.nii.gz,human_expert_pooch25,YES,True,1,train
10662,1000678,10662_1000678,images/10662/10662_1000678_t2w.mha,images/10662/10662_1000678_adc.mha,images/10662/10662_1000678_hbv.mha,/opt/data/private/lm/data/Prostate/PI-CAI/labels/csPCa_lesion_delineations/human_expert/resampled/10662_1000678.nii.gz,human_expert_resampled,NO,False,0,val
10663,1000679,10663_1000679,images/10663/10663_1000679_t2w.mha,images/10663/10663_1000679_adc.mha,images/10663/10663_1000679_hbv.mha,/opt/data/private/lm/data/Prostate/PI-CAI/labels/csPCa_lesion_delineations/human_expert/resampled/10663_1000679.nii.gz,human_expert_resampled,NO,False,0,train
10664,1000680,10664_1000680,images/10664/10664_1000680_t2w.mha,images/10664/10664_1000680_adc.mha,images/10664/10664_1000680_hbv.mha,/opt/data/private/lm/data/Prostate/PI-CAI/labels/csPCa_lesion_delineations/human_expert/resampled/10664_1000680.nii.gz,human_expert_resampled,NO,False,0,train
10665,1000681,10665_1000681,images/10665/10665_1000681_t2w.mha,images/10665/10665_1000681_adc.mha,images/10665/10665_1000681_hbv.mha,/opt/data/private/lm/data/Prostate/PI-CAI/labels/csPCa_lesion_delineations/human_expert/resampled/10665_1000681.nii.gz,human_expert_resampled,YES,True,1,train
10666,1000682,10666_1000682,images/10666/10666_1000682_t2w.mha,images/10666/10666_1000682_adc.mha,images/10666/10666_1000682_hbv.mha,/opt/data/private/lm/data/Prostate/PI-CAI/labels/csPCa_lesion_delineations/human_expert/resampled/10666_1000682.nii.gz,human_expert_resampled,NO,False,0,val
10667,1000683,10667_1000683,images/10667/10667_1000683_t2w.mha,images/10667/10667_1000683_adc.mha,images/10667/10667_1000683_hbv.mha,/opt/data/private/lm/data/Prostate/PI-CAI/labels/csPCa_lesion_delineations/human_expert/resampled/10667_1000683.nii.gz,human_expert_resampled,NO,False,0,train
10668,1000684,10668_1000684,images/10668/10668_1000684_t2w.mha,images/10668/10668_1000684_adc.mha,images/10668/10668_1000684_hbv.mha,/opt/data/private/lm/data/Prostate/PI-CAI/labels/csPCa_lesion_delineations/human_expert/resampled/10668_1000684.nii.gz,human_expert_resampled,YES,True,1,train
10669,1000685,10669_1000685,images/10669/10669_1000685_t2w.mha,images/10669/10669_1000685_adc.mha,images/10669/10669_1000685_hbv.mha,/opt/data/private/lm/data/Prostate/PI-CAI/labels/csPCa_lesion_delineations/human_expert/resampled/10669_1000685.nii.gz,human_expert_resampled,NO,False,0,train
10670,1000686,10670_1000686,images/10670/10670_1000686_t2w.mha,images/10670/10670_1000686_adc.mha,images/10670/10670_1000686_hbv.mha,/opt/data/private/lm/data/Prostate/PI-CAI/labels/csPCa_lesion_delineations/human_expert/resampled/10670_1000686.nii.gz,human_expert_resampled,YES,True,1,train
10671,1000687,10671_1000687,images/10671/10671_1000687_t2w.mha,images/10671/10671_1000687_adc.mha,images/10671/10671_1000687_hbv.mha,/opt/data/private/lm/data/Prostate/PI-CAI/labels/csPCa_lesion_delineations/human_expert/resampled/10671_1000687.nii.gz,human_expert_resampled,NO,False,0,train
10672,1000688,10672_1000688,images/10672/10672_1000688_t2w.mha,images/10672/10672_1000688_adc.mha,images/10672/10672_1000688_hbv.mha,/opt/data/private/lm/data/Prostate/PI-CAI/labels/csPCa_lesion_delineations/human_expert/resampled/10672_1000688.nii.gz,human_expert_resampled,NO,False,0,val
10673,1000689,10673_1000689,images/10673/10673_1000689_t2w.mha,images/10673/10673_1000689_adc.mha,images/10673/10673_1000689_hbv.mha,/opt/data/private/lm/data/Prostate/PI-CAI/labels/csPCa_lesion_delineations/human_expert/resampled/10673_1000689.nii.gz,human_expert_resampled,NO,False,0,train
10674,1000690,10674_1000690,images/10674/10674_1000690_t2w.mha,images/10674/10674_1000690_adc.mha,images/10674/10674_1000690_hbv.mha,/opt/data/private/lm/data/Prostate/PI-CAI/labels/csPCa_lesion_delineations/human_expert/resampled/10674_1000690.nii.gz,human_expert_resampled,NO,False,0,val
10675,1000691,10675_1000691,images/10675/10675_1000691_t2w.mha,images/10675/10675_1000691_adc.mha,images/10675/10675_1000691_hbv.mha,/opt/data/private/lm/data/Prostate/PI-CAI/labels/csPCa_lesion_delineations/human_expert/resampled/10675_1000691.nii.gz,human_expert_resampled,NO,False,0,train
10676,1000692,10676_1000692,images/10676/10676_1000692_t2w.mha,images/10676/10676_1000692_adc.mha,images/10676/10676_1000692_hbv.mha,/opt/data/private/lm/data/Prostate/PI-CAI/labels/csPCa_lesion_delineations/human_expert/resampled/10676_1000692.nii.gz,human_expert_resampled,NO,False,0,train
10677,1000693,10677_1000693,images/10677/10677_1000693_t2w.mha,images/10677/10677_1000693_adc.mha,images/10677/10677_1000693_hbv.mha,/opt/data/private/lm/data/Prostate/PI-CAI/labels/csPCa_lesion_delineations/human_expert/resampled/10677_1000693.nii.gz,human_expert_resampled,NO,False,0,train
10678,1000694,10678_1000694,images/10678/10678_1000694_t2w.mha,images/10678/10678_1000694_adc.mha,images/10678/10678_1000694_hbv.mha,/opt/data/private/lm/data/Prostate/PI-CAI/labels/csPCa_lesion_delineations/human_expert/resampled/10678_1000694.nii.gz,human_expert_resampled,NO,False,0,train
10679,1000695,10679_1000695,images/10679/10679_1000695_t2w.mha,images/10679/10679_1000695_adc.mha,images/10679/10679_1000695_hbv.mha,/opt/data/private/lm/data/Prostate/PI-CAI/labels/csPCa_lesion_delineations/human_expert/Pooch25/10679_1000695.nii.gz,human_expert_pooch25,YES,True,1,train
10680,1000696,10680_1000696,images/10680/10680_1000696_t2w.mha,images/10680/10680_1000696_adc.mha,images/10680/10680_1000696_hbv.mha,/opt/data/private/lm/data/Prostate/PI-CAI/labels/csPCa_lesion_delineations/human_expert/resampled/10680_1000696.nii.gz,human_expert_resampled,NO,False,0,val
10681,1000697,10681_1000697,images/10681/10681_1000697_t2w.mha,images/10681/10681_1000697_adc.mha,images/10681/10681_1000697_hbv.mha,/opt/data/private/lm/data/Prostate/PI-CAI/labels/csPCa_lesion_delineations/human_expert/resampled/10681_1000697.nii.gz,human_expert_resampled,NO,False,0,train
10682,1000698,10682_1000698,images/10682/10682_1000698_t2w.mha,images/10682/10682_1000698_adc.mha,images/10682/10682_1000698_hbv.mha,/opt/data/private/lm/data/Prostate/PI-CAI/labels/csPCa_lesion_delineations/human_expert/Pooch25/10682_1000698.nii.gz,human_expert_pooch25,YES,True,1,train
10683,1000699,10683_1000699,images/10683/10683_1000699_t2w.mha,images/10683/10683_1000699_adc.mha,images/10683/10683_1000699_hbv.mha,/opt/data/private/lm/data/Prostate/PI-CAI/labels/csPCa_lesion_delineations/human_expert/resampled/10683_1000699.nii.gz,human_expert_resampled,NO,False,0,train
10684,1000700,10684_1000700,images/10684/10684_1000700_t2w.mha,images/10684/10684_1000700_adc.mha,images/10684/10684_1000700_hbv.mha,/opt/data/private/lm/data/Prostate/PI-CAI/labels/csPCa_lesion_delineations/human_expert/Pooch25/10684_1000700.nii.gz,human_expert_pooch25,YES,True,1,train
10685,1000701,10685_1000701,images/10685/10685_1000701_t2w.mha,images/10685/10685_1000701_adc.mha,images/10685/10685_1000701_hbv.mha,/opt/data/private/lm/data/Prostate/PI-CAI/labels/csPCa_lesion_delineations/human_expert/resampled/10685_1000701.nii.gz,human_expert_resampled,NO,False,0,val
10686,1000702,10686_1000702,images/10686/10686_1000702_t2w.mha,images/10686/10686_1000702_adc.mha,images/10686/10686_1000702_hbv.mha,/opt/data/private/lm/data/Prostate/PI-CAI/labels/csPCa_lesion_delineations/human_expert/Pooch25/10686_1000702.nii.gz,human_expert_pooch25,YES,True,1,train
10687,1000703,10687_1000703,images/10687/10687_1000703_t2w.mha,images/10687/10687_1000703_adc.mha,images/10687/10687_1000703_hbv.mha,/opt/data/private/lm/data/Prostate/PI-CAI/labels/csPCa_lesion_delineations/human_expert/resampled/10687_1000703.nii.gz,human_expert_resampled,YES,True,1,train
10688,1000704,10688_1000704,images/10688/10688_1000704_t2w.mha,images/10688/10688_1000704_adc.mha,images/10688/10688_1000704_hbv.mha,/opt/data/private/lm/data/Prostate/PI-CAI/labels/csPCa_lesion_delineations/human_expert/resampled/10688_1000704.nii.gz,human_expert_resampled,YES,True,3,train
10689,1000705,10689_1000705,images/10689/10689_1000705_t2w.mha,images/10689/10689_1000705_adc.mha,images/10689/10689_1000705_hbv.mha,/opt/data/private/lm/data/Prostate/PI-CAI/labels/csPCa_lesion_delineations/human_expert/resampled/10689_1000705.nii.gz,human_expert_resampled,NO,False,0,train
10690,1000706,10690_1000706,images/10690/10690_1000706_t2w.mha,images/10690/10690_1000706_adc.mha,images/10690/10690_1000706_hbv.mha,/opt/data/private/lm/data/Prostate/PI-CAI/labels/csPCa_lesion_delineations/human_expert/Pooch25/10690_1000706.nii.gz,human_expert_pooch25,YES,True,2,train
10691,1000707,10691_1000707,images/10691/10691_1000707_t2w.mha,images/10691/10691_1000707_adc.mha,images/10691/10691_1000707_hbv.mha,/opt/data/private/lm/data/Prostate/PI-CAI/labels/csPCa_lesion_delineations/human_expert/resampled/10691_1000707.nii.gz,human_expert_resampled,NO,False,0,train
10692,1000708,10692_1000708,images/10692/10692_1000708_t2w.mha,images/10692/10692_1000708_adc.mha,images/10692/10692_1000708_hbv.mha,/opt/data/private/lm/data/Prostate/PI-CAI/labels/csPCa_lesion_delineations/human_expert/resampled/10692_1000708.nii.gz,human_expert_resampled,NO,False,0,val
10693,1000709,10693_1000709,images/10693/10693_1000709_t2w.mha,images/10693/10693_1000709_adc.mha,images/10693/10693_1000709_hbv.mha,/opt/data/private/lm/data/Prostate/PI-CAI/labels/csPCa_lesion_delineations/human_expert/Pooch25/10693_1000709.nii.gz,human_expert_pooch25,YES,True,1,train
10694,1000710,10694_1000710,images/10694/10694_1000710_t2w.mha,images/10694/10694_1000710_adc.mha,images/10694/10694_1000710_hbv.mha,/opt/data/private/lm/data/Prostate/PI-CAI/labels/csPCa_lesion_delineations/human_expert/resampled/10694_1000710.nii.gz,human_expert_resampled,NO,False,0,train
10695,1000711,10695_1000711,images/10695/10695_1000711_t2w.mha,images/10695/10695_1000711_adc.mha,images/10695/10695_1000711_hbv.mha,/opt/data/private/lm/data/Prostate/PI-CAI/labels/csPCa_lesion_delineations/human_expert/resampled/10695_1000711.nii.gz,human_expert_resampled,NO,False,0,val
10696,1000712,10696_1000712,images/10696/10696_1000712_t2w.mha,images/10696/10696_1000712_adc.mha,images/10696/10696_1000712_hbv.mha,/opt/data/private/lm/data/Prostate/PI-CAI/labels/csPCa_lesion_delineations/human_expert/resampled/10696_1000712.nii.gz,human_expert_resampled,NO,False,0,train
10697,1000713,10697_1000713,images/10697/10697_1000713_t2w.mha,images/10697/10697_1000713_adc.mha,images/10697/10697_1000713_hbv.mha,/opt/data/private/lm/data/Prostate/PI-CAI/labels/csPCa_lesion_delineations/human_expert/resampled/10697_1000713.nii.gz,human_expert_resampled,NO,False,0,train
10698,1000714,10698_1000714,images/10698/10698_1000714_t2w.mha,images/10698/10698_1000714_adc.mha,images/10698/10698_1000714_hbv.mha,/opt/data/private/lm/data/Prostate/PI-CAI/labels/csPCa_lesion_delineations/human_expert/resampled/10698_1000714.nii.gz,human_expert_resampled,NO,False,0,val
10699,1000715,10699_1000715,images/10699/10699_1000715_t2w.mha,images/10699/10699_1000715_adc.mha,images/10699/10699_1000715_hbv.mha,/opt/data/private/lm/data/Prostate/PI-CAI/labels/csPCa_lesion_delineations/human_expert/resampled/10699_1000715.nii.gz,human_expert_resampled,YES,True,1,train
10700,1000716,10700_1000716,images/10700/10700_1000716_t2w.mha,images/10700/10700_1000716_adc.mha,images/10700/10700_1000716_hbv.mha,/opt/data/private/lm/data/Prostate/PI-CAI/labels/csPCa_lesion_delineations/human_expert/resampled/10700_1000716.nii.gz,human_expert_resampled,YES,True,1,train
10701,1000717,10701_1000717,images/10701/10701_1000717_t2w.mha,images/10701/10701_1000717_adc.mha,images/10701/10701_1000717_hbv.mha,/opt/data/private/lm/data/Prostate/PI-CAI/labels/csPCa_lesion_delineations/human_expert/Pooch25/10701_1000717.nii.gz,human_expert_pooch25,YES,True,1,train
10702,1000718,10702_1000718,images/10702/10702_1000718_t2w.mha,images/10702/10702_1000718_adc.mha,images/10702/10702_1000718_hbv.mha,/opt/data/private/lm/data/Prostate/PI-CAI/labels/csPCa_lesion_delineations/human_expert/resampled/10702_1000718.nii.gz,human_expert_resampled,NO,False,0,train
10703,1000719,10703_1000719,images/10703/10703_1000719_t2w.mha,images/10703/10703_1000719_adc.mha,images/10703/10703_1000719_hbv.mha,/opt/data/private/lm/data/Prostate/PI-CAI/labels/csPCa_lesion_delineations/human_expert/resampled/10703_1000719.nii.gz,human_expert_resampled,NO,False,0,val
10704,1000720,10704_1000720,images/10704/10704_1000720_t2w.mha,images/10704/10704_1000720_adc.mha,images/10704/10704_1000720_hbv.mha,/opt/data/private/lm/data/Prostate/PI-CAI/labels/csPCa_lesion_delineations/human_expert/resampled/10704_1000720.nii.gz,human_expert_resampled,NO,False,0,train
10705,1000721,10705_1000721,images/10705/10705_1000721_t2w.mha,images/10705/10705_1000721_adc.mha,images/10705/10705_1000721_hbv.mha,/opt/data/private/lm/data/Prostate/PI-CAI/labels/csPCa_lesion_delineations/human_expert/resampled/10705_1000721.nii.gz,human_expert_resampled,NO,False,0,train
10706,1000722,10706_1000722,images/10706/10706_1000722_t2w.mha,images/10706/10706_1000722_adc.mha,images/10706/10706_1000722_hbv.mha,/opt/data/private/lm/data/Prostate/PI-CAI/labels/csPCa_lesion_delineations/human_expert/resampled/10706_1000722.nii.gz,human_expert_resampled,NO,False,0,train
10707,1000723,10707_1000723,images/10707/10707_1000723_t2w.mha,images/10707/10707_1000723_adc.mha,images/10707/10707_1000723_hbv.mha,/opt/data/private/lm/data/Prostate/PI-CAI/labels/csPCa_lesion_delineations/human_expert/resampled/10707_1000723.nii.gz,human_expert_resampled,YES,True,1,train
10708,1000724,10708_1000724,images/10708/10708_1000724_t2w.mha,images/10708/10708_1000724_adc.mha,images/10708/10708_1000724_hbv.mha,/opt/data/private/lm/data/Prostate/PI-CAI/labels/csPCa_lesion_delineations/human_expert/resampled/10708_1000724.nii.gz,human_expert_resampled,NO,False,0,val
10709,1000725,10709_1000725,images/10709/10709_1000725_t2w.mha,images/10709/10709_1000725_adc.mha,images/10709/10709_1000725_hbv.mha,/opt/data/private/lm/data/Prostate/PI-CAI/labels/csPCa_lesion_delineations/human_expert/resampled/10709_1000725.nii.gz,human_expert_resampled,NO,False,0,train
10710,1000726,10710_1000726,images/10710/10710_1000726_t2w.mha,images/10710/10710_1000726_adc.mha,images/10710/10710_1000726_hbv.mha,/opt/data/private/lm/data/Prostate/PI-CAI/labels/csPCa_lesion_delineations/human_expert/Pooch25/10710_1000726.nii.gz,human_expert_pooch25,YES,True,1,train
10711,1000727,10711_1000727,images/10711/10711_1000727_t2w.mha,images/10711/10711_1000727_adc.mha,images/10711/10711_1000727_hbv.mha,/opt/data/private/lm/data/Prostate/PI-CAI/labels/csPCa_lesion_delineations/human_expert/resampled/10711_1000727.nii.gz,human_expert_resampled,NO,False,0,train
10712,1000728,10712_1000728,images/10712/10712_1000728_t2w.mha,images/10712/10712_1000728_adc.mha,images/10712/10712_1000728_hbv.mha,/opt/data/private/lm/data/Prostate/PI-CAI/labels/csPCa_lesion_delineations/human_expert/resampled/10712_1000728.nii.gz,human_expert_resampled,NO,False,0,train
10713,1000729,10713_1000729,images/10713/10713_1000729_t2w.mha,images/10713/10713_1000729_adc.mha,images/10713/10713_1000729_hbv.mha,/opt/data/private/lm/data/Prostate/PI-CAI/labels/csPCa_lesion_delineations/human_expert/resampled/10713_1000729.nii.gz,human_expert_resampled,NO,False,0,train
10714,1000730,10714_1000730,images/10714/10714_1000730_t2w.mha,images/10714/10714_1000730_adc.mha,images/10714/10714_1000730_hbv.mha,/opt/data/private/lm/data/Prostate/PI-CAI/labels/csPCa_lesion_delineations/human_expert/resampled/10714_1000730.nii.gz,human_expert_resampled,NO,False,0,train
10715,1000731,10715_1000731,images/10715/10715_1000731_t2w.mha,images/10715/10715_1000731_adc.mha,images/10715/10715_1000731_hbv.mha,/opt/data/private/lm/data/Prostate/PI-CAI/labels/csPCa_lesion_delineations/human_expert/resampled/10715_1000731.nii.gz,human_expert_resampled,NO,False,0,train
10716,1000732,10716_1000732,images/10716/10716_1000732_t2w.mha,images/10716/10716_1000732_adc.mha,images/10716/10716_1000732_hbv.mha,/opt/data/private/lm/data/Prostate/PI-CAI/labels/csPCa_lesion_delineations/human_expert/resampled/10716_1000732.nii.gz,human_expert_resampled,NO,False,0,val
10717,1000733,10717_1000733,images/10717/10717_1000733_t2w.mha,images/10717/10717_1000733_adc.mha,images/10717/10717_1000733_hbv.mha,/opt/data/private/lm/data/Prostate/PI-CAI/labels/csPCa_lesion_delineations/human_expert/Pooch25/10717_1000733.nii.gz,human_expert_pooch25,YES,True,1,train
10718,1000734,10718_1000734,images/10718/10718_1000734_t2w.mha,images/10718/10718_1000734_adc.mha,images/10718/10718_1000734_hbv.mha,/opt/data/private/lm/data/Prostate/PI-CAI/labels/csPCa_lesion_delineations/human_expert/Pooch25/10718_1000734.nii.gz,human_expert_pooch25,YES,True,1,train
10719,1000735,10719_1000735,images/10719/10719_1000735_t2w.mha,images/10719/10719_1000735_adc.mha,images/10719/10719_1000735_hbv.mha,/opt/data/private/lm/data/Prostate/PI-CAI/labels/csPCa_lesion_delineations/human_expert/resampled/10719_1000735.nii.gz,human_expert_resampled,NO,False,0,train
10720,1000736,10720_1000736,images/10720/10720_1000736_t2w.mha,images/10720/10720_1000736_adc.mha,images/10720/10720_1000736_hbv.mha,/opt/data/private/lm/data/Prostate/PI-CAI/labels/csPCa_lesion_delineations/human_expert/resampled/10720_1000736.nii.gz,human_expert_resampled,NO,False,0,train
10721,1000737,10721_1000737,images/10721/10721_1000737_t2w.mha,images/10721/10721_1000737_adc.mha,images/10721/10721_1000737_hbv.mha,/opt/data/private/lm/data/Prostate/PI-CAI/labels/csPCa_lesion_delineations/human_expert/resampled/10721_1000737.nii.gz,human_expert_resampled,YES,True,1,train
10722,1000738,10722_1000738,images/10722/10722_1000738_t2w.mha,images/10722/10722_1000738_adc.mha,images/10722/10722_1000738_hbv.mha,/opt/data/private/lm/data/Prostate/PI-CAI/labels/csPCa_lesion_delineations/human_expert/resampled/10722_1000738.nii.gz,human_expert_resampled,NO,False,0,val
10723,1000739,10723_1000739,images/10723/10723_1000739_t2w.mha,images/10723/10723_1000739_adc.mha,images/10723/10723_1000739_hbv.mha,/opt/data/private/lm/data/Prostate/PI-CAI/labels/csPCa_lesion_delineations/human_expert/resampled/10723_1000739.nii.gz,human_expert_resampled,NO,False,0,val
10724,1000740,10724_1000740,images/10724/10724_1000740_t2w.mha,images/10724/10724_1000740_adc.mha,images/10724/10724_1000740_hbv.mha,/opt/data/private/lm/data/Prostate/PI-CAI/labels/csPCa_lesion_delineations/human_expert/resampled/10724_1000740.nii.gz,human_expert_resampled,NO,False,0,train
10725,1000741,10725_1000741,images/10725/10725_1000741_t2w.mha,images/10725/10725_1000741_adc.mha,images/10725/10725_1000741_hbv.mha,/opt/data/private/lm/data/Prostate/PI-CAI/labels/csPCa_lesion_delineations/human_expert/resampled/10725_1000741.nii.gz,human_expert_resampled,NO,False,0,train
10726,1000742,10726_1000742,images/10726/10726_1000742_t2w.mha,images/10726/10726_1000742_adc.mha,images/10726/10726_1000742_hbv.mha,/opt/data/private/lm/data/Prostate/PI-CAI/labels/csPCa_lesion_delineations/human_expert/resampled/10726_1000742.nii.gz,human_expert_resampled,YES,True,1,train
10727,1000743,10727_1000743,images/10727/10727_1000743_t2w.mha,images/10727/10727_1000743_adc.mha,images/10727/10727_1000743_hbv.mha,/opt/data/private/lm/data/Prostate/PI-CAI/labels/csPCa_lesion_delineations/human_expert/resampled/10727_1000743.nii.gz,human_expert_resampled,NO,False,0,train
10728,1000744,10728_1000744,images/10728/10728_1000744_t2w.mha,images/10728/10728_1000744_adc.mha,images/10728/10728_1000744_hbv.mha,/opt/data/private/lm/data/Prostate/PI-CAI/labels/csPCa_lesion_delineations/human_expert/resampled/10728_1000744.nii.gz,human_expert_resampled,YES,True,1,train
10729,1000745,10729_1000745,images/10729/10729_1000745_t2w.mha,images/10729/10729_1000745_adc.mha,images/10729/10729_1000745_hbv.mha,/opt/data/private/lm/data/Prostate/PI-CAI/labels/csPCa_lesion_delineations/human_expert/resampled/10729_1000745.nii.gz,human_expert_resampled,NO,False,0,train
10730,1000746,10730_1000746,images/10730/10730_1000746_t2w.mha,images/10730/10730_1000746_adc.mha,images/10730/10730_1000746_hbv.mha,/opt/data/private/lm/data/Prostate/PI-CAI/labels/csPCa_lesion_delineations/human_expert/resampled/10730_1000746.nii.gz,human_expert_resampled,YES,True,1,val
10731,1000747,10731_1000747,images/10731/10731_1000747_t2w.mha,images/10731/10731_1000747_adc.mha,images/10731/10731_1000747_hbv.mha,/opt/data/private/lm/data/Prostate/PI-CAI/labels/csPCa_lesion_delineations/human_expert/resampled/10731_1000747.nii.gz,human_expert_resampled,NO,False,0,train
10732,1000748,10732_1000748,images/10732/10732_1000748_t2w.mha,images/10732/10732_1000748_adc.mha,images/10732/10732_1000748_hbv.mha,/opt/data/private/lm/data/Prostate/PI-CAI/labels/csPCa_lesion_delineations/human_expert/resampled/10732_1000748.nii.gz,human_expert_resampled,NO,False,0,train
10733,1000749,10733_1000749,images/10733/10733_1000749_t2w.mha,images/10733/10733_1000749_adc.mha,images/10733/10733_1000749_hbv.mha,/opt/data/private/lm/data/Prostate/PI-CAI/labels/csPCa_lesion_delineations/human_expert/resampled/10733_1000749.nii.gz,human_expert_resampled,NO,False,0,train
10734,1000750,10734_1000750,images/10734/10734_1000750_t2w.mha,images/10734/10734_1000750_adc.mha,images/10734/10734_1000750_hbv.mha,/opt/data/private/lm/data/Prostate/PI-CAI/labels/csPCa_lesion_delineations/human_expert/resampled/10734_1000750.nii.gz,human_expert_resampled,NO,False,0,train
10735,1000751,10735_1000751,images/10735/10735_1000751_t2w.mha,images/10735/10735_1000751_adc.mha,images/10735/10735_1000751_hbv.mha,/opt/data/private/lm/data/Prostate/PI-CAI/labels/csPCa_lesion_delineations/human_expert/resampled/10735_1000751.nii.gz,human_expert_resampled,NO,False,0,train
10736,1000752,10736_1000752,images/10736/10736_1000752_t2w.mha,images/10736/10736_1000752_adc.mha,images/10736/10736_1000752_hbv.mha,/opt/data/private/lm/data/Prostate/PI-CAI/labels/csPCa_lesion_delineations/human_expert/resampled/10736_1000752.nii.gz,human_expert_resampled,NO,False,0,val
10737,1000753,10737_1000753,images/10737/10737_1000753_t2w.mha,images/10737/10737_1000753_adc.mha,images/10737/10737_1000753_hbv.mha,/opt/data/private/lm/data/Prostate/PI-CAI/labels/csPCa_lesion_delineations/human_expert/resampled/10737_1000753.nii.gz,human_expert_resampled,NO,False,0,train
10738,1000754,10738_1000754,images/10738/10738_1000754_t2w.mha,images/10738/10738_1000754_adc.mha,images/10738/10738_1000754_hbv.mha,/opt/data/private/lm/data/Prostate/PI-CAI/labels/csPCa_lesion_delineations/human_expert/resampled/10738_1000754.nii.gz,human_expert_resampled,NO,False,0,train
10739,1000755,10739_1000755,images/10739/10739_1000755_t2w.mha,images/10739/10739_1000755_adc.mha,images/10739/10739_1000755_hbv.mha,/opt/data/private/lm/data/Prostate/PI-CAI/labels/csPCa_lesion_delineations/human_expert/Pooch25/10739_1000755.nii.gz,human_expert_pooch25,YES,True,1,train
10740,1000756,10740_1000756,images/10740/10740_1000756_t2w.mha,images/10740/10740_1000756_adc.mha,images/10740/10740_1000756_hbv.mha,/opt/data/private/lm/data/Prostate/PI-CAI/labels/csPCa_lesion_delineations/human_expert/resampled/10740_1000756.nii.gz,human_expert_resampled,NO,False,0,train
10741,1000757,10741_1000757,images/10741/10741_1000757_t2w.mha,images/10741/10741_1000757_adc.mha,images/10741/10741_1000757_hbv.mha,/opt/data/private/lm/data/Prostate/PI-CAI/labels/csPCa_lesion_delineations/human_expert/resampled/10741_1000757.nii.gz,human_expert_resampled,NO,False,0,train
10742,1000758,10742_1000758,images/10742/10742_1000758_t2w.mha,images/10742/10742_1000758_adc.mha,images/10742/10742_1000758_hbv.mha,/opt/data/private/lm/data/Prostate/PI-CAI/labels/csPCa_lesion_delineations/human_expert/Pooch25/10742_1000758.nii.gz,human_expert_pooch25,YES,True,1,val
10743,1000759,10743_1000759,images/10743/10743_1000759_t2w.mha,images/10743/10743_1000759_adc.mha,images/10743/10743_1000759_hbv.mha,/opt/data/private/lm/data/Prostate/PI-CAI/labels/csPCa_lesion_delineations/human_expert/resampled/10743_1000759.nii.gz,human_expert_resampled,YES,True,2,val
10744,1000760,10744_1000760,images/10744/10744_1000760_t2w.mha,images/10744/10744_1000760_adc.mha,images/10744/10744_1000760_hbv.mha,/opt/data/private/lm/data/Prostate/PI-CAI/labels/csPCa_lesion_delineations/human_expert/resampled/10744_1000760.nii.gz,human_expert_resampled,NO,False,0,train
10745,1000761,10745_1000761,images/10745/10745_1000761_t2w.mha,images/10745/10745_1000761_adc.mha,images/10745/10745_1000761_hbv.mha,/opt/data/private/lm/data/Prostate/PI-CAI/labels/csPCa_lesion_delineations/human_expert/resampled/10745_1000761.nii.gz,human_expert_resampled,NO,False,0,train
10746,1000762,10746_1000762,images/10746/10746_1000762_t2w.mha,images/10746/10746_1000762_adc.mha,images/10746/10746_1000762_hbv.mha,/opt/data/private/lm/data/Prostate/PI-CAI/labels/csPCa_lesion_delineations/human_expert/resampled/10746_1000762.nii.gz,human_expert_resampled,NO,False,0,train
10747,1000763,10747_1000763,images/10747/10747_1000763_t2w.mha,images/10747/10747_1000763_adc.mha,images/10747/10747_1000763_hbv.mha,/opt/data/private/lm/data/Prostate/PI-CAI/labels/csPCa_lesion_delineations/human_expert/resampled/10747_1000763.nii.gz,human_expert_resampled,NO,False,0,train
10748,1000764,10748_1000764,images/10748/10748_1000764_t2w.mha,images/10748/10748_1000764_adc.mha,images/10748/10748_1000764_hbv.mha,/opt/data/private/lm/data/Prostate/PI-CAI/labels/csPCa_lesion_delineations/human_expert/resampled/10748_1000764.nii.gz,human_expert_resampled,NO,False,0,train
10749,1000765,10749_1000765,images/10749/10749_1000765_t2w.mha,images/10749/10749_1000765_adc.mha,images/10749/10749_1000765_hbv.mha,/opt/data/private/lm/data/Prostate/PI-CAI/labels/csPCa_lesion_delineations/human_expert/resampled/10749_1000765.nii.gz,human_expert_resampled,NO,False,0,val
10750,1000766,10750_1000766,images/10750/10750_1000766_t2w.mha,images/10750/10750_1000766_adc.mha,images/10750/10750_1000766_hbv.mha,/opt/data/private/lm/data/Prostate/PI-CAI/labels/csPCa_lesion_delineations/human_expert/resampled/10750_1000766.nii.gz,human_expert_resampled,NO,False,0,train
10751,1000767,10751_1000767,images/10751/10751_1000767_t2w.mha,images/10751/10751_1000767_adc.mha,images/10751/10751_1000767_hbv.mha,/opt/data/private/lm/data/Prostate/PI-CAI/labels/csPCa_lesion_delineations/human_expert/resampled/10751_1000767.nii.gz,human_expert_resampled,NO,False,0,train
10752,1000768,10752_1000768,images/10752/10752_1000768_t2w.mha,images/10752/10752_1000768_adc.mha,images/10752/10752_1000768_hbv.mha,/opt/data/private/lm/data/Prostate/PI-CAI/labels/csPCa_lesion_delineations/human_expert/resampled/10752_1000768.nii.gz,human_expert_resampled,NO,False,0,train
10753,1000769,10753_1000769,images/10753/10753_1000769_t2w.mha,images/10753/10753_1000769_adc.mha,images/10753/10753_1000769_hbv.mha,/opt/data/private/lm/data/Prostate/PI-CAI/labels/csPCa_lesion_delineations/human_expert/Pooch25/10753_1000769.nii.gz,human_expert_pooch25,YES,True,1,train
10754,1000770,10754_1000770,images/10754/10754_1000770_t2w.mha,images/10754/10754_1000770_adc.mha,images/10754/10754_1000770_hbv.mha,/opt/data/private/lm/data/Prostate/PI-CAI/labels/csPCa_lesion_delineations/human_expert/Pooch25/10754_1000770.nii.gz,human_expert_pooch25,YES,True,1,train
10755,1000771,10755_1000771,images/10755/10755_1000771_t2w.mha,images/10755/10755_1000771_adc.mha,images/10755/10755_1000771_hbv.mha,/opt/data/private/lm/data/Prostate/PI-CAI/labels/csPCa_lesion_delineations/human_expert/resampled/10755_1000771.nii.gz,human_expert_resampled,NO,False,0,train
10756,1000772,10756_1000772,images/10756/10756_1000772_t2w.mha,images/10756/10756_1000772_adc.mha,images/10756/10756_1000772_hbv.mha,/opt/data/private/lm/data/Prostate/PI-CAI/labels/csPCa_lesion_delineations/human_expert/resampled/10756_1000772.nii.gz,human_expert_resampled,NO,False,0,val
10757,1000773,10757_1000773,images/10757/10757_1000773_t2w.mha,images/10757/10757_1000773_adc.mha,images/10757/10757_1000773_hbv.mha,/opt/data/private/lm/data/Prostate/PI-CAI/labels/csPCa_lesion_delineations/human_expert/resampled/10757_1000773.nii.gz,human_expert_resampled,NO,False,0,train
10758,1000774,10758_1000774,images/10758/10758_1000774_t2w.mha,images/10758/10758_1000774_adc.mha,images/10758/10758_1000774_hbv.mha,/opt/data/private/lm/data/Prostate/PI-CAI/labels/csPCa_lesion_delineations/human_expert/Pooch25/10758_1000774.nii.gz,human_expert_pooch25,YES,True,1,train
10759,1000775,10759_1000775,images/10759/10759_1000775_t2w.mha,images/10759/10759_1000775_adc.mha,images/10759/10759_1000775_hbv.mha,/opt/data/private/lm/data/Prostate/PI-CAI/labels/csPCa_lesion_delineations/human_expert/resampled/10759_1000775.nii.gz,human_expert_resampled,NO,False,0,train
10760,1000776,10760_1000776,images/10760/10760_1000776_t2w.mha,images/10760/10760_1000776_adc.mha,images/10760/10760_1000776_hbv.mha,/opt/data/private/lm/data/Prostate/PI-CAI/labels/csPCa_lesion_delineations/human_expert/Pooch25/10760_1000776.nii.gz,human_expert_pooch25,YES,True,1,train
10761,1000777,10761_1000777,images/10761/10761_1000777_t2w.mha,images/10761/10761_1000777_adc.mha,images/10761/10761_1000777_hbv.mha,/opt/data/private/lm/data/Prostate/PI-CAI/labels/csPCa_lesion_delineations/human_expert/resampled/10761_1000777.nii.gz,human_expert_resampled,NO,False,0,train
10762,1000778,10762_1000778,images/10762/10762_1000778_t2w.mha,images/10762/10762_1000778_adc.mha,images/10762/10762_1000778_hbv.mha,/opt/data/private/lm/data/Prostate/PI-CAI/labels/csPCa_lesion_delineations/human_expert/resampled/10762_1000778.nii.gz,human_expert_resampled,NO,False,0,val
10763,1000779,10763_1000779,images/10763/10763_1000779_t2w.mha,images/10763/10763_1000779_adc.mha,images/10763/10763_1000779_hbv.mha,/opt/data/private/lm/data/Prostate/PI-CAI/labels/csPCa_lesion_delineations/human_expert/Pooch25/10763_1000779.nii.gz,human_expert_pooch25,YES,True,1,train
10764,1000780,10764_1000780,images/10764/10764_1000780_t2w.mha,images/10764/10764_1000780_adc.mha,images/10764/10764_1000780_hbv.mha,/opt/data/private/lm/data/Prostate/PI-CAI/labels/csPCa_lesion_delineations/human_expert/resampled/10764_1000780.nii.gz,human_expert_resampled,NO,False,0,val
10765,1000781,10765_1000781,images/10765/10765_1000781_t2w.mha,images/10765/10765_1000781_adc.mha,images/10765/10765_1000781_hbv.mha,/opt/data/private/lm/data/Prostate/PI-CAI/labels/csPCa_lesion_delineations/human_expert/resampled/10765_1000781.nii.gz,human_expert_resampled,NO,False,0,train
10766,1000782,10766_1000782,images/10766/10766_1000782_t2w.mha,images/10766/10766_1000782_adc.mha,images/10766/10766_1000782_hbv.mha,/opt/data/private/lm/data/Prostate/PI-CAI/labels/csPCa_lesion_delineations/human_expert/resampled/10766_1000782.nii.gz,human_expert_resampled,NO,False,0,train
10767,1000783,10767_1000783,images/10767/10767_1000783_t2w.mha,images/10767/10767_1000783_adc.mha,images/10767/10767_1000783_hbv.mha,/opt/data/private/lm/data/Prostate/PI-CAI/labels/csPCa_lesion_delineations/human_expert/resampled/10767_1000783.nii.gz,human_expert_resampled,NO,False,0,train
10768,1000784,10768_1000784,images/10768/10768_1000784_t2w.mha,images/10768/10768_1000784_adc.mha,images/10768/10768_1000784_hbv.mha,/opt/data/private/lm/data/Prostate/PI-CAI/labels/csPCa_lesion_delineations/human_expert/resampled/10768_1000784.nii.gz,human_expert_resampled,YES,True,1,val
10769,1000785,10769_1000785,images/10769/10769_1000785_t2w.mha,images/10769/10769_1000785_adc.mha,images/10769/10769_1000785_hbv.mha,/opt/data/private/lm/data/Prostate/PI-CAI/labels/csPCa_lesion_delineations/human_expert/resampled/10769_1000785.nii.gz,human_expert_resampled,NO,False,0,train
10770,1000786,10770_1000786,images/10770/10770_1000786_t2w.mha,images/10770/10770_1000786_adc.mha,images/10770/10770_1000786_hbv.mha,/opt/data/private/lm/data/Prostate/PI-CAI/labels/csPCa_lesion_delineations/human_expert/resampled/10770_1000786.nii.gz,human_expert_resampled,NO,False,0,train
10771,1000787,10771_1000787,images/10771/10771_1000787_t2w.mha,images/10771/10771_1000787_adc.mha,images/10771/10771_1000787_hbv.mha,/opt/data/private/lm/data/Prostate/PI-CAI/labels/csPCa_lesion_delineations/human_expert/resampled/10771_1000787.nii.gz,human_expert_resampled,NO,False,0,train
10772,1000788,10772_1000788,images/10772/10772_1000788_t2w.mha,images/10772/10772_1000788_adc.mha,images/10772/10772_1000788_hbv.mha,/opt/data/private/lm/data/Prostate/PI-CAI/labels/csPCa_lesion_delineations/human_expert/Pooch25/10772_1000788.nii.gz,human_expert_pooch25,YES,True,1,val
10773,1000789,10773_1000789,images/10773/10773_1000789_t2w.mha,images/10773/10773_1000789_adc.mha,images/10773/10773_1000789_hbv.mha,/opt/data/private/lm/data/Prostate/PI-CAI/labels/csPCa_lesion_delineations/human_expert/Pooch25/10773_1000789.nii.gz,human_expert_pooch25,YES,True,1,train
10774,1000790,10774_1000790,images/10774/10774_1000790_t2w.mha,images/10774/10774_1000790_adc.mha,images/10774/10774_1000790_hbv.mha,/opt/data/private/lm/data/Prostate/PI-CAI/labels/csPCa_lesion_delineations/human_expert/resampled/10774_1000790.nii.gz,human_expert_resampled,NO,False,0,train
10775,1000791,10775_1000791,images/10775/10775_1000791_t2w.mha,images/10775/10775_1000791_adc.mha,images/10775/10775_1000791_hbv.mha,/opt/data/private/lm/data/Prostate/PI-CAI/labels/csPCa_lesion_delineations/human_expert/Pooch25/10775_1000791.nii.gz,human_expert_pooch25,YES,True,2,train
10776,1000792,10776_1000792,images/10776/10776_1000792_t2w.mha,images/10776/10776_1000792_adc.mha,images/10776/10776_1000792_hbv.mha,/opt/data/private/lm/data/Prostate/PI-CAI/labels/csPCa_lesion_delineations/human_expert/resampled/10776_1000792.nii.gz,human_expert_resampled,NO,False,0,train
10777,1000793,10777_1000793,images/10777/10777_1000793_t2w.mha,images/10777/10777_1000793_adc.mha,images/10777/10777_1000793_hbv.mha,/opt/data/private/lm/data/Prostate/PI-CAI/labels/csPCa_lesion_delineations/human_expert/resampled/10777_1000793.nii.gz,human_expert_resampled,YES,True,1,train
10778,1000794,10778_1000794,images/10778/10778_1000794_t2w.mha,images/10778/10778_1000794_adc.mha,images/10778/10778_1000794_hbv.mha,/opt/data/private/lm/data/Prostate/PI-CAI/labels/csPCa_lesion_delineations/human_expert/resampled/10778_1000794.nii.gz,human_expert_resampled,NO,False,0,val
10779,1000795,10779_1000795,images/10779/10779_1000795_t2w.mha,images/10779/10779_1000795_adc.mha,images/10779/10779_1000795_hbv.mha,/opt/data/private/lm/data/Prostate/PI-CAI/labels/csPCa_lesion_delineations/human_expert/resampled/10779_1000795.nii.gz,human_expert_resampled,NO,False,0,train
10780,1000796,10780_1000796,images/10780/10780_1000796_t2w.mha,images/10780/10780_1000796_adc.mha,images/10780/10780_1000796_hbv.mha,/opt/data/private/lm/data/Prostate/PI-CAI/labels/csPCa_lesion_delineations/human_expert/resampled/10780_1000796.nii.gz,human_expert_resampled,NO,False,0,train
10781,1000797,10781_1000797,images/10781/10781_1000797_t2w.mha,images/10781/10781_1000797_adc.mha,images/10781/10781_1000797_hbv.mha,/opt/data/private/lm/data/Prostate/PI-CAI/labels/csPCa_lesion_delineations/human_expert/Pooch25/10781_1000797.nii.gz,human_expert_pooch25,YES,True,1,train
10782,1000798,10782_1000798,images/10782/10782_1000798_t2w.mha,images/10782/10782_1000798_adc.mha,images/10782/10782_1000798_hbv.mha,/opt/data/private/lm/data/Prostate/PI-CAI/labels/csPCa_lesion_delineations/human_expert/resampled/10782_1000798.nii.gz,human_expert_resampled,NO,False,0,train
10783,1000799,10783_1000799,images/10783/10783_1000799_t2w.mha,images/10783/10783_1000799_adc.mha,images/10783/10783_1000799_hbv.mha,/opt/data/private/lm/data/Prostate/PI-CAI/labels/csPCa_lesion_delineations/human_expert/resampled/10783_1000799.nii.gz,human_expert_resampled,NO,False,0,train
10784,1000800,10784_1000800,images/10784/10784_1000800_t2w.mha,images/10784/10784_1000800_adc.mha,images/10784/10784_1000800_hbv.mha,/opt/data/private/lm/data/Prostate/PI-CAI/labels/csPCa_lesion_delineations/human_expert/resampled/10784_1000800.nii.gz,human_expert_resampled,NO,False,0,val
10785,1000801,10785_1000801,images/10785/10785_1000801_t2w.mha,images/10785/10785_1000801_adc.mha,images/10785/10785_1000801_hbv.mha,/opt/data/private/lm/data/Prostate/PI-CAI/labels/csPCa_lesion_delineations/human_expert/resampled/10785_1000801.nii.gz,human_expert_resampled,NO,False,0,train
10786,1000802,10786_1000802,images/10786/10786_1000802_t2w.mha,images/10786/10786_1000802_adc.mha,images/10786/10786_1000802_hbv.mha,/opt/data/private/lm/data/Prostate/PI-CAI/labels/csPCa_lesion_delineations/human_expert/resampled/10786_1000802.nii.gz,human_expert_resampled,NO,False,0,train
10787,1000803,10787_1000803,images/10787/10787_1000803_t2w.mha,images/10787/10787_1000803_adc.mha,images/10787/10787_1000803_hbv.mha,/opt/data/private/lm/data/Prostate/PI-CAI/labels/csPCa_lesion_delineations/human_expert/resampled/10787_1000803.nii.gz,human_expert_resampled,NO,False,0,train
10788,1000804,10788_1000804,images/10788/10788_1000804_t2w.mha,images/10788/10788_1000804_adc.mha,images/10788/10788_1000804_hbv.mha,/opt/data/private/lm/data/Prostate/PI-CAI/labels/csPCa_lesion_delineations/human_expert/resampled/10788_1000804.nii.gz,human_expert_resampled,NO,False,0,train
10789,1000805,10789_1000805,images/10789/10789_1000805_t2w.mha,images/10789/10789_1000805_adc.mha,images/10789/10789_1000805_hbv.mha,/opt/data/private/lm/data/Prostate/PI-CAI/labels/csPCa_lesion_delineations/human_expert/resampled/10789_1000805.nii.gz,human_expert_resampled,NO,False,0,val
10790,1000806,10790_1000806,images/10790/10790_1000806_t2w.mha,images/10790/10790_1000806_adc.mha,images/10790/10790_1000806_hbv.mha,/opt/data/private/lm/data/Prostate/PI-CAI/labels/csPCa_lesion_delineations/human_expert/resampled/10790_1000806.nii.gz,human_expert_resampled,NO,False,0,train
10791,1000807,10791_1000807,images/10791/10791_1000807_t2w.mha,images/10791/10791_1000807_adc.mha,images/10791/10791_1000807_hbv.mha,/opt/data/private/lm/data/Prostate/PI-CAI/labels/csPCa_lesion_delineations/human_expert/resampled/10791_1000807.nii.gz,human_expert_resampled,NO,False,0,train
10792,1000808,10792_1000808,images/10792/10792_1000808_t2w.mha,images/10792/10792_1000808_adc.mha,images/10792/10792_1000808_hbv.mha,/opt/data/private/lm/data/Prostate/PI-CAI/labels/csPCa_lesion_delineations/human_expert/resampled/10792_1000808.nii.gz,human_expert_resampled,NO,False,0,train
10793,1000809,10793_1000809,images/10793/10793_1000809_t2w.mha,images/10793/10793_1000809_adc.mha,images/10793/10793_1000809_hbv.mha,/opt/data/private/lm/data/Prostate/PI-CAI/labels/csPCa_lesion_delineations/human_expert/resampled/10793_1000809.nii.gz,human_expert_resampled,NO,False,0,train
10794,1000810,10794_1000810,images/10794/10794_1000810_t2w.mha,images/10794/10794_1000810_adc.mha,images/10794/10794_1000810_hbv.mha,/opt/data/private/lm/data/Prostate/PI-CAI/labels/csPCa_lesion_delineations/human_expert/resampled/10794_1000810.nii.gz,human_expert_resampled,NO,False,0,val
10795,1000811,10795_1000811,images/10795/10795_1000811_t2w.mha,images/10795/10795_1000811_adc.mha,images/10795/10795_1000811_hbv.mha,/opt/data/private/lm/data/Prostate/PI-CAI/labels/csPCa_lesion_delineations/human_expert/resampled/10795_1000811.nii.gz,human_expert_resampled,NO,False,0,train
10796,1000812,10796_1000812,images/10796/10796_1000812_t2w.mha,images/10796/10796_1000812_adc.mha,images/10796/10796_1000812_hbv.mha,/opt/data/private/lm/data/Prostate/PI-CAI/labels/csPCa_lesion_delineations/human_expert/resampled/10796_1000812.nii.gz,human_expert_resampled,NO,False,0,train
10797,1000813,10797_1000813,images/10797/10797_1000813_t2w.mha,images/10797/10797_1000813_adc.mha,images/10797/10797_1000813_hbv.mha,/opt/data/private/lm/data/Prostate/PI-CAI/labels/csPCa_lesion_delineations/human_expert/Pooch25/10797_1000813.nii.gz,human_expert_pooch25,YES,True,1,train
10798,1000814,10798_1000814,images/10798/10798_1000814_t2w.mha,images/10798/10798_1000814_adc.mha,images/10798/10798_1000814_hbv.mha,/opt/data/private/lm/data/Prostate/PI-CAI/labels/csPCa_lesion_delineations/human_expert/resampled/10798_1000814.nii.gz,human_expert_resampled,YES,True,1,train
10799,1000815,10799_1000815,images/10799/10799_1000815_t2w.mha,images/10799/10799_1000815_adc.mha,images/10799/10799_1000815_hbv.mha,/opt/data/private/lm/data/Prostate/PI-CAI/labels/csPCa_lesion_delineations/human_expert/Pooch25/10799_1000815.nii.gz,human_expert_pooch25,YES,True,1,val
10800,1000816,10800_1000816,images/10800/10800_1000816_t2w.mha,images/10800/10800_1000816_adc.mha,images/10800/10800_1000816_hbv.mha,/opt/data/private/lm/data/Prostate/PI-CAI/labels/csPCa_lesion_delineations/human_expert/resampled/10800_1000816.nii.gz,human_expert_resampled,NO,False,0,train
10801,1000817,10801_1000817,images/10801/10801_1000817_t2w.mha,images/10801/10801_1000817_adc.mha,images/10801/10801_1000817_hbv.mha,/opt/data/private/lm/data/Prostate/PI-CAI/labels/csPCa_lesion_delineations/human_expert/resampled/10801_1000817.nii.gz,human_expert_resampled,NO,False,0,train
10802,1000818,10802_1000818,images/10802/10802_1000818_t2w.mha,images/10802/10802_1000818_adc.mha,images/10802/10802_1000818_hbv.mha,/opt/data/private/lm/data/Prostate/PI-CAI/labels/csPCa_lesion_delineations/human_expert/resampled/10802_1000818.nii.gz,human_expert_resampled,NO,False,0,train
10803,1000819,10803_1000819,images/10803/10803_1000819_t2w.mha,images/10803/10803_1000819_adc.mha,images/10803/10803_1000819_hbv.mha,/opt/data/private/lm/data/Prostate/PI-CAI/labels/csPCa_lesion_delineations/human_expert/resampled/10803_1000819.nii.gz,human_expert_resampled,NO,False,0,train
10804,1000820,10804_1000820,images/10804/10804_1000820_t2w.mha,images/10804/10804_1000820_adc.mha,images/10804/10804_1000820_hbv.mha,/opt/data/private/lm/data/Prostate/PI-CAI/labels/csPCa_lesion_delineations/human_expert/resampled/10804_1000820.nii.gz,human_expert_resampled,YES,True,1,val
10805,1000821,10805_1000821,images/10805/10805_1000821_t2w.mha,images/10805/10805_1000821_adc.mha,images/10805/10805_1000821_hbv.mha,/opt/data/private/lm/data/Prostate/PI-CAI/labels/csPCa_lesion_delineations/human_expert/resampled/10805_1000821.nii.gz,human_expert_resampled,NO,False,0,val
10806,1000822,10806_1000822,images/10806/10806_1000822_t2w.mha,images/10806/10806_1000822_adc.mha,images/10806/10806_1000822_hbv.mha,/opt/data/private/lm/data/Prostate/PI-CAI/labels/csPCa_lesion_delineations/human_expert/Pooch25/10806_1000822.nii.gz,human_expert_pooch25,YES,True,1,train
10807,1000823,10807_1000823,images/10807/10807_1000823_t2w.mha,images/10807/10807_1000823_adc.mha,images/10807/10807_1000823_hbv.mha,/opt/data/private/lm/data/Prostate/PI-CAI/labels/csPCa_lesion_delineations/human_expert/resampled/10807_1000823.nii.gz,human_expert_resampled,YES,True,1,train
10808,1000824,10808_1000824,images/10808/10808_1000824_t2w.mha,images/10808/10808_1000824_adc.mha,images/10808/10808_1000824_hbv.mha,/opt/data/private/lm/data/Prostate/PI-CAI/labels/csPCa_lesion_delineations/human_expert/resampled/10808_1000824.nii.gz,human_expert_resampled,YES,True,1,train
10809,1000825,10809_1000825,images/10809/10809_1000825_t2w.mha,images/10809/10809_1000825_adc.mha,images/10809/10809_1000825_hbv.mha,/opt/data/private/lm/data/Prostate/PI-CAI/labels/csPCa_lesion_delineations/human_expert/resampled/10809_1000825.nii.gz,human_expert_resampled,NO,False,0,train
10810,1000826,10810_1000826,images/10810/10810_1000826_t2w.mha,images/10810/10810_1000826_adc.mha,images/10810/10810_1000826_hbv.mha,/opt/data/private/lm/data/Prostate/PI-CAI/labels/csPCa_lesion_delineations/human_expert/Pooch25/10810_1000826.nii.gz,human_expert_pooch25,YES,True,1,train
10811,1000827,10811_1000827,images/10811/10811_1000827_t2w.mha,images/10811/10811_1000827_adc.mha,images/10811/10811_1000827_hbv.mha,/opt/data/private/lm/data/Prostate/PI-CAI/labels/csPCa_lesion_delineations/human_expert/Pooch25/10811_1000827.nii.gz,human_expert_pooch25,YES,True,1,train
10812,1000828,10812_1000828,images/10812/10812_1000828_t2w.mha,images/10812/10812_1000828_adc.mha,images/10812/10812_1000828_hbv.mha,/opt/data/private/lm/data/Prostate/PI-CAI/labels/csPCa_lesion_delineations/human_expert/resampled/10812_1000828.nii.gz,human_expert_resampled,NO,False,0,train
10813,1000829,10813_1000829,images/10813/10813_1000829_t2w.mha,images/10813/10813_1000829_adc.mha,images/10813/10813_1000829_hbv.mha,/opt/data/private/lm/data/Prostate/PI-CAI/labels/csPCa_lesion_delineations/human_expert/resampled/10813_1000829.nii.gz,human_expert_resampled,NO,False,0,val
10814,1000830,10814_1000830,images/10814/10814_1000830_t2w.mha,images/10814/10814_1000830_adc.mha,images/10814/10814_1000830_hbv.mha,/opt/data/private/lm/data/Prostate/PI-CAI/labels/csPCa_lesion_delineations/human_expert/resampled/10814_1000830.nii.gz,human_expert_resampled,NO,False,0,train
10815,1000831,10815_1000831,images/10815/10815_1000831_t2w.mha,images/10815/10815_1000831_adc.mha,images/10815/10815_1000831_hbv.mha,/opt/data/private/lm/data/Prostate/PI-CAI/labels/csPCa_lesion_delineations/human_expert/resampled/10815_1000831.nii.gz,human_expert_resampled,NO,False,0,val
10816,1000832,10816_1000832,images/10816/10816_1000832_t2w.mha,images/10816/10816_1000832_adc.mha,images/10816/10816_1000832_hbv.mha,/opt/data/private/lm/data/Prostate/PI-CAI/labels/csPCa_lesion_delineations/human_expert/resampled/10816_1000832.nii.gz,human_expert_resampled,NO,False,0,train
10817,1000833,10817_1000833,images/10817/10817_1000833_t2w.mha,images/10817/10817_1000833_adc.mha,images/10817/10817_1000833_hbv.mha,/opt/data/private/lm/data/Prostate/PI-CAI/labels/csPCa_lesion_delineations/human_expert/resampled/10817_1000833.nii.gz,human_expert_resampled,NO,False,0,train
10818,1000834,10818_1000834,images/10818/10818_1000834_t2w.mha,images/10818/10818_1000834_adc.mha,images/10818/10818_1000834_hbv.mha,/opt/data/private/lm/data/Prostate/PI-CAI/labels/csPCa_lesion_delineations/human_expert/resampled/10818_1000834.nii.gz,human_expert_resampled,NO,False,0,train
10819,1000835,10819_1000835,images/10819/10819_1000835_t2w.mha,images/10819/10819_1000835_adc.mha,images/10819/10819_1000835_hbv.mha,/opt/data/private/lm/data/Prostate/PI-CAI/labels/csPCa_lesion_delineations/human_expert/resampled/10819_1000835.nii.gz,human_expert_resampled,NO,False,0,train
10820,1000836,10820_1000836,images/10820/10820_1000836_t2w.mha,images/10820/10820_1000836_adc.mha,images/10820/10820_1000836_hbv.mha,/opt/data/private/lm/data/Prostate/PI-CAI/labels/csPCa_lesion_delineations/human_expert/resampled/10820_1000836.nii.gz,human_expert_resampled,NO,False,0,val
10821,1000837,10821_1000837,images/10821/10821_1000837_t2w.mha,images/10821/10821_1000837_adc.mha,images/10821/10821_1000837_hbv.mha,/opt/data/private/lm/data/Prostate/PI-CAI/labels/csPCa_lesion_delineations/human_expert/resampled/10821_1000837.nii.gz,human_expert_resampled,NO,False,0,train
10822,1000838,10822_1000838,images/10822/10822_1000838_t2w.mha,images/10822/10822_1000838_adc.mha,images/10822/10822_1000838_hbv.mha,/opt/data/private/lm/data/Prostate/PI-CAI/labels/csPCa_lesion_delineations/human_expert/resampled/10822_1000838.nii.gz,human_expert_resampled,NO,False,0,train
10823,1000839,10823_1000839,images/10823/10823_1000839_t2w.mha,images/10823/10823_1000839_adc.mha,images/10823/10823_1000839_hbv.mha,/opt/data/private/lm/data/Prostate/PI-CAI/labels/csPCa_lesion_delineations/human_expert/resampled/10823_1000839.nii.gz,human_expert_resampled,NO,False,0,train
10824,1000840,10824_1000840,images/10824/10824_1000840_t2w.mha,images/10824/10824_1000840_adc.mha,images/10824/10824_1000840_hbv.mha,/opt/data/private/lm/data/Prostate/PI-CAI/labels/csPCa_lesion_delineations/human_expert/resampled/10824_1000840.nii.gz,human_expert_resampled,NO,False,0,train
10825,1000841,10825_1000841,images/10825/10825_1000841_t2w.mha,images/10825/10825_1000841_adc.mha,images/10825/10825_1000841_hbv.mha,/opt/data/private/lm/data/Prostate/PI-CAI/labels/csPCa_lesion_delineations/human_expert/resampled/10825_1000841.nii.gz,human_expert_resampled,YES,True,1,train
10826,1000842,10826_1000842,images/10826/10826_1000842_t2w.mha,images/10826/10826_1000842_adc.mha,images/10826/10826_1000842_hbv.mha,/opt/data/private/lm/data/Prostate/PI-CAI/labels/csPCa_lesion_delineations/human_expert/resampled/10826_1000842.nii.gz,human_expert_resampled,NO,False,0,train
10827,1000843,10827_1000843,images/10827/10827_1000843_t2w.mha,images/10827/10827_1000843_adc.mha,images/10827/10827_1000843_hbv.mha,/opt/data/private/lm/data/Prostate/PI-CAI/labels/csPCa_lesion_delineations/human_expert/Pooch25/10827_1000843.nii.gz,human_expert_pooch25,YES,True,1,train
10828,1000844,10828_1000844,images/10828/10828_1000844_t2w.mha,images/10828/10828_1000844_adc.mha,images/10828/10828_1000844_hbv.mha,/opt/data/private/lm/data/Prostate/PI-CAI/labels/csPCa_lesion_delineations/human_expert/resampled/10828_1000844.nii.gz,human_expert_resampled,NO,False,0,val
10829,1000845,10829_1000845,images/10829/10829_1000845_t2w.mha,images/10829/10829_1000845_adc.mha,images/10829/10829_1000845_hbv.mha,/opt/data/private/lm/data/Prostate/PI-CAI/labels/csPCa_lesion_delineations/human_expert/resampled/10829_1000845.nii.gz,human_expert_resampled,NO,False,0,train
10830,1000846,10830_1000846,images/10830/10830_1000846_t2w.mha,images/10830/10830_1000846_adc.mha,images/10830/10830_1000846_hbv.mha,/opt/data/private/lm/data/Prostate/PI-CAI/labels/csPCa_lesion_delineations/human_expert/resampled/10830_1000846.nii.gz,human_expert_resampled,NO,False,0,train
10831,1000847,10831_1000847,images/10831/10831_1000847_t2w.mha,images/10831/10831_1000847_adc.mha,images/10831/10831_1000847_hbv.mha,/opt/data/private/lm/data/Prostate/PI-CAI/labels/csPCa_lesion_delineations/human_expert/resampled/10831_1000847.nii.gz,human_expert_resampled,NO,False,0,train
10832,1000848,10832_1000848,images/10832/10832_1000848_t2w.mha,images/10832/10832_1000848_adc.mha,images/10832/10832_1000848_hbv.mha,/opt/data/private/lm/data/Prostate/PI-CAI/labels/csPCa_lesion_delineations/human_expert/resampled/10832_1000848.nii.gz,human_expert_resampled,NO,False,0,train
10833,1000849,10833_1000849,images/10833/10833_1000849_t2w.mha,images/10833/10833_1000849_adc.mha,images/10833/10833_1000849_hbv.mha,/opt/data/private/lm/data/Prostate/PI-CAI/labels/csPCa_lesion_delineations/human_expert/resampled/10833_1000849.nii.gz,human_expert_resampled,YES,True,1,train
10834,1000850,10834_1000850,images/10834/10834_1000850_t2w.mha,images/10834/10834_1000850_adc.mha,images/10834/10834_1000850_hbv.mha,/opt/data/private/lm/data/Prostate/PI-CAI/labels/csPCa_lesion_delineations/human_expert/resampled/10834_1000850.nii.gz,human_expert_resampled,YES,True,1,val
10835,1000851,10835_1000851,images/10835/10835_1000851_t2w.mha,images/10835/10835_1000851_adc.mha,images/10835/10835_1000851_hbv.mha,/opt/data/private/lm/data/Prostate/PI-CAI/labels/csPCa_lesion_delineations/human_expert/resampled/10835_1000851.nii.gz,human_expert_resampled,NO,False,0,train
10836,1000852,10836_1000852,images/10836/10836_1000852_t2w.mha,images/10836/10836_1000852_adc.mha,images/10836/10836_1000852_hbv.mha,/opt/data/private/lm/data/Prostate/PI-CAI/labels/csPCa_lesion_delineations/human_expert/resampled/10836_1000852.nii.gz,human_expert_resampled,YES,True,1,train
10837,1000853,10837_1000853,images/10837/10837_1000853_t2w.mha,images/10837/10837_1000853_adc.mha,images/10837/10837_1000853_hbv.mha,/opt/data/private/lm/data/Prostate/PI-CAI/labels/csPCa_lesion_delineations/human_expert/Pooch25/10837_1000853.nii.gz,human_expert_pooch25,YES,True,2,train
10838,1000854,10838_1000854,images/10838/10838_1000854_t2w.mha,images/10838/10838_1000854_adc.mha,images/10838/10838_1000854_hbv.mha,/opt/data/private/lm/data/Prostate/PI-CAI/labels/csPCa_lesion_delineations/human_expert/resampled/10838_1000854.nii.gz,human_expert_resampled,NO,False,0,train
10839,1000855,10839_1000855,images/10839/10839_1000855_t2w.mha,images/10839/10839_1000855_adc.mha,images/10839/10839_1000855_hbv.mha,/opt/data/private/lm/data/Prostate/PI-CAI/labels/csPCa_lesion_delineations/human_expert/resampled/10839_1000855.nii.gz,human_expert_resampled,YES,True,1,val
10840,1000856,10840_1000856,images/10840/10840_1000856_t2w.mha,images/10840/10840_1000856_adc.mha,images/10840/10840_1000856_hbv.mha,/opt/data/private/lm/data/Prostate/PI-CAI/labels/csPCa_lesion_delineations/human_expert/resampled/10840_1000856.nii.gz,human_expert_resampled,NO,False,0,train
10841,1000857,10841_1000857,images/10841/10841_1000857_t2w.mha,images/10841/10841_1000857_adc.mha,images/10841/10841_1000857_hbv.mha,/opt/data/private/lm/data/Prostate/PI-CAI/labels/csPCa_lesion_delineations/human_expert/resampled/10841_1000857.nii.gz,human_expert_resampled,NO,False,0,train
10842,1000858,10842_1000858,images/10842/10842_1000858_t2w.mha,images/10842/10842_1000858_adc.mha,images/10842/10842_1000858_hbv.mha,/opt/data/private/lm/data/Prostate/PI-CAI/labels/csPCa_lesion_delineations/human_expert/resampled/10842_1000858.nii.gz,human_expert_resampled,YES,True,1,train
10843,1000859,10843_1000859,images/10843/10843_1000859_t2w.mha,images/10843/10843_1000859_adc.mha,images/10843/10843_1000859_hbv.mha,/opt/data/private/lm/data/Prostate/PI-CAI/labels/csPCa_lesion_delineations/human_expert/resampled/10843_1000859.nii.gz,human_expert_resampled,NO,False,0,train
10844,1000860,10844_1000860,images/10844/10844_1000860_t2w.mha,images/10844/10844_1000860_adc.mha,images/10844/10844_1000860_hbv.mha,/opt/data/private/lm/data/Prostate/PI-CAI/labels/csPCa_lesion_delineations/human_expert/resampled/10844_1000860.nii.gz,human_expert_resampled,NO,False,0,val
10845,1000861,10845_1000861,images/10845/10845_1000861_t2w.mha,images/10845/10845_1000861_adc.mha,images/10845/10845_1000861_hbv.mha,/opt/data/private/lm/data/Prostate/PI-CAI/labels/csPCa_lesion_delineations/human_expert/Pooch25/10845_1000861.nii.gz,human_expert_pooch25,YES,True,1,train
10846,1000862,10846_1000862,images/10846/10846_1000862_t2w.mha,images/10846/10846_1000862_adc.mha,images/10846/10846_1000862_hbv.mha,/opt/data/private/lm/data/Prostate/PI-CAI/labels/csPCa_lesion_delineations/human_expert/resampled/10846_1000862.nii.gz,human_expert_resampled,NO,False,0,val
10847,1000863,10847_1000863,images/10847/10847_1000863_t2w.mha,images/10847/10847_1000863_adc.mha,images/10847/10847_1000863_hbv.mha,/opt/data/private/lm/data/Prostate/PI-CAI/labels/csPCa_lesion_delineations/human_expert/resampled/10847_1000863.nii.gz,human_expert_resampled,NO,False,0,train
10848,1000864,10848_1000864,images/10848/10848_1000864_t2w.mha,images/10848/10848_1000864_adc.mha,images/10848/10848_1000864_hbv.mha,/opt/data/private/lm/data/Prostate/PI-CAI/labels/csPCa_lesion_delineations/human_expert/resampled/10848_1000864.nii.gz,human_expert_resampled,NO,False,0,train
10849,1000865,10849_1000865,images/10849/10849_1000865_t2w.mha,images/10849/10849_1000865_adc.mha,images/10849/10849_1000865_hbv.mha,/opt/data/private/lm/data/Prostate/PI-CAI/labels/csPCa_lesion_delineations/human_expert/resampled/10849_1000865.nii.gz,human_expert_resampled,NO,False,0,train
10850,1000866,10850_1000866,images/10850/10850_1000866_t2w.mha,images/10850/10850_1000866_adc.mha,images/10850/10850_1000866_hbv.mha,/opt/data/private/lm/data/Prostate/PI-CAI/labels/csPCa_lesion_delineations/human_expert/resampled/10850_1000866.nii.gz,human_expert_resampled,NO,False,0,train
10851,1000867,10851_1000867,images/10851/10851_1000867_t2w.mha,images/10851/10851_1000867_adc.mha,images/10851/10851_1000867_hbv.mha,/opt/data/private/lm/data/Prostate/PI-CAI/labels/csPCa_lesion_delineations/human_expert/resampled/10851_1000867.nii.gz,human_expert_resampled,NO,False,0,val
10852,1000868,10852_1000868,images/10852/10852_1000868_t2w.mha,images/10852/10852_1000868_adc.mha,images/10852/10852_1000868_hbv.mha,/opt/data/private/lm/data/Prostate/PI-CAI/labels/csPCa_lesion_delineations/human_expert/Pooch25/10852_1000868.nii.gz,human_expert_pooch25,YES,True,1,train
10853,1000869,10853_1000869,images/10853/10853_1000869_t2w.mha,images/10853/10853_1000869_adc.mha,images/10853/10853_1000869_hbv.mha,/opt/data/private/lm/data/Prostate/PI-CAI/labels/csPCa_lesion_delineations/human_expert/resampled/10853_1000869.nii.gz,human_expert_resampled,NO,False,0,train
10854,1000870,10854_1000870,images/10854/10854_1000870_t2w.mha,images/10854/10854_1000870_adc.mha,images/10854/10854_1000870_hbv.mha,/opt/data/private/lm/data/Prostate/PI-CAI/labels/csPCa_lesion_delineations/human_expert/resampled/10854_1000870.nii.gz,human_expert_resampled,NO,False,0,train
10855,1000871,10855_1000871,images/10855/10855_1000871_t2w.mha,images/10855/10855_1000871_adc.mha,images/10855/10855_1000871_hbv.mha,/opt/data/private/lm/data/Prostate/PI-CAI/labels/csPCa_lesion_delineations/human_expert/resampled/10855_1000871.nii.gz,human_expert_resampled,NO,False,0,train
10856,1000872,10856_1000872,images/10856/10856_1000872_t2w.mha,images/10856/10856_1000872_adc.mha,images/10856/10856_1000872_hbv.mha,/opt/data/private/lm/data/Prostate/PI-CAI/labels/csPCa_lesion_delineations/human_expert/Pooch25/10856_1000872.nii.gz,human_expert_pooch25,YES,True,1,val
10857,1000873,10857_1000873,images/10857/10857_1000873_t2w.mha,images/10857/10857_1000873_adc.mha,images/10857/10857_1000873_hbv.mha,/opt/data/private/lm/data/Prostate/PI-CAI/labels/csPCa_lesion_delineations/human_expert/Pooch25/10857_1000873.nii.gz,human_expert_pooch25,YES,True,1,train
10858,1000874,10858_1000874,images/10858/10858_1000874_t2w.mha,images/10858/10858_1000874_adc.mha,images/10858/10858_1000874_hbv.mha,/opt/data/private/lm/data/Prostate/PI-CAI/labels/csPCa_lesion_delineations/human_expert/resampled/10858_1000874.nii.gz,human_expert_resampled,NO,False,0,train
10859,1000875,10859_1000875,images/10859/10859_1000875_t2w.mha,images/10859/10859_1000875_adc.mha,images/10859/10859_1000875_hbv.mha,/opt/data/private/lm/data/Prostate/PI-CAI/labels/csPCa_lesion_delineations/human_expert/resampled/10859_1000875.nii.gz,human_expert_resampled,NO,False,0,train
10860,1000876,10860_1000876,images/10860/10860_1000876_t2w.mha,images/10860/10860_1000876_adc.mha,images/10860/10860_1000876_hbv.mha,/opt/data/private/lm/data/Prostate/PI-CAI/labels/csPCa_lesion_delineations/human_expert/resampled/10860_1000876.nii.gz,human_expert_resampled,NO,False,0,train
10861,1000877,10861_1000877,images/10861/10861_1000877_t2w.mha,images/10861/10861_1000877_adc.mha,images/10861/10861_1000877_hbv.mha,/opt/data/private/lm/data/Prostate/PI-CAI/labels/csPCa_lesion_delineations/human_expert/resampled/10861_1000877.nii.gz,human_expert_resampled,NO,False,0,train
10862,1000878,10862_1000878,images/10862/10862_1000878_t2w.mha,images/10862/10862_1000878_adc.mha,images/10862/10862_1000878_hbv.mha,/opt/data/private/lm/data/Prostate/PI-CAI/labels/csPCa_lesion_delineations/human_expert/Pooch25/10862_1000878.nii.gz,human_expert_pooch25,YES,True,1,train
10863,1000879,10863_1000879,images/10863/10863_1000879_t2w.mha,images/10863/10863_1000879_adc.mha,images/10863/10863_1000879_hbv.mha,/opt/data/private/lm/data/Prostate/PI-CAI/labels/csPCa_lesion_delineations/human_expert/resampled/10863_1000879.nii.gz,human_expert_resampled,NO,False,0,train
10864,1000880,10864_1000880,images/10864/10864_1000880_t2w.mha,images/10864/10864_1000880_adc.mha,images/10864/10864_1000880_hbv.mha,/opt/data/private/lm/data/Prostate/PI-CAI/labels/csPCa_lesion_delineations/human_expert/resampled/10864_1000880.nii.gz,human_expert_resampled,NO,False,0,val
10865,1000881,10865_1000881,images/10865/10865_1000881_t2w.mha,images/10865/10865_1000881_adc.mha,images/10865/10865_1000881_hbv.mha,/opt/data/private/lm/data/Prostate/PI-CAI/labels/csPCa_lesion_delineations/human_expert/Pooch25/10865_1000881.nii.gz,human_expert_pooch25,YES,True,1,train
10866,1000882,10866_1000882,images/10866/10866_1000882_t2w.mha,images/10866/10866_1000882_adc.mha,images/10866/10866_1000882_hbv.mha,/opt/data/private/lm/data/Prostate/PI-CAI/labels/csPCa_lesion_delineations/human_expert/resampled/10866_1000882.nii.gz,human_expert_resampled,NO,False,0,train
10867,1000883,10867_1000883,images/10867/10867_1000883_t2w.mha,images/10867/10867_1000883_adc.mha,images/10867/10867_1000883_hbv.mha,/opt/data/private/lm/data/Prostate/PI-CAI/labels/csPCa_lesion_delineations/human_expert/resampled/10867_1000883.nii.gz,human_expert_resampled,YES,True,1,train
10868,1000884,10868_1000884,images/10868/10868_1000884_t2w.mha,images/10868/10868_1000884_adc.mha,images/10868/10868_1000884_hbv.mha,/opt/data/private/lm/data/Prostate/PI-CAI/labels/csPCa_lesion_delineations/human_expert/resampled/10868_1000884.nii.gz,human_expert_resampled,YES,True,1,train
10869,1000885,10869_1000885,images/10869/10869_1000885_t2w.mha,images/10869/10869_1000885_adc.mha,images/10869/10869_1000885_hbv.mha,/opt/data/private/lm/data/Prostate/PI-CAI/labels/csPCa_lesion_delineations/human_expert/resampled/10869_1000885.nii.gz,human_expert_resampled,NO,False,0,val
10870,1000886,10870_1000886,images/10870/10870_1000886_t2w.mha,images/10870/10870_1000886_adc.mha,images/10870/10870_1000886_hbv.mha,/opt/data/private/lm/data/Prostate/PI-CAI/labels/csPCa_lesion_delineations/human_expert/resampled/10870_1000886.nii.gz,human_expert_resampled,NO,False,0,train
10871,1000887,10871_1000887,images/10871/10871_1000887_t2w.mha,images/10871/10871_1000887_adc.mha,images/10871/10871_1000887_hbv.mha,/opt/data/private/lm/data/Prostate/PI-CAI/labels/csPCa_lesion_delineations/human_expert/resampled/10871_1000887.nii.gz,human_expert_resampled,NO,False,0,train
10872,1000888,10872_1000888,images/10872/10872_1000888_t2w.mha,images/10872/10872_1000888_adc.mha,images/10872/10872_1000888_hbv.mha,/opt/data/private/lm/data/Prostate/PI-CAI/labels/csPCa_lesion_delineations/human_expert/resampled/10872_1000888.nii.gz,human_expert_resampled,YES,True,1,train
10873,1000889,10873_1000889,images/10873/10873_1000889_t2w.mha,images/10873/10873_1000889_adc.mha,images/10873/10873_1000889_hbv.mha,/opt/data/private/lm/data/Prostate/PI-CAI/labels/csPCa_lesion_delineations/human_expert/Pooch25/10873_1000889.nii.gz,human_expert_pooch25,YES,True,1,train
10874,1000890,10874_1000890,images/10874/10874_1000890_t2w.mha,images/10874/10874_1000890_adc.mha,images/10874/10874_1000890_hbv.mha,/opt/data/private/lm/data/Prostate/PI-CAI/labels/csPCa_lesion_delineations/human_expert/resampled/10874_1000890.nii.gz,human_expert_resampled,NO,False,0,val
10875,1000891,10875_1000891,images/10875/10875_1000891_t2w.mha,images/10875/10875_1000891_adc.mha,images/10875/10875_1000891_hbv.mha,/opt/data/private/lm/data/Prostate/PI-CAI/labels/csPCa_lesion_delineations/human_expert/Pooch25/10875_1000891.nii.gz,human_expert_pooch25,YES,True,1,train
10876,1000892,10876_1000892,images/10876/10876_1000892_t2w.mha,images/10876/10876_1000892_adc.mha,images/10876/10876_1000892_hbv.mha,/opt/data/private/lm/data/Prostate/PI-CAI/labels/csPCa_lesion_delineations/human_expert/resampled/10876_1000892.nii.gz,human_expert_resampled,NO,False,0,train
10877,1000893,10877_1000893,images/10877/10877_1000893_t2w.mha,images/10877/10877_1000893_adc.mha,images/10877/10877_1000893_hbv.mha,/opt/data/private/lm/data/Prostate/PI-CAI/labels/csPCa_lesion_delineations/human_expert/resampled/10877_1000893.nii.gz,human_expert_resampled,NO,False,0,train
10878,1000894,10878_1000894,images/10878/10878_1000894_t2w.mha,images/10878/10878_1000894_adc.mha,images/10878/10878_1000894_hbv.mha,/opt/data/private/lm/data/Prostate/PI-CAI/labels/csPCa_lesion_delineations/human_expert/resampled/10878_1000894.nii.gz,human_expert_resampled,NO,False,0,train
10879,1000895,10879_1000895,images/10879/10879_1000895_t2w.mha,images/10879/10879_1000895_adc.mha,images/10879/10879_1000895_hbv.mha,/opt/data/private/lm/data/Prostate/PI-CAI/labels/csPCa_lesion_delineations/human_expert/resampled/10879_1000895.nii.gz,human_expert_resampled,NO,False,0,val
10880,1000896,10880_1000896,images/10880/10880_1000896_t2w.mha,images/10880/10880_1000896_adc.mha,images/10880/10880_1000896_hbv.mha,/opt/data/private/lm/data/Prostate/PI-CAI/labels/csPCa_lesion_delineations/human_expert/resampled/10880_1000896.nii.gz,human_expert_resampled,YES,True,1,train
10881,1000897,10881_1000897,images/10881/10881_1000897_t2w.mha,images/10881/10881_1000897_adc.mha,images/10881/10881_1000897_hbv.mha,/opt/data/private/lm/data/Prostate/PI-CAI/labels/csPCa_lesion_delineations/human_expert/resampled/10881_1000897.nii.gz,human_expert_resampled,NO,False,0,train
10882,1000898,10882_1000898,images/10882/10882_1000898_t2w.mha,images/10882/10882_1000898_adc.mha,images/10882/10882_1000898_hbv.mha,/opt/data/private/lm/data/Prostate/PI-CAI/labels/csPCa_lesion_delineations/human_expert/Pooch25/10882_1000898.nii.gz,human_expert_pooch25,YES,True,1,train
10883,1000899,10883_1000899,images/10883/10883_1000899_t2w.mha,images/10883/10883_1000899_adc.mha,images/10883/10883_1000899_hbv.mha,/opt/data/private/lm/data/Prostate/PI-CAI/labels/csPCa_lesion_delineations/human_expert/Pooch25/10883_1000899.nii.gz,human_expert_pooch25,YES,True,1,val
10884,1000900,10884_1000900,images/10884/10884_1000900_t2w.mha,images/10884/10884_1000900_adc.mha,images/10884/10884_1000900_hbv.mha,/opt/data/private/lm/data/Prostate/PI-CAI/labels/csPCa_lesion_delineations/human_expert/resampled/10884_1000900.nii.gz,human_expert_resampled,NO,False,0,train
10885,1000901,10885_1000901,images/10885/10885_1000901_t2w.mha,images/10885/10885_1000901_adc.mha,images/10885/10885_1000901_hbv.mha,/opt/data/private/lm/data/Prostate/PI-CAI/labels/csPCa_lesion_delineations/human_expert/resampled/10885_1000901.nii.gz,human_expert_resampled,YES,True,1,train
10886,1000902,10886_1000902,images/10886/10886_1000902_t2w.mha,images/10886/10886_1000902_adc.mha,images/10886/10886_1000902_hbv.mha,/opt/data/private/lm/data/Prostate/PI-CAI/labels/csPCa_lesion_delineations/human_expert/resampled/10886_1000902.nii.gz,human_expert_resampled,NO,False,0,train
10887,1000903,10887_1000903,images/10887/10887_1000903_t2w.mha,images/10887/10887_1000903_adc.mha,images/10887/10887_1000903_hbv.mha,/opt/data/private/lm/data/Prostate/PI-CAI/labels/csPCa_lesion_delineations/human_expert/resampled/10887_1000903.nii.gz,human_expert_resampled,NO,False,0,train
10888,1000904,10888_1000904,images/10888/10888_1000904_t2w.mha,images/10888/10888_1000904_adc.mha,images/10888/10888_1000904_hbv.mha,/opt/data/private/lm/data/Prostate/PI-CAI/labels/csPCa_lesion_delineations/human_expert/resampled/10888_1000904.nii.gz,human_expert_resampled,YES,True,1,train
10889,1000905,10889_1000905,images/10889/10889_1000905_t2w.mha,images/10889/10889_1000905_adc.mha,images/10889/10889_1000905_hbv.mha,/opt/data/private/lm/data/Prostate/PI-CAI/labels/csPCa_lesion_delineations/human_expert/Pooch25/10889_1000905.nii.gz,human_expert_pooch25,YES,True,3,val
10890,1000906,10890_1000906,images/10890/10890_1000906_t2w.mha,images/10890/10890_1000906_adc.mha,images/10890/10890_1000906_hbv.mha,/opt/data/private/lm/data/Prostate/PI-CAI/labels/csPCa_lesion_delineations/human_expert/Pooch25/10890_1000906.nii.gz,human_expert_pooch25,YES,True,1,train
10891,1000907,10891_1000907,images/10891/10891_1000907_t2w.mha,images/10891/10891_1000907_adc.mha,images/10891/10891_1000907_hbv.mha,/opt/data/private/lm/data/Prostate/PI-CAI/labels/csPCa_lesion_delineations/human_expert/resampled/10891_1000907.nii.gz,human_expert_resampled,NO,False,0,train
10892,1000908,10892_1000908,images/10892/10892_1000908_t2w.mha,images/10892/10892_1000908_adc.mha,images/10892/10892_1000908_hbv.mha,/opt/data/private/lm/data/Prostate/PI-CAI/labels/csPCa_lesion_delineations/human_expert/resampled/10892_1000908.nii.gz,human_expert_resampled,NO,False,0,train
10893,1000909,10893_1000909,images/10893/10893_1000909_t2w.mha,images/10893/10893_1000909_adc.mha,images/10893/10893_1000909_hbv.mha,/opt/data/private/lm/data/Prostate/PI-CAI/labels/csPCa_lesion_delineations/human_expert/resampled/10893_1000909.nii.gz,human_expert_resampled,NO,False,0,train
10894,1000910,10894_1000910,images/10894/10894_1000910_t2w.mha,images/10894/10894_1000910_adc.mha,images/10894/10894_1000910_hbv.mha,/opt/data/private/lm/data/Prostate/PI-CAI/labels/csPCa_lesion_delineations/human_expert/Pooch25/10894_1000910.nii.gz,human_expert_pooch25,YES,True,1,train
10895,1000911,10895_1000911,images/10895/10895_1000911_t2w.mha,images/10895/10895_1000911_adc.mha,images/10895/10895_1000911_hbv.mha,/opt/data/private/lm/data/Prostate/PI-CAI/labels/csPCa_lesion_delineations/human_expert/resampled/10895_1000911.nii.gz,human_expert_resampled,YES,True,1,val
10896,1000912,10896_1000912,images/10896/10896_1000912_t2w.mha,images/10896/10896_1000912_adc.mha,images/10896/10896_1000912_hbv.mha,/opt/data/private/lm/data/Prostate/PI-CAI/labels/csPCa_lesion_delineations/human_expert/resampled/10896_1000912.nii.gz,human_expert_resampled,NO,False,0,train
10897,1000913,10897_1000913,images/10897/10897_1000913_t2w.mha,images/10897/10897_1000913_adc.mha,images/10897/10897_1000913_hbv.mha,/opt/data/private/lm/data/Prostate/PI-CAI/labels/csPCa_lesion_delineations/human_expert/resampled/10897_1000913.nii.gz,human_expert_resampled,NO,False,0,train
10898,1000914,10898_1000914,images/10898/10898_1000914_t2w.mha,images/10898/10898_1000914_adc.mha,images/10898/10898_1000914_hbv.mha,/opt/data/private/lm/data/Prostate/PI-CAI/labels/csPCa_lesion_delineations/human_expert/resampled/10898_1000914.nii.gz,human_expert_resampled,NO,False,0,train
10899,1000915,10899_1000915,images/10899/10899_1000915_t2w.mha,images/10899/10899_1000915_adc.mha,images/10899/10899_1000915_hbv.mha,/opt/data/private/lm/data/Prostate/PI-CAI/labels/csPCa_lesion_delineations/human_expert/resampled/10899_1000915.nii.gz,human_expert_resampled,NO,False,0,train
10900,1000916,10900_1000916,images/10900/10900_1000916_t2w.mha,images/10900/10900_1000916_adc.mha,images/10900/10900_1000916_hbv.mha,/opt/data/private/lm/data/Prostate/PI-CAI/labels/csPCa_lesion_delineations/human_expert/Pooch25/10900_1000916.nii.gz,human_expert_pooch25,YES,True,1,val
10901,1000917,10901_1000917,images/10901/10901_1000917_t2w.mha,images/10901/10901_1000917_adc.mha,images/10901/10901_1000917_hbv.mha,/opt/data/private/lm/data/Prostate/PI-CAI/labels/csPCa_lesion_delineations/human_expert/resampled/10901_1000917.nii.gz,human_expert_resampled,YES,True,2,train
10902,1000918,10902_1000918,images/10902/10902_1000918_t2w.mha,images/10902/10902_1000918_adc.mha,images/10902/10902_1000918_hbv.mha,/opt/data/private/lm/data/Prostate/PI-CAI/labels/csPCa_lesion_delineations/human_expert/resampled/10902_1000918.nii.gz,human_expert_resampled,NO,False,0,train
10903,1000919,10903_1000919,images/10903/10903_1000919_t2w.mha,images/10903/10903_1000919_adc.mha,images/10903/10903_1000919_hbv.mha,/opt/data/private/lm/data/Prostate/PI-CAI/labels/csPCa_lesion_delineations/human_expert/Pooch25/10903_1000919.nii.gz,human_expert_pooch25,YES,True,1,train
10904,1000920,10904_1000920,images/10904/10904_1000920_t2w.mha,images/10904/10904_1000920_adc.mha,images/10904/10904_1000920_hbv.mha,/opt/data/private/lm/data/Prostate/PI-CAI/labels/csPCa_lesion_delineations/human_expert/Pooch25/10904_1000920.nii.gz,human_expert_pooch25,YES,True,1,train
10905,1000921,10905_1000921,images/10905/10905_1000921_t2w.mha,images/10905/10905_1000921_adc.mha,images/10905/10905_1000921_hbv.mha,/opt/data/private/lm/data/Prostate/PI-CAI/labels/csPCa_lesion_delineations/human_expert/resampled/10905_1000921.nii.gz,human_expert_resampled,NO,False,0,val
10905,1000922,10905_1000922,images/10905/10905_1000922_t2w.mha,images/10905/10905_1000922_adc.mha,images/10905/10905_1000922_hbv.mha,/opt/data/private/lm/data/Prostate/PI-CAI/labels/csPCa_lesion_delineations/human_expert/resampled/10905_1000922.nii.gz,human_expert_resampled,NO,False,0,val
10906,1000923,10906_1000923,images/10906/10906_1000923_t2w.mha,images/10906/10906_1000923_adc.mha,images/10906/10906_1000923_hbv.mha,/opt/data/private/lm/data/Prostate/PI-CAI/labels/csPCa_lesion_delineations/human_expert/resampled/10906_1000923.nii.gz,human_expert_resampled,NO,False,0,train
10907,1000924,10907_1000924,images/10907/10907_1000924_t2w.mha,images/10907/10907_1000924_adc.mha,images/10907/10907_1000924_hbv.mha,/opt/data/private/lm/data/Prostate/PI-CAI/labels/csPCa_lesion_delineations/human_expert/resampled/10907_1000924.nii.gz,human_expert_resampled,NO,False,0,val
10908,1000925,10908_1000925,images/10908/10908_1000925_t2w.mha,images/10908/10908_1000925_adc.mha,images/10908/10908_1000925_hbv.mha,/opt/data/private/lm/data/Prostate/PI-CAI/labels/csPCa_lesion_delineations/human_expert/resampled/10908_1000925.nii.gz,human_expert_resampled,NO,False,0,train
10909,1000926,10909_1000926,images/10909/10909_1000926_t2w.mha,images/10909/10909_1000926_adc.mha,images/10909/10909_1000926_hbv.mha,/opt/data/private/lm/data/Prostate/PI-CAI/labels/csPCa_lesion_delineations/human_expert/Pooch25/10909_1000926.nii.gz,human_expert_pooch25,YES,True,1,train
10910,1000927,10910_1000927,images/10910/10910_1000927_t2w.mha,images/10910/10910_1000927_adc.mha,images/10910/10910_1000927_hbv.mha,/opt/data/private/lm/data/Prostate/PI-CAI/labels/csPCa_lesion_delineations/human_expert/resampled/10910_1000927.nii.gz,human_expert_resampled,YES,True,1,train
10911,1000928,10911_1000928,images/10911/10911_1000928_t2w.mha,images/10911/10911_1000928_adc.mha,images/10911/10911_1000928_hbv.mha,/opt/data/private/lm/data/Prostate/PI-CAI/labels/csPCa_lesion_delineations/human_expert/resampled/10911_1000928.nii.gz,human_expert_resampled,YES,True,1,train
10912,1000929,10912_1000929,images/10912/10912_1000929_t2w.mha,images/10912/10912_1000929_adc.mha,images/10912/10912_1000929_hbv.mha,/opt/data/private/lm/data/Prostate/PI-CAI/labels/csPCa_lesion_delineations/human_expert/resampled/10912_1000929.nii.gz,human_expert_resampled,NO,False,0,val
10913,1000930,10913_1000930,images/10913/10913_1000930_t2w.mha,images/10913/10913_1000930_adc.mha,images/10913/10913_1000930_hbv.mha,/opt/data/private/lm/data/Prostate/PI-CAI/labels/csPCa_lesion_delineations/human_expert/resampled/10913_1000930.nii.gz,human_expert_resampled,NO,False,0,train
10914,1000931,10914_1000931,images/10914/10914_1000931_t2w.mha,images/10914/10914_1000931_adc.mha,images/10914/10914_1000931_hbv.mha,/opt/data/private/lm/data/Prostate/PI-CAI/labels/csPCa_lesion_delineations/human_expert/resampled/10914_1000931.nii.gz,human_expert_resampled,NO,False,0,train
10915,1000932,10915_1000932,images/10915/10915_1000932_t2w.mha,images/10915/10915_1000932_adc.mha,images/10915/10915_1000932_hbv.mha,/opt/data/private/lm/data/Prostate/PI-CAI/labels/csPCa_lesion_delineations/human_expert/resampled/10915_1000932.nii.gz,human_expert_resampled,YES,True,1,train
10916,1000933,10916_1000933,images/10916/10916_1000933_t2w.mha,images/10916/10916_1000933_adc.mha,images/10916/10916_1000933_hbv.mha,/opt/data/private/lm/data/Prostate/PI-CAI/labels/csPCa_lesion_delineations/human_expert/resampled/10916_1000933.nii.gz,human_expert_resampled,NO,False,0,train
10917,1000934,10917_1000934,images/10917/10917_1000934_t2w.mha,images/10917/10917_1000934_adc.mha,images/10917/10917_1000934_hbv.mha,/opt/data/private/lm/data/Prostate/PI-CAI/labels/csPCa_lesion_delineations/human_expert/resampled/10917_1000934.nii.gz,human_expert_resampled,NO,False,0,train
10918,1000935,10918_1000935,images/10918/10918_1000935_t2w.mha,images/10918/10918_1000935_adc.mha,images/10918/10918_1000935_hbv.mha,/opt/data/private/lm/data/Prostate/PI-CAI/labels/csPCa_lesion_delineations/human_expert/resampled/10918_1000935.nii.gz,human_expert_resampled,NO,False,0,val
10919,1000936,10919_1000936,images/10919/10919_1000936_t2w.mha,images/10919/10919_1000936_adc.mha,images/10919/10919_1000936_hbv.mha,/opt/data/private/lm/data/Prostate/PI-CAI/labels/csPCa_lesion_delineations/human_expert/resampled/10919_1000936.nii.gz,human_expert_resampled,NO,False,0,train
10920,1000937,10920_1000937,images/10920/10920_1000937_t2w.mha,images/10920/10920_1000937_adc.mha,images/10920/10920_1000937_hbv.mha,/opt/data/private/lm/data/Prostate/PI-CAI/labels/csPCa_lesion_delineations/human_expert/resampled/10920_1000937.nii.gz,human_expert_resampled,YES,True,1,train
10921,1000938,10921_1000938,images/10921/10921_1000938_t2w.mha,images/10921/10921_1000938_adc.mha,images/10921/10921_1000938_hbv.mha,/opt/data/private/lm/data/Prostate/PI-CAI/labels/csPCa_lesion_delineations/human_expert/resampled/10921_1000938.nii.gz,human_expert_resampled,YES,True,1,train
10922,1000939,10922_1000939,images/10922/10922_1000939_t2w.mha,images/10922/10922_1000939_adc.mha,images/10922/10922_1000939_hbv.mha,/opt/data/private/lm/data/Prostate/PI-CAI/labels/csPCa_lesion_delineations/human_expert/resampled/10922_1000939.nii.gz,human_expert_resampled,NO,False,0,train
10923,1000940,10923_1000940,images/10923/10923_1000940_t2w.mha,images/10923/10923_1000940_adc.mha,images/10923/10923_1000940_hbv.mha,/opt/data/private/lm/data/Prostate/PI-CAI/labels/csPCa_lesion_delineations/human_expert/resampled/10923_1000940.nii.gz,human_expert_resampled,NO,False,0,val
10924,1000941,10924_1000941,images/10924/10924_1000941_t2w.mha,images/10924/10924_1000941_adc.mha,images/10924/10924_1000941_hbv.mha,/opt/data/private/lm/data/Prostate/PI-CAI/labels/csPCa_lesion_delineations/human_expert/resampled/10924_1000941.nii.gz,human_expert_resampled,NO,False,0,train
10925,1000942,10925_1000942,images/10925/10925_1000942_t2w.mha,images/10925/10925_1000942_adc.mha,images/10925/10925_1000942_hbv.mha,/opt/data/private/lm/data/Prostate/PI-CAI/labels/csPCa_lesion_delineations/human_expert/resampled/10925_1000942.nii.gz,human_expert_resampled,YES,True,1,train
10926,1000943,10926_1000943,images/10926/10926_1000943_t2w.mha,images/10926/10926_1000943_adc.mha,images/10926/10926_1000943_hbv.mha,/opt/data/private/lm/data/Prostate/PI-CAI/labels/csPCa_lesion_delineations/human_expert/resampled/10926_1000943.nii.gz,human_expert_resampled,NO,False,0,train
10927,1000944,10927_1000944,images/10927/10927_1000944_t2w.mha,images/10927/10927_1000944_adc.mha,images/10927/10927_1000944_hbv.mha,/opt/data/private/lm/data/Prostate/PI-CAI/labels/csPCa_lesion_delineations/human_expert/resampled/10927_1000944.nii.gz,human_expert_resampled,NO,False,0,train
10928,1000945,10928_1000945,images/10928/10928_1000945_t2w.mha,images/10928/10928_1000945_adc.mha,images/10928/10928_1000945_hbv.mha,/opt/data/private/lm/data/Prostate/PI-CAI/labels/csPCa_lesion_delineations/human_expert/resampled/10928_1000945.nii.gz,human_expert_resampled,NO,False,0,train
10929,1000946,10929_1000946,images/10929/10929_1000946_t2w.mha,images/10929/10929_1000946_adc.mha,images/10929/10929_1000946_hbv.mha,/opt/data/private/lm/data/Prostate/PI-CAI/labels/csPCa_lesion_delineations/human_expert/resampled/10929_1000946.nii.gz,human_expert_resampled,NO,False,0,train
10930,1000947,10930_1000947,images/10930/10930_1000947_t2w.mha,images/10930/10930_1000947_adc.mha,images/10930/10930_1000947_hbv.mha,/opt/data/private/lm/data/Prostate/PI-CAI/labels/csPCa_lesion_delineations/human_expert/resampled/10930_1000947.nii.gz,human_expert_resampled,NO,False,0,train
10931,1000948,10931_1000948,images/10931/10931_1000948_t2w.mha,images/10931/10931_1000948_adc.mha,images/10931/10931_1000948_hbv.mha,/opt/data/private/lm/data/Prostate/PI-CAI/labels/csPCa_lesion_delineations/human_expert/resampled/10931_1000948.nii.gz,human_expert_resampled,NO,False,0,val
10932,1000949,10932_1000949,images/10932/10932_1000949_t2w.mha,images/10932/10932_1000949_adc.mha,images/10932/10932_1000949_hbv.mha,/opt/data/private/lm/data/Prostate/PI-CAI/labels/csPCa_lesion_delineations/human_expert/resampled/10932_1000949.nii.gz,human_expert_resampled,YES,True,1,val
10933,1000950,10933_1000950,images/10933/10933_1000950_t2w.mha,images/10933/10933_1000950_adc.mha,images/10933/10933_1000950_hbv.mha,/opt/data/private/lm/data/Prostate/PI-CAI/labels/csPCa_lesion_delineations/human_expert/resampled/10933_1000950.nii.gz,human_expert_resampled,NO,False,0,train
10934,1000951,10934_1000951,images/10934/10934_1000951_t2w.mha,images/10934/10934_1000951_adc.mha,images/10934/10934_1000951_hbv.mha,/opt/data/private/lm/data/Prostate/PI-CAI/labels/csPCa_lesion_delineations/human_expert/resampled/10934_1000951.nii.gz,human_expert_resampled,NO,False,0,train
10935,1000952,10935_1000952,images/10935/10935_1000952_t2w.mha,images/10935/10935_1000952_adc.mha,images/10935/10935_1000952_hbv.mha,/opt/data/private/lm/data/Prostate/PI-CAI/labels/csPCa_lesion_delineations/human_expert/resampled/10935_1000952.nii.gz,human_expert_resampled,NO,False,0,train
10936,1000953,10936_1000953,images/10936/10936_1000953_t2w.mha,images/10936/10936_1000953_adc.mha,images/10936/10936_1000953_hbv.mha,/opt/data/private/lm/data/Prostate/PI-CAI/labels/csPCa_lesion_delineations/human_expert/resampled/10936_1000953.nii.gz,human_expert_resampled,NO,False,0,train
10936,1000954,10936_1000954,images/10936/10936_1000954_t2w.mha,images/10936/10936_1000954_adc.mha,images/10936/10936_1000954_hbv.mha,/opt/data/private/lm/data/Prostate/PI-CAI/labels/csPCa_lesion_delineations/human_expert/resampled/10936_1000954.nii.gz,human_expert_resampled,NO,False,0,train
10936,1000955,10936_1000955,images/10936/10936_1000955_t2w.mha,images/10936/10936_1000955_adc.mha,images/10936/10936_1000955_hbv.mha,/opt/data/private/lm/data/Prostate/PI-CAI/labels/csPCa_lesion_delineations/human_expert/resampled/10936_1000955.nii.gz,human_expert_resampled,NO,False,0,train
10937,1000956,10937_1000956,images/10937/10937_1000956_t2w.mha,images/10937/10937_1000956_adc.mha,images/10937/10937_1000956_hbv.mha,/opt/data/private/lm/data/Prostate/PI-CAI/labels/csPCa_lesion_delineations/human_expert/resampled/10937_1000956.nii.gz,human_expert_resampled,NO,False,0,train
10938,1000957,10938_1000957,images/10938/10938_1000957_t2w.mha,images/10938/10938_1000957_adc.mha,images/10938/10938_1000957_hbv.mha,/opt/data/private/lm/data/Prostate/PI-CAI/labels/csPCa_lesion_delineations/human_expert/resampled/10938_1000957.nii.gz,human_expert_resampled,YES,True,2,val
10939,1000958,10939_1000958,images/10939/10939_1000958_t2w.mha,images/10939/10939_1000958_adc.mha,images/10939/10939_1000958_hbv.mha,/opt/data/private/lm/data/Prostate/PI-CAI/labels/csPCa_lesion_delineations/human_expert/resampled/10939_1000958.nii.gz,human_expert_resampled,NO,False,0,train
10940,1000959,10940_1000959,images/10940/10940_1000959_t2w.mha,images/10940/10940_1000959_adc.mha,images/10940/10940_1000959_hbv.mha,/opt/data/private/lm/data/Prostate/PI-CAI/labels/csPCa_lesion_delineations/human_expert/resampled/10940_1000959.nii.gz,human_expert_resampled,NO,False,0,train
10941,1000960,10941_1000960,images/10941/10941_1000960_t2w.mha,images/10941/10941_1000960_adc.mha,images/10941/10941_1000960_hbv.mha,/opt/data/private/lm/data/Prostate/PI-CAI/labels/csPCa_lesion_delineations/human_expert/resampled/10941_1000960.nii.gz,human_expert_resampled,NO,False,0,train
10942,1000961,10942_1000961,images/10942/10942_1000961_t2w.mha,images/10942/10942_1000961_adc.mha,images/10942/10942_1000961_hbv.mha,/opt/data/private/lm/data/Prostate/PI-CAI/labels/csPCa_lesion_delineations/human_expert/resampled/10942_1000961.nii.gz,human_expert_resampled,YES,True,1,train
10943,1000962,10943_1000962,images/10943/10943_1000962_t2w.mha,images/10943/10943_1000962_adc.mha,images/10943/10943_1000962_hbv.mha,/opt/data/private/lm/data/Prostate/PI-CAI/labels/csPCa_lesion_delineations/human_expert/Pooch25/10943_1000962.nii.gz,human_expert_pooch25,YES,True,1,train
10944,1000963,10944_1000963,images/10944/10944_1000963_t2w.mha,images/10944/10944_1000963_adc.mha,images/10944/10944_1000963_hbv.mha,/opt/data/private/lm/data/Prostate/PI-CAI/labels/csPCa_lesion_delineations/human_expert/resampled/10944_1000963.nii.gz,human_expert_resampled,NO,False,0,train
10945,1000964,10945_1000964,images/10945/10945_1000964_t2w.mha,images/10945/10945_1000964_adc.mha,images/10945/10945_1000964_hbv.mha,/opt/data/private/lm/data/Prostate/PI-CAI/labels/csPCa_lesion_delineations/human_expert/resampled/10945_1000964.nii.gz,human_expert_resampled,NO,False,0,train
10946,1000965,10946_1000965,images/10946/10946_1000965_t2w.mha,images/10946/10946_1000965_adc.mha,images/10946/10946_1000965_hbv.mha,/opt/data/private/lm/data/Prostate/PI-CAI/labels/csPCa_lesion_delineations/human_expert/resampled/10946_1000965.nii.gz,human_expert_resampled,NO,False,0,val
10947,1000966,10947_1000966,images/10947/10947_1000966_t2w.mha,images/10947/10947_1000966_adc.mha,images/10947/10947_1000966_hbv.mha,/opt/data/private/lm/data/Prostate/PI-CAI/labels/csPCa_lesion_delineations/human_expert/resampled/10947_1000966.nii.gz,human_expert_resampled,NO,False,0,train
10948,1000967,10948_1000967,images/10948/10948_1000967_t2w.mha,images/10948/10948_1000967_adc.mha,images/10948/10948_1000967_hbv.mha,/opt/data/private/lm/data/Prostate/PI-CAI/labels/csPCa_lesion_delineations/human_expert/resampled/10948_1000967.nii.gz,human_expert_resampled,YES,True,1,train
10949,1000968,10949_1000968,images/10949/10949_1000968_t2w.mha,images/10949/10949_1000968_adc.mha,images/10949/10949_1000968_hbv.mha,/opt/data/private/lm/data/Prostate/PI-CAI/labels/csPCa_lesion_delineations/human_expert/resampled/10949_1000968.nii.gz,human_expert_resampled,NO,False,0,train
10950,1000969,10950_1000969,images/10950/10950_1000969_t2w.mha,images/10950/10950_1000969_adc.mha,images/10950/10950_1000969_hbv.mha,/opt/data/private/lm/data/Prostate/PI-CAI/labels/csPCa_lesion_delineations/human_expert/resampled/10950_1000969.nii.gz,human_expert_resampled,NO,False,0,train
10951,1000970,10951_1000970,images/10951/10951_1000970_t2w.mha,images/10951/10951_1000970_adc.mha,images/10951/10951_1000970_hbv.mha,/opt/data/private/lm/data/Prostate/PI-CAI/labels/csPCa_lesion_delineations/human_expert/resampled/10951_1000970.nii.gz,human_expert_resampled,NO,False,0,val
10952,1000971,10952_1000971,images/10952/10952_1000971_t2w.mha,images/10952/10952_1000971_adc.mha,images/10952/10952_1000971_hbv.mha,/opt/data/private/lm/data/Prostate/PI-CAI/labels/csPCa_lesion_delineations/human_expert/resampled/10952_1000971.nii.gz,human_expert_resampled,NO,False,0,train
10953,1000972,10953_1000972,images/10953/10953_1000972_t2w.mha,images/10953/10953_1000972_adc.mha,images/10953/10953_1000972_hbv.mha,/opt/data/private/lm/data/Prostate/PI-CAI/labels/csPCa_lesion_delineations/human_expert/resampled/10953_1000972.nii.gz,human_expert_resampled,YES,True,1,train
10954,1000973,10954_1000973,images/10954/10954_1000973_t2w.mha,images/10954/10954_1000973_adc.mha,images/10954/10954_1000973_hbv.mha,/opt/data/private/lm/data/Prostate/PI-CAI/labels/csPCa_lesion_delineations/human_expert/resampled/10954_1000973.nii.gz,human_expert_resampled,NO,False,0,train
10955,1000974,10955_1000974,images/10955/10955_1000974_t2w.mha,images/10955/10955_1000974_adc.mha,images/10955/10955_1000974_hbv.mha,/opt/data/private/lm/data/Prostate/PI-CAI/labels/csPCa_lesion_delineations/human_expert/resampled/10955_1000974.nii.gz,human_expert_resampled,NO,False,0,train
10956,1000975,10956_1000975,images/10956/10956_1000975_t2w.mha,images/10956/10956_1000975_adc.mha,images/10956/10956_1000975_hbv.mha,/opt/data/private/lm/data/Prostate/PI-CAI/labels/csPCa_lesion_delineations/human_expert/Pooch25/10956_1000975.nii.gz,human_expert_pooch25,YES,True,1,val
10957,1000976,10957_1000976,images/10957/10957_1000976_t2w.mha,images/10957/10957_1000976_adc.mha,images/10957/10957_1000976_hbv.mha,/opt/data/private/lm/data/Prostate/PI-CAI/labels/csPCa_lesion_delineations/human_expert/resampled/10957_1000976.nii.gz,human_expert_resampled,YES,True,1,train
10958,1000977,10958_1000977,images/10958/10958_1000977_t2w.mha,images/10958/10958_1000977_adc.mha,images/10958/10958_1000977_hbv.mha,/opt/data/private/lm/data/Prostate/PI-CAI/labels/csPCa_lesion_delineations/human_expert/resampled/10958_1000977.nii.gz,human_expert_resampled,NO,False,0,train
10959,1000978,10959_1000978,images/10959/10959_1000978_t2w.mha,images/10959/10959_1000978_adc.mha,images/10959/10959_1000978_hbv.mha,/opt/data/private/lm/data/Prostate/PI-CAI/labels/csPCa_lesion_delineations/human_expert/resampled/10959_1000978.nii.gz,human_expert_resampled,NO,False,0,val
10960,1000979,10960_1000979,images/10960/10960_1000979_t2w.mha,images/10960/10960_1000979_adc.mha,images/10960/10960_1000979_hbv.mha,/opt/data/private/lm/data/Prostate/PI-CAI/labels/csPCa_lesion_delineations/human_expert/resampled/10960_1000979.nii.gz,human_expert_resampled,NO,False,0,train
10961,1000980,10961_1000980,images/10961/10961_1000980_t2w.mha,images/10961/10961_1000980_adc.mha,images/10961/10961_1000980_hbv.mha,/opt/data/private/lm/data/Prostate/PI-CAI/labels/csPCa_lesion_delineations/human_expert/resampled/10961_1000980.nii.gz,human_expert_resampled,YES,True,1,train
10962,1000981,10962_1000981,images/10962/10962_1000981_t2w.mha,images/10962/10962_1000981_adc.mha,images/10962/10962_1000981_hbv.mha,/opt/data/private/lm/data/Prostate/PI-CAI/labels/csPCa_lesion_delineations/human_expert/resampled/10962_1000981.nii.gz,human_expert_resampled,NO,False,0,train
10963,1000982,10963_1000982,images/10963/10963_1000982_t2w.mha,images/10963/10963_1000982_adc.mha,images/10963/10963_1000982_hbv.mha,/opt/data/private/lm/data/Prostate/PI-CAI/labels/csPCa_lesion_delineations/human_expert/resampled/10963_1000982.nii.gz,human_expert_resampled,NO,False,0,train
10964,1000983,10964_1000983,images/10964/10964_1000983_t2w.mha,images/10964/10964_1000983_adc.mha,images/10964/10964_1000983_hbv.mha,/opt/data/private/lm/data/Prostate/PI-CAI/labels/csPCa_lesion_delineations/human_expert/resampled/10964_1000983.nii.gz,human_expert_resampled,YES,True,1,train
10965,1000984,10965_1000984,images/10965/10965_1000984_t2w.mha,images/10965/10965_1000984_adc.mha,images/10965/10965_1000984_hbv.mha,/opt/data/private/lm/data/Prostate/PI-CAI/labels/csPCa_lesion_delineations/human_expert/Pooch25/10965_1000984.nii.gz,human_expert_pooch25,YES,True,1,train
10966,1000985,10966_1000985,images/10966/10966_1000985_t2w.mha,images/10966/10966_1000985_adc.mha,images/10966/10966_1000985_hbv.mha,/opt/data/private/lm/data/Prostate/PI-CAI/labels/csPCa_lesion_delineations/human_expert/resampled/10966_1000985.nii.gz,human_expert_resampled,NO,False,0,val
10967,1000986,10967_1000986,images/10967/10967_1000986_t2w.mha,images/10967/10967_1000986_adc.mha,images/10967/10967_1000986_hbv.mha,/opt/data/private/lm/data/Prostate/PI-CAI/labels/csPCa_lesion_delineations/human_expert/resampled/10967_1000986.nii.gz,human_expert_resampled,NO,False,0,train
10968,1000987,10968_1000987,images/10968/10968_1000987_t2w.mha,images/10968/10968_1000987_adc.mha,images/10968/10968_1000987_hbv.mha,/opt/data/private/lm/data/Prostate/PI-CAI/labels/csPCa_lesion_delineations/human_expert/resampled/10968_1000987.nii.gz,human_expert_resampled,YES,True,1,train
10969,1000988,10969_1000988,images/10969/10969_1000988_t2w.mha,images/10969/10969_1000988_adc.mha,images/10969/10969_1000988_hbv.mha,/opt/data/private/lm/data/Prostate/PI-CAI/labels/csPCa_lesion_delineations/human_expert/resampled/10969_1000988.nii.gz,human_expert_resampled,NO,False,0,val
10970,1000989,10970_1000989,images/10970/10970_1000989_t2w.mha,images/10970/10970_1000989_adc.mha,images/10970/10970_1000989_hbv.mha,/opt/data/private/lm/data/Prostate/PI-CAI/labels/csPCa_lesion_delineations/human_expert/resampled/10970_1000989.nii.gz,human_expert_resampled,YES,True,1,train
10971,1000990,10971_1000990,images/10971/10971_1000990_t2w.mha,images/10971/10971_1000990_adc.mha,images/10971/10971_1000990_hbv.mha,/opt/data/private/lm/data/Prostate/PI-CAI/labels/csPCa_lesion_delineations/human_expert/resampled/10971_1000990.nii.gz,human_expert_resampled,NO,False,0,train
10972,1000991,10972_1000991,images/10972/10972_1000991_t2w.mha,images/10972/10972_1000991_adc.mha,images/10972/10972_1000991_hbv.mha,/opt/data/private/lm/data/Prostate/PI-CAI/labels/csPCa_lesion_delineations/human_expert/resampled/10972_1000991.nii.gz,human_expert_resampled,NO,False,0,train
10973,1000992,10973_1000992,images/10973/10973_1000992_t2w.mha,images/10973/10973_1000992_adc.mha,images/10973/10973_1000992_hbv.mha,/opt/data/private/lm/data/Prostate/PI-CAI/labels/csPCa_lesion_delineations/human_expert/resampled/10973_1000992.nii.gz,human_expert_resampled,NO,False,0,val
10974,1000993,10974_1000993,images/10974/10974_1000993_t2w.mha,images/10974/10974_1000993_adc.mha,images/10974/10974_1000993_hbv.mha,/opt/data/private/lm/data/Prostate/PI-CAI/labels/csPCa_lesion_delineations/human_expert/resampled/10974_1000993.nii.gz,human_expert_resampled,NO,False,0,train
10975,1000994,10975_1000994,images/10975/10975_1000994_t2w.mha,images/10975/10975_1000994_adc.mha,images/10975/10975_1000994_hbv.mha,/opt/data/private/lm/data/Prostate/PI-CAI/labels/csPCa_lesion_delineations/human_expert/resampled/10975_1000994.nii.gz,human_expert_resampled,YES,True,1,train
10976,1000995,10976_1000995,images/10976/10976_1000995_t2w.mha,images/10976/10976_1000995_adc.mha,images/10976/10976_1000995_hbv.mha,/opt/data/private/lm/data/Prostate/PI-CAI/labels/csPCa_lesion_delineations/human_expert/Pooch25/10976_1000995.nii.gz,human_expert_pooch25,YES,True,1,train
10977,1000996,10977_1000996,images/10977/10977_1000996_t2w.mha,images/10977/10977_1000996_adc.mha,images/10977/10977_1000996_hbv.mha,/opt/data/private/lm/data/Prostate/PI-CAI/labels/csPCa_lesion_delineations/human_expert/resampled/10977_1000996.nii.gz,human_expert_resampled,NO,False,0,train
10978,1000997,10978_1000997,images/10978/10978_1000997_t2w.mha,images/10978/10978_1000997_adc.mha,images/10978/10978_1000997_hbv.mha,/opt/data/private/lm/data/Prostate/PI-CAI/labels/csPCa_lesion_delineations/human_expert/resampled/10978_1000997.nii.gz,human_expert_resampled,NO,False,0,train
10979,1000998,10979_1000998,images/10979/10979_1000998_t2w.mha,images/10979/10979_1000998_adc.mha,images/10979/10979_1000998_hbv.mha,/opt/data/private/lm/data/Prostate/PI-CAI/labels/csPCa_lesion_delineations/human_expert/resampled/10979_1000998.nii.gz,human_expert_resampled,NO,False,0,val
10980,1000999,10980_1000999,images/10980/10980_1000999_t2w.mha,images/10980/10980_1000999_adc.mha,images/10980/10980_1000999_hbv.mha,/opt/data/private/lm/data/Prostate/PI-CAI/labels/csPCa_lesion_delineations/human_expert/resampled/10980_1000999.nii.gz,human_expert_resampled,NO,False,0,train
10981,1001000,10981_1001000,images/10981/10981_1001000_t2w.mha,images/10981/10981_1001000_adc.mha,images/10981/10981_1001000_hbv.mha,/opt/data/private/lm/data/Prostate/PI-CAI/labels/csPCa_lesion_delineations/human_expert/resampled/10981_1001000.nii.gz,human_expert_resampled,NO,False,0,train
10982,1001001,10982_1001001,images/10982/10982_1001001_t2w.mha,images/10982/10982_1001001_adc.mha,images/10982/10982_1001001_hbv.mha,/opt/data/private/lm/data/Prostate/PI-CAI/labels/csPCa_lesion_delineations/human_expert/resampled/10982_1001001.nii.gz,human_expert_resampled,NO,False,0,train
10983,1001002,10983_1001002,images/10983/10983_1001002_t2w.mha,images/10983/10983_1001002_adc.mha,images/10983/10983_1001002_hbv.mha,/opt/data/private/lm/data/Prostate/PI-CAI/labels/csPCa_lesion_delineations/human_expert/resampled/10983_1001002.nii.gz,human_expert_resampled,NO,False,0,train
10984,1001003,10984_1001003,images/10984/10984_1001003_t2w.mha,images/10984/10984_1001003_adc.mha,images/10984/10984_1001003_hbv.mha,/opt/data/private/lm/data/Prostate/PI-CAI/labels/csPCa_lesion_delineations/human_expert/resampled/10984_1001003.nii.gz,human_expert_resampled,NO,False,0,train
10985,1001004,10985_1001004,images/10985/10985_1001004_t2w.mha,images/10985/10985_1001004_adc.mha,images/10985/10985_1001004_hbv.mha,/opt/data/private/lm/data/Prostate/PI-CAI/labels/csPCa_lesion_delineations/human_expert/resampled/10985_1001004.nii.gz,human_expert_resampled,YES,True,1,train
10986,1001005,10986_1001005,images/10986/10986_1001005_t2w.mha,images/10986/10986_1001005_adc.mha,images/10986/10986_1001005_hbv.mha,/opt/data/private/lm/data/Prostate/PI-CAI/labels/csPCa_lesion_delineations/human_expert/resampled/10986_1001005.nii.gz,human_expert_resampled,NO,False,0,val
10987,1001006,10987_1001006,images/10987/10987_1001006_t2w.mha,images/10987/10987_1001006_adc.mha,images/10987/10987_1001006_hbv.mha,/opt/data/private/lm/data/Prostate/PI-CAI/labels/csPCa_lesion_delineations/human_expert/resampled/10987_1001006.nii.gz,human_expert_resampled,NO,False,0,train
10988,1001007,10988_1001007,images/10988/10988_1001007_t2w.mha,images/10988/10988_1001007_adc.mha,images/10988/10988_1001007_hbv.mha,/opt/data/private/lm/data/Prostate/PI-CAI/labels/csPCa_lesion_delineations/human_expert/resampled/10988_1001007.nii.gz,human_expert_resampled,NO,False,0,train
10989,1001008,10989_1001008,images/10989/10989_1001008_t2w.mha,images/10989/10989_1001008_adc.mha,images/10989/10989_1001008_hbv.mha,/opt/data/private/lm/data/Prostate/PI-CAI/labels/csPCa_lesion_delineations/human_expert/resampled/10989_1001008.nii.gz,human_expert_resampled,NO,False,0,val
10990,1001009,10990_1001009,images/10990/10990_1001009_t2w.mha,images/10990/10990_1001009_adc.mha,images/10990/10990_1001009_hbv.mha,/opt/data/private/lm/data/Prostate/PI-CAI/labels/csPCa_lesion_delineations/human_expert/resampled/10990_1001009.nii.gz,human_expert_resampled,NO,False,0,train
10991,1001010,10991_1001010,images/10991/10991_1001010_t2w.mha,images/10991/10991_1001010_adc.mha,images/10991/10991_1001010_hbv.mha,/opt/data/private/lm/data/Prostate/PI-CAI/labels/csPCa_lesion_delineations/human_expert/Pooch25/10991_1001010.nii.gz,human_expert_pooch25,YES,True,1,train
10992,1001011,10992_1001011,images/10992/10992_1001011_t2w.mha,images/10992/10992_1001011_adc.mha,images/10992/10992_1001011_hbv.mha,/opt/data/private/lm/data/Prostate/PI-CAI/labels/csPCa_lesion_delineations/human_expert/resampled/10992_1001011.nii.gz,human_expert_resampled,NO,False,0,train
10993,1001012,10993_1001012,images/10993/10993_1001012_t2w.mha,images/10993/10993_1001012_adc.mha,images/10993/10993_1001012_hbv.mha,/opt/data/private/lm/data/Prostate/PI-CAI/labels/csPCa_lesion_delineations/human_expert/Pooch25/10993_1001012.nii.gz,human_expert_pooch25,YES,True,1,train
10994,1001013,10994_1001013,images/10994/10994_1001013_t2w.mha,images/10994/10994_1001013_adc.mha,images/10994/10994_1001013_hbv.mha,/opt/data/private/lm/data/Prostate/PI-CAI/labels/csPCa_lesion_delineations/human_expert/resampled/10994_1001013.nii.gz,human_expert_resampled,NO,False,0,train
10995,1001014,10995_1001014,images/10995/10995_1001014_t2w.mha,images/10995/10995_1001014_adc.mha,images/10995/10995_1001014_hbv.mha,/opt/data/private/lm/data/Prostate/PI-CAI/labels/csPCa_lesion_delineations/human_expert/Pooch25/10995_1001014.nii.gz,human_expert_pooch25,YES,True,1,train
10996,1001015,10996_1001015,images/10996/10996_1001015_t2w.mha,images/10996/10996_1001015_adc.mha,images/10996/10996_1001015_hbv.mha,/opt/data/private/lm/data/Prostate/PI-CAI/labels/csPCa_lesion_delineations/human_expert/resampled/10996_1001015.nii.gz,human_expert_resampled,NO,False,0,val
10997,1001016,10997_1001016,images/10997/10997_1001016_t2w.mha,images/10997/10997_1001016_adc.mha,images/10997/10997_1001016_hbv.mha,/opt/data/private/lm/data/Prostate/PI-CAI/labels/csPCa_lesion_delineations/human_expert/resampled/10997_1001016.nii.gz,human_expert_resampled,NO,False,0,train
10998,1001017,10998_1001017,images/10998/10998_1001017_t2w.mha,images/10998/10998_1001017_adc.mha,images/10998/10998_1001017_hbv.mha,/opt/data/private/lm/data/Prostate/PI-CAI/labels/csPCa_lesion_delineations/human_expert/resampled/10998_1001017.nii.gz,human_expert_resampled,NO,False,0,val
10999,1001018,10999_1001018,images/10999/10999_1001018_t2w.mha,images/10999/10999_1001018_adc.mha,images/10999/10999_1001018_hbv.mha,/opt/data/private/lm/data/Prostate/PI-CAI/labels/csPCa_lesion_delineations/human_expert/resampled/10999_1001018.nii.gz,human_expert_resampled,NO,False,0,train
11000,1001019,11000_1001019,images/11000/11000_1001019_t2w.mha,images/11000/11000_1001019_adc.mha,images/11000/11000_1001019_hbv.mha,/opt/data/private/lm/data/Prostate/PI-CAI/labels/csPCa_lesion_delineations/human_expert/resampled/11000_1001019.nii.gz,human_expert_resampled,NO,False,0,train
11001,1001020,11001_1001020,images/11001/11001_1001020_t2w.mha,images/11001/11001_1001020_adc.mha,images/11001/11001_1001020_hbv.mha,/opt/data/private/lm/data/Prostate/PI-CAI/labels/csPCa_lesion_delineations/human_expert/resampled/11001_1001020.nii.gz,human_expert_resampled,NO,False,0,train
11002,1001021,11002_1001021,images/11002/11002_1001021_t2w.mha,images/11002/11002_1001021_adc.mha,images/11002/11002_1001021_hbv.mha,/opt/data/private/lm/data/Prostate/PI-CAI/labels/csPCa_lesion_delineations/human_expert/resampled/11002_1001021.nii.gz,human_expert_resampled,YES,True,1,train
11003,1001022,11003_1001022,images/11003/11003_1001022_t2w.mha,images/11003/11003_1001022_adc.mha,images/11003/11003_1001022_hbv.mha,/opt/data/private/lm/data/Prostate/PI-CAI/labels/csPCa_lesion_delineations/human_expert/resampled/11003_1001022.nii.gz,human_expert_resampled,NO,False,0,train
11004,1001023,11004_1001023,images/11004/11004_1001023_t2w.mha,images/11004/11004_1001023_adc.mha,images/11004/11004_1001023_hbv.mha,/opt/data/private/lm/data/Prostate/PI-CAI/labels/csPCa_lesion_delineations/human_expert/resampled/11004_1001023.nii.gz,human_expert_resampled,NO,False,0,train
11004,1001024,11004_1001024,images/11004/11004_1001024_t2w.mha,images/11004/11004_1001024_adc.mha,images/11004/11004_1001024_hbv.mha,/opt/data/private/lm/data/Prostate/PI-CAI/labels/csPCa_lesion_delineations/human_expert/resampled/11004_1001024.nii.gz,human_expert_resampled,NO,False,0,train
11005,1001025,11005_1001025,images/11005/11005_1001025_t2w.mha,images/11005/11005_1001025_adc.mha,images/11005/11005_1001025_hbv.mha,/opt/data/private/lm/data/Prostate/PI-CAI/labels/csPCa_lesion_delineations/human_expert/resampled/11005_1001025.nii.gz,human_expert_resampled,NO,False,0,val
11006,1001026,11006_1001026,images/11006/11006_1001026_t2w.mha,images/11006/11006_1001026_adc.mha,images/11006/11006_1001026_hbv.mha,/opt/data/private/lm/data/Prostate/PI-CAI/labels/csPCa_lesion_delineations/human_expert/resampled/11006_1001026.nii.gz,human_expert_resampled,NO,False,0,train
11007,1001027,11007_1001027,images/11007/11007_1001027_t2w.mha,images/11007/11007_1001027_adc.mha,images/11007/11007_1001027_hbv.mha,/opt/data/private/lm/data/Prostate/PI-CAI/labels/csPCa_lesion_delineations/human_expert/resampled/11007_1001027.nii.gz,human_expert_resampled,NO,False,0,train
11008,1001028,11008_1001028,images/11008/11008_1001028_t2w.mha,images/11008/11008_1001028_adc.mha,images/11008/11008_1001028_hbv.mha,/opt/data/private/lm/data/Prostate/PI-CAI/labels/csPCa_lesion_delineations/human_expert/resampled/11008_1001028.nii.gz,human_expert_resampled,NO,False,0,val
11009,1001029,11009_1001029,images/11009/11009_1001029_t2w.mha,images/11009/11009_1001029_adc.mha,images/11009/11009_1001029_hbv.mha,/opt/data/private/lm/data/Prostate/PI-CAI/labels/csPCa_lesion_delineations/human_expert/Pooch25/11009_1001029.nii.gz,human_expert_pooch25,YES,True,1,train
11010,1001030,11010_1001030,images/11010/11010_1001030_t2w.mha,images/11010/11010_1001030_adc.mha,images/11010/11010_1001030_hbv.mha,/opt/data/private/lm/data/Prostate/PI-CAI/labels/csPCa_lesion_delineations/human_expert/resampled/11010_1001030.nii.gz,human_expert_resampled,NO,False,0,train
11011,1001031,11011_1001031,images/11011/11011_1001031_t2w.mha,images/11011/11011_1001031_adc.mha,images/11011/11011_1001031_hbv.mha,/opt/data/private/lm/data/Prostate/PI-CAI/labels/csPCa_lesion_delineations/human_expert/resampled/11011_1001031.nii.gz,human_expert_resampled,NO,False,0,train
11012,1001032,11012_1001032,images/11012/11012_1001032_t2w.mha,images/11012/11012_1001032_adc.mha,images/11012/11012_1001032_hbv.mha,/opt/data/private/lm/data/Prostate/PI-CAI/labels/csPCa_lesion_delineations/human_expert/resampled/11012_1001032.nii.gz,human_expert_resampled,NO,False,0,train
11013,1001033,11013_1001033,images/11013/11013_1001033_t2w.mha,images/11013/11013_1001033_adc.mha,images/11013/11013_1001033_hbv.mha,/opt/data/private/lm/data/Prostate/PI-CAI/labels/csPCa_lesion_delineations/human_expert/resampled/11013_1001033.nii.gz,human_expert_resampled,NO,False,0,train
11014,1001034,11014_1001034,images/11014/11014_1001034_t2w.mha,images/11014/11014_1001034_adc.mha,images/11014/11014_1001034_hbv.mha,/opt/data/private/lm/data/Prostate/PI-CAI/labels/csPCa_lesion_delineations/human_expert/resampled/11014_1001034.nii.gz,human_expert_resampled,NO,False,0,train
11015,1001035,11015_1001035,images/11015/11015_1001035_t2w.mha,images/11015/11015_1001035_adc.mha,images/11015/11015_1001035_hbv.mha,/opt/data/private/lm/data/Prostate/PI-CAI/labels/csPCa_lesion_delineations/human_expert/resampled/11015_1001035.nii.gz,human_expert_resampled,NO,False,0,train
11016,1001036,11016_1001036,images/11016/11016_1001036_t2w.mha,images/11016/11016_1001036_adc.mha,images/11016/11016_1001036_hbv.mha,/opt/data/private/lm/data/Prostate/PI-CAI/labels/csPCa_lesion_delineations/human_expert/resampled/11016_1001036.nii.gz,human_expert_resampled,NO,False,0,val
11017,1001037,11017_1001037,images/11017/11017_1001037_t2w.mha,images/11017/11017_1001037_adc.mha,images/11017/11017_1001037_hbv.mha,/opt/data/private/lm/data/Prostate/PI-CAI/labels/csPCa_lesion_delineations/human_expert/resampled/11017_1001037.nii.gz,human_expert_resampled,NO,False,0,train
11018,1001038,11018_1001038,images/11018/11018_1001038_t2w.mha,images/11018/11018_1001038_adc.mha,images/11018/11018_1001038_hbv.mha,/opt/data/private/lm/data/Prostate/PI-CAI/labels/csPCa_lesion_delineations/human_expert/resampled/11018_1001038.nii.gz,human_expert_resampled,NO,False,0,train
11019,1001039,11019_1001039,images/11019/11019_1001039_t2w.mha,images/11019/11019_1001039_adc.mha,images/11019/11019_1001039_hbv.mha,/opt/data/private/lm/data/Prostate/PI-CAI/labels/csPCa_lesion_delineations/human_expert/resampled/11019_1001039.nii.gz,human_expert_resampled,NO,False,0,train
11020,1001040,11020_1001040,images/11020/11020_1001040_t2w.mha,images/11020/11020_1001040_adc.mha,images/11020/11020_1001040_hbv.mha,/opt/data/private/lm/data/Prostate/PI-CAI/labels/csPCa_lesion_delineations/human_expert/resampled/11020_1001040.nii.gz,human_expert_resampled,NO,False,0,train
11021,1001041,11021_1001041,images/11021/11021_1001041_t2w.mha,images/11021/11021_1001041_adc.mha,images/11021/11021_1001041_hbv.mha,/opt/data/private/lm/data/Prostate/PI-CAI/labels/csPCa_lesion_delineations/human_expert/resampled/11021_1001041.nii.gz,human_expert_resampled,NO,False,0,val
11022,1001042,11022_1001042,images/11022/11022_1001042_t2w.mha,images/11022/11022_1001042_adc.mha,images/11022/11022_1001042_hbv.mha,/opt/data/private/lm/data/Prostate/PI-CAI/labels/csPCa_lesion_delineations/human_expert/resampled/11022_1001042.nii.gz,human_expert_resampled,NO,False,0,train
11023,1001043,11023_1001043,images/11023/11023_1001043_t2w.mha,images/11023/11023_1001043_adc.mha,images/11023/11023_1001043_hbv.mha,/opt/data/private/lm/data/Prostate/PI-CAI/labels/csPCa_lesion_delineations/human_expert/resampled/11023_1001043.nii.gz,human_expert_resampled,NO,False,0,train
11024,1001044,11024_1001044,images/11024/11024_1001044_t2w.mha,images/11024/11024_1001044_adc.mha,images/11024/11024_1001044_hbv.mha,/opt/data/private/lm/data/Prostate/PI-CAI/labels/csPCa_lesion_delineations/human_expert/resampled/11024_1001044.nii.gz,human_expert_resampled,NO,False,0,val
11025,1001045,11025_1001045,images/11025/11025_1001045_t2w.mha,images/11025/11025_1001045_adc.mha,images/11025/11025_1001045_hbv.mha,/opt/data/private/lm/data/Prostate/PI-CAI/labels/csPCa_lesion_delineations/human_expert/resampled/11025_1001045.nii.gz,human_expert_resampled,NO,False,0,train
11026,1001046,11026_1001046,images/11026/11026_1001046_t2w.mha,images/11026/11026_1001046_adc.mha,images/11026/11026_1001046_hbv.mha,/opt/data/private/lm/data/Prostate/PI-CAI/labels/csPCa_lesion_delineations/human_expert/resampled/11026_1001046.nii.gz,human_expert_resampled,NO,False,0,train
11027,1001047,11027_1001047,images/11027/11027_1001047_t2w.mha,images/11027/11027_1001047_adc.mha,images/11027/11027_1001047_hbv.mha,/opt/data/private/lm/data/Prostate/PI-CAI/labels/csPCa_lesion_delineations/human_expert/resampled/11027_1001047.nii.gz,human_expert_resampled,NO,False,0,train
11028,1001048,11028_1001048,images/11028/11028_1001048_t2w.mha,images/11028/11028_1001048_adc.mha,images/11028/11028_1001048_hbv.mha,/opt/data/private/lm/data/Prostate/PI-CAI/labels/csPCa_lesion_delineations/human_expert/resampled/11028_1001048.nii.gz,human_expert_resampled,NO,False,0,train
11029,1001049,11029_1001049,images/11029/11029_1001049_t2w.mha,images/11029/11029_1001049_adc.mha,images/11029/11029_1001049_hbv.mha,/opt/data/private/lm/data/Prostate/PI-CAI/labels/csPCa_lesion_delineations/human_expert/resampled/11029_1001049.nii.gz,human_expert_resampled,NO,False,0,train
11030,1001050,11030_1001050,images/11030/11030_1001050_t2w.mha,images/11030/11030_1001050_adc.mha,images/11030/11030_1001050_hbv.mha,/opt/data/private/lm/data/Prostate/PI-CAI/labels/csPCa_lesion_delineations/human_expert/resampled/11030_1001050.nii.gz,human_expert_resampled,NO,False,0,train
11031,1001051,11031_1001051,images/11031/11031_1001051_t2w.mha,images/11031/11031_1001051_adc.mha,images/11031/11031_1001051_hbv.mha,/opt/data/private/lm/data/Prostate/PI-CAI/labels/csPCa_lesion_delineations/human_expert/resampled/11031_1001051.nii.gz,human_expert_resampled,NO,False,0,val
11032,1001052,11032_1001052,images/11032/11032_1001052_t2w.mha,images/11032/11032_1001052_adc.mha,images/11032/11032_1001052_hbv.mha,/opt/data/private/lm/data/Prostate/PI-CAI/labels/csPCa_lesion_delineations/human_expert/resampled/11032_1001052.nii.gz,human_expert_resampled,YES,True,1,train
11033,1001053,11033_1001053,images/11033/11033_1001053_t2w.mha,images/11033/11033_1001053_adc.mha,images/11033/11033_1001053_hbv.mha,/opt/data/private/lm/data/Prostate/PI-CAI/labels/csPCa_lesion_delineations/human_expert/resampled/11033_1001053.nii.gz,human_expert_resampled,NO,False,0,train
11034,1001054,11034_1001054,images/11034/11034_1001054_t2w.mha,images/11034/11034_1001054_adc.mha,images/11034/11034_1001054_hbv.mha,/opt/data/private/lm/data/Prostate/PI-CAI/labels/csPCa_lesion_delineations/human_expert/resampled/11034_1001054.nii.gz,human_expert_resampled,NO,False,0,train
11035,1001055,11035_1001055,images/11035/11035_1001055_t2w.mha,images/11035/11035_1001055_adc.mha,images/11035/11035_1001055_hbv.mha,/opt/data/private/lm/data/Prostate/PI-CAI/labels/csPCa_lesion_delineations/human_expert/resampled/11035_1001055.nii.gz,human_expert_resampled,NO,False,0,train
11036,1001056,11036_1001056,images/11036/11036_1001056_t2w.mha,images/11036/11036_1001056_adc.mha,images/11036/11036_1001056_hbv.mha,/opt/data/private/lm/data/Prostate/PI-CAI/labels/csPCa_lesion_delineations/human_expert/resampled/11036_1001056.nii.gz,human_expert_resampled,NO,False,0,train
11037,1001057,11037_1001057,images/11037/11037_1001057_t2w.mha,images/11037/11037_1001057_adc.mha,images/11037/11037_1001057_hbv.mha,/opt/data/private/lm/data/Prostate/PI-CAI/labels/csPCa_lesion_delineations/human_expert/Pooch25/11037_1001057.nii.gz,human_expert_pooch25,YES,True,1,val
11038,1001058,11038_1001058,images/11038/11038_1001058_t2w.mha,images/11038/11038_1001058_adc.mha,images/11038/11038_1001058_hbv.mha,/opt/data/private/lm/data/Prostate/PI-CAI/labels/csPCa_lesion_delineations/human_expert/resampled/11038_1001058.nii.gz,human_expert_resampled,NO,False,0,train
11039,1001059,11039_1001059,images/11039/11039_1001059_t2w.mha,images/11039/11039_1001059_adc.mha,images/11039/11039_1001059_hbv.mha,/opt/data/private/lm/data/Prostate/PI-CAI/labels/csPCa_lesion_delineations/human_expert/resampled/11039_1001059.nii.gz,human_expert_resampled,YES,True,1,train
11040,1001060,11040_1001060,images/11040/11040_1001060_t2w.mha,images/11040/11040_1001060_adc.mha,images/11040/11040_1001060_hbv.mha,/opt/data/private/lm/data/Prostate/PI-CAI/labels/csPCa_lesion_delineations/human_expert/resampled/11040_1001060.nii.gz,human_expert_resampled,NO,False,0,train
11041,1001061,11041_1001061,images/11041/11041_1001061_t2w.mha,images/11041/11041_1001061_adc.mha,images/11041/11041_1001061_hbv.mha,/opt/data/private/lm/data/Prostate/PI-CAI/labels/csPCa_lesion_delineations/human_expert/resampled/11041_1001061.nii.gz,human_expert_resampled,YES,True,1,train
11042,1001062,11042_1001062,images/11042/11042_1001062_t2w.mha,images/11042/11042_1001062_adc.mha,images/11042/11042_1001062_hbv.mha,/opt/data/private/lm/data/Prostate/PI-CAI/labels/csPCa_lesion_delineations/human_expert/resampled/11042_1001062.nii.gz,human_expert_resampled,NO,False,0,val
11043,1001063,11043_1001063,images/11043/11043_1001063_t2w.mha,images/11043/11043_1001063_adc.mha,images/11043/11043_1001063_hbv.mha,/opt/data/private/lm/data/Prostate/PI-CAI/labels/csPCa_lesion_delineations/human_expert/Pooch25/11043_1001063.nii.gz,human_expert_pooch25,YES,True,1,train
11044,1001064,11044_1001064,images/11044/11044_1001064_t2w.mha,images/11044/11044_1001064_adc.mha,images/11044/11044_1001064_hbv.mha,/opt/data/private/lm/data/Prostate/PI-CAI/labels/csPCa_lesion_delineations/human_expert/resampled/11044_1001064.nii.gz,human_expert_resampled,NO,False,0,train
11045,1001065,11045_1001065,images/11045/11045_1001065_t2w.mha,images/11045/11045_1001065_adc.mha,images/11045/11045_1001065_hbv.mha,/opt/data/private/lm/data/Prostate/PI-CAI/labels/csPCa_lesion_delineations/human_expert/Pooch25/11045_1001065.nii.gz,human_expert_pooch25,YES,True,1,train
11046,1001066,11046_1001066,images/11046/11046_1001066_t2w.mha,images/11046/11046_1001066_adc.mha,images/11046/11046_1001066_hbv.mha,/opt/data/private/lm/data/Prostate/PI-CAI/labels/csPCa_lesion_delineations/human_expert/resampled/11046_1001066.nii.gz,human_expert_resampled,NO,False,0,train
11047,1001067,11047_1001067,images/11047/11047_1001067_t2w.mha,images/11047/11047_1001067_adc.mha,images/11047/11047_1001067_hbv.mha,/opt/data/private/lm/data/Prostate/PI-CAI/labels/csPCa_lesion_delineations/human_expert/resampled/11047_1001067.nii.gz,human_expert_resampled,NO,False,0,val
11048,1001068,11048_1001068,images/11048/11048_1001068_t2w.mha,images/11048/11048_1001068_adc.mha,images/11048/11048_1001068_hbv.mha,/opt/data/private/lm/data/Prostate/PI-CAI/labels/csPCa_lesion_delineations/human_expert/resampled/11048_1001068.nii.gz,human_expert_resampled,NO,False,0,val
11049,1001069,11049_1001069,images/11049/11049_1001069_t2w.mha,images/11049/11049_1001069_adc.mha,images/11049/11049_1001069_hbv.mha,/opt/data/private/lm/data/Prostate/PI-CAI/labels/csPCa_lesion_delineations/human_expert/resampled/11049_1001069.nii.gz,human_expert_resampled,YES,True,1,train
11050,1001070,11050_1001070,images/11050/11050_1001070_t2w.mha,images/11050/11050_1001070_adc.mha,images/11050/11050_1001070_hbv.mha,/opt/data/private/lm/data/Prostate/PI-CAI/labels/csPCa_lesion_delineations/human_expert/resampled/11050_1001070.nii.gz,human_expert_resampled,YES,True,1,train
11051,1001071,11051_1001071,images/11051/11051_1001071_t2w.mha,images/11051/11051_1001071_adc.mha,images/11051/11051_1001071_hbv.mha,/opt/data/private/lm/data/Prostate/PI-CAI/labels/csPCa_lesion_delineations/human_expert/resampled/11051_1001071.nii.gz,human_expert_resampled,YES,True,1,train
11052,1001072,11052_1001072,images/11052/11052_1001072_t2w.mha,images/11052/11052_1001072_adc.mha,images/11052/11052_1001072_hbv.mha,/opt/data/private/lm/data/Prostate/PI-CAI/labels/csPCa_lesion_delineations/human_expert/resampled/11052_1001072.nii.gz,human_expert_resampled,NO,False,0,train
11053,1001073,11053_1001073,images/11053/11053_1001073_t2w.mha,images/11053/11053_1001073_adc.mha,images/11053/11053_1001073_hbv.mha,/opt/data/private/lm/data/Prostate/PI-CAI/labels/csPCa_lesion_delineations/human_expert/resampled/11053_1001073.nii.gz,human_expert_resampled,NO,False,0,train
11054,1001074,11054_1001074,images/11054/11054_1001074_t2w.mha,images/11054/11054_1001074_adc.mha,images/11054/11054_1001074_hbv.mha,/opt/data/private/lm/data/Prostate/PI-CAI/labels/csPCa_lesion_delineations/human_expert/resampled/11054_1001074.nii.gz,human_expert_resampled,NO,False,0,train
11054,1001075,11054_1001075,images/11054/11054_1001075_t2w.mha,images/11054/11054_1001075_adc.mha,images/11054/11054_1001075_hbv.mha,/opt/data/private/lm/data/Prostate/PI-CAI/labels/csPCa_lesion_delineations/human_expert/Pooch25/11054_1001075.nii.gz,human_expert_pooch25,YES,True,1,train
11055,1001076,11055_1001076,images/11055/11055_1001076_t2w.mha,images/11055/11055_1001076_adc.mha,images/11055/11055_1001076_hbv.mha,/opt/data/private/lm/data/Prostate/PI-CAI/labels/csPCa_lesion_delineations/human_expert/Pooch25/11055_1001076.nii.gz,human_expert_pooch25,YES,True,1,train
11056,1001077,11056_1001077,images/11056/11056_1001077_t2w.mha,images/11056/11056_1001077_adc.mha,images/11056/11056_1001077_hbv.mha,/opt/data/private/lm/data/Prostate/PI-CAI/labels/csPCa_lesion_delineations/human_expert/resampled/11056_1001077.nii.gz,human_expert_resampled,NO,False,0,val
11057,1001078,11057_1001078,images/11057/11057_1001078_t2w.mha,images/11057/11057_1001078_adc.mha,images/11057/11057_1001078_hbv.mha,/opt/data/private/lm/data/Prostate/PI-CAI/labels/csPCa_lesion_delineations/human_expert/resampled/11057_1001078.nii.gz,human_expert_resampled,NO,False,0,train
11058,1001079,11058_1001079,images/11058/11058_1001079_t2w.mha,images/11058/11058_1001079_adc.mha,images/11058/11058_1001079_hbv.mha,/opt/data/private/lm/data/Prostate/PI-CAI/labels/csPCa_lesion_delineations/human_expert/resampled/11058_1001079.nii.gz,human_expert_resampled,NO,False,0,train
11059,1001080,11059_1001080,images/11059/11059_1001080_t2w.mha,images/11059/11059_1001080_adc.mha,images/11059/11059_1001080_hbv.mha,/opt/data/private/lm/data/Prostate/PI-CAI/labels/csPCa_lesion_delineations/human_expert/resampled/11059_1001080.nii.gz,human_expert_resampled,NO,False,0,train
11059,1001081,11059_1001081,images/11059/11059_1001081_t2w.mha,images/11059/11059_1001081_adc.mha,images/11059/11059_1001081_hbv.mha,/opt/data/private/lm/data/Prostate/PI-CAI/labels/csPCa_lesion_delineations/human_expert/resampled/11059_1001081.nii.gz,human_expert_resampled,NO,False,0,train
11060,1001082,11060_1001082,images/11060/11060_1001082_t2w.mha,images/11060/11060_1001082_adc.mha,images/11060/11060_1001082_hbv.mha,/opt/data/private/lm/data/Prostate/PI-CAI/labels/csPCa_lesion_delineations/human_expert/resampled/11060_1001082.nii.gz,human_expert_resampled,NO,False,0,train
11061,1001083,11061_1001083,images/11061/11061_1001083_t2w.mha,images/11061/11061_1001083_adc.mha,images/11061/11061_1001083_hbv.mha,/opt/data/private/lm/data/Prostate/PI-CAI/labels/csPCa_lesion_delineations/human_expert/resampled/11061_1001083.nii.gz,human_expert_resampled,NO,False,0,val
11062,1001084,11062_1001084,images/11062/11062_1001084_t2w.mha,images/11062/11062_1001084_adc.mha,images/11062/11062_1001084_hbv.mha,/opt/data/private/lm/data/Prostate/PI-CAI/labels/csPCa_lesion_delineations/human_expert/resampled/11062_1001084.nii.gz,human_expert_resampled,NO,False,0,train
11063,1001085,11063_1001085,images/11063/11063_1001085_t2w.mha,images/11063/11063_1001085_adc.mha,images/11063/11063_1001085_hbv.mha,/opt/data/private/lm/data/Prostate/PI-CAI/labels/csPCa_lesion_delineations/human_expert/resampled/11063_1001085.nii.gz,human_expert_resampled,YES,True,1,val
11064,1001086,11064_1001086,images/11064/11064_1001086_t2w.mha,images/11064/11064_1001086_adc.mha,images/11064/11064_1001086_hbv.mha,/opt/data/private/lm/data/Prostate/PI-CAI/labels/csPCa_lesion_delineations/human_expert/resampled/11064_1001086.nii.gz,human_expert_resampled,NO,False,0,train
11065,1001087,11065_1001087,images/11065/11065_1001087_t2w.mha,images/11065/11065_1001087_adc.mha,images/11065/11065_1001087_hbv.mha,/opt/data/private/lm/data/Prostate/PI-CAI/labels/csPCa_lesion_delineations/human_expert/resampled/11065_1001087.nii.gz,human_expert_resampled,NO,False,0,train
11066,1001088,11066_1001088,images/11066/11066_1001088_t2w.mha,images/11066/11066_1001088_adc.mha,images/11066/11066_1001088_hbv.mha,/opt/data/private/lm/data/Prostate/PI-CAI/labels/csPCa_lesion_delineations/human_expert/resampled/11066_1001088.nii.gz,human_expert_resampled,NO,False,0,train
11067,1001089,11067_1001089,images/11067/11067_1001089_t2w.mha,images/11067/11067_1001089_adc.mha,images/11067/11067_1001089_hbv.mha,/opt/data/private/lm/data/Prostate/PI-CAI/labels/csPCa_lesion_delineations/human_expert/Pooch25/11067_1001089.nii.gz,human_expert_pooch25,YES,True,1,train
11068,1001090,11068_1001090,images/11068/11068_1001090_t2w.mha,images/11068/11068_1001090_adc.mha,images/11068/11068_1001090_hbv.mha,/opt/data/private/lm/data/Prostate/PI-CAI/labels/csPCa_lesion_delineations/human_expert/resampled/11068_1001090.nii.gz,human_expert_resampled,YES,True,1,train
11069,1001091,11069_1001091,images/11069/11069_1001091_t2w.mha,images/11069/11069_1001091_adc.mha,images/11069/11069_1001091_hbv.mha,/opt/data/private/lm/data/Prostate/PI-CAI/labels/csPCa_lesion_delineations/human_expert/resampled/11069_1001091.nii.gz,human_expert_resampled,NO,False,0,train
11070,1001092,11070_1001092,images/11070/11070_1001092_t2w.mha,images/11070/11070_1001092_adc.mha,images/11070/11070_1001092_hbv.mha,/opt/data/private/lm/data/Prostate/PI-CAI/labels/csPCa_lesion_delineations/human_expert/resampled/11070_1001092.nii.gz,human_expert_resampled,NO,False,0,train
11071,1001093,11071_1001093,images/11071/11071_1001093_t2w.mha,images/11071/11071_1001093_adc.mha,images/11071/11071_1001093_hbv.mha,/opt/data/private/lm/data/Prostate/PI-CAI/labels/csPCa_lesion_delineations/human_expert/resampled/11071_1001093.nii.gz,human_expert_resampled,NO,False,0,val
11072,1001094,11072_1001094,images/11072/11072_1001094_t2w.mha,images/11072/11072_1001094_adc.mha,images/11072/11072_1001094_hbv.mha,/opt/data/private/lm/data/Prostate/PI-CAI/labels/csPCa_lesion_delineations/human_expert/Pooch25/11072_1001094.nii.gz,human_expert_pooch25,YES,True,1,train
11073,1001095,11073_1001095,images/11073/11073_1001095_t2w.mha,images/11073/11073_1001095_adc.mha,images/11073/11073_1001095_hbv.mha,/opt/data/private/lm/data/Prostate/PI-CAI/labels/csPCa_lesion_delineations/human_expert/resampled/11073_1001095.nii.gz,human_expert_resampled,NO,False,0,train
11074,1001096,11074_1001096,images/11074/11074_1001096_t2w.mha,images/11074/11074_1001096_adc.mha,images/11074/11074_1001096_hbv.mha,/opt/data/private/lm/data/Prostate/PI-CAI/labels/csPCa_lesion_delineations/human_expert/resampled/11074_1001096.nii.gz,human_expert_resampled,YES,True,2,train
11075,1001097,11075_1001097,images/11075/11075_1001097_t2w.mha,images/11075/11075_1001097_adc.mha,images/11075/11075_1001097_hbv.mha,/opt/data/private/lm/data/Prostate/PI-CAI/labels/csPCa_lesion_delineations/human_expert/resampled/11075_1001097.nii.gz,human_expert_resampled,NO,False,0,val
11076,1001098,11076_1001098,images/11076/11076_1001098_t2w.mha,images/11076/11076_1001098_adc.mha,images/11076/11076_1001098_hbv.mha,/opt/data/private/lm/data/Prostate/PI-CAI/labels/csPCa_lesion_delineations/human_expert/resampled/11076_1001098.nii.gz,human_expert_resampled,YES,True,1,train
11077,1001099,11077_1001099,images/11077/11077_1001099_t2w.mha,images/11077/11077_1001099_adc.mha,images/11077/11077_1001099_hbv.mha,/opt/data/private/lm/data/Prostate/PI-CAI/labels/csPCa_lesion_delineations/human_expert/resampled/11077_1001099.nii.gz,human_expert_resampled,NO,False,0,train
11078,1001100,11078_1001100,images/11078/11078_1001100_t2w.mha,images/11078/11078_1001100_adc.mha,images/11078/11078_1001100_hbv.mha,/opt/data/private/lm/data/Prostate/PI-CAI/labels/csPCa_lesion_delineations/human_expert/resampled/11078_1001100.nii.gz,human_expert_resampled,NO,False,0,val
11079,1001101,11079_1001101,images/11079/11079_1001101_t2w.mha,images/11079/11079_1001101_adc.mha,images/11079/11079_1001101_hbv.mha,/opt/data/private/lm/data/Prostate/PI-CAI/labels/csPCa_lesion_delineations/human_expert/resampled/11079_1001101.nii.gz,human_expert_resampled,NO,False,0,train
11080,1001102,11080_1001102,images/11080/11080_1001102_t2w.mha,images/11080/11080_1001102_adc.mha,images/11080/11080_1001102_hbv.mha,/opt/data/private/lm/data/Prostate/PI-CAI/labels/csPCa_lesion_delineations/human_expert/resampled/11080_1001102.nii.gz,human_expert_resampled,YES,True,1,train
11081,1001103,11081_1001103,images/11081/11081_1001103_t2w.mha,images/11081/11081_1001103_adc.mha,images/11081/11081_1001103_hbv.mha,/opt/data/private/lm/data/Prostate/PI-CAI/labels/csPCa_lesion_delineations/human_expert/Pooch25/11081_1001103.nii.gz,human_expert_pooch25,YES,True,1,train
11082,1001104,11082_1001104,images/11082/11082_1001104_t2w.mha,images/11082/11082_1001104_adc.mha,images/11082/11082_1001104_hbv.mha,/opt/data/private/lm/data/Prostate/PI-CAI/labels/csPCa_lesion_delineations/human_expert/resampled/11082_1001104.nii.gz,human_expert_resampled,NO,False,0,train
11083,1001105,11083_1001105,images/11083/11083_1001105_t2w.mha,images/11083/11083_1001105_adc.mha,images/11083/11083_1001105_hbv.mha,/opt/data/private/lm/data/Prostate/PI-CAI/labels/csPCa_lesion_delineations/human_expert/Pooch25/11083_1001105.nii.gz,human_expert_pooch25,YES,True,1,train
11084,1001106,11084_1001106,images/11084/11084_1001106_t2w.mha,images/11084/11084_1001106_adc.mha,images/11084/11084_1001106_hbv.mha,/opt/data/private/lm/data/Prostate/PI-CAI/labels/csPCa_lesion_delineations/human_expert/resampled/11084_1001106.nii.gz,human_expert_resampled,NO,False,0,val
11085,1001107,11085_1001107,images/11085/11085_1001107_t2w.mha,images/11085/11085_1001107_adc.mha,images/11085/11085_1001107_hbv.mha,/opt/data/private/lm/data/Prostate/PI-CAI/labels/csPCa_lesion_delineations/human_expert/resampled/11085_1001107.nii.gz,human_expert_resampled,NO,False,0,train
11086,1001108,11086_1001108,images/11086/11086_1001108_t2w.mha,images/11086/11086_1001108_adc.mha,images/11086/11086_1001108_hbv.mha,/opt/data/private/lm/data/Prostate/PI-CAI/labels/csPCa_lesion_delineations/human_expert/resampled/11086_1001108.nii.gz,human_expert_resampled,YES,True,1,train
11087,1001109,11087_1001109,images/11087/11087_1001109_t2w.mha,images/11087/11087_1001109_adc.mha,images/11087/11087_1001109_hbv.mha,/opt/data/private/lm/data/Prostate/PI-CAI/labels/csPCa_lesion_delineations/human_expert/resampled/11087_1001109.nii.gz,human_expert_resampled,NO,False,0,train
11087,1001110,11087_1001110,images/11087/11087_1001110_t2w.mha,images/11087/11087_1001110_adc.mha,images/11087/11087_1001110_hbv.mha,/opt/data/private/lm/data/Prostate/PI-CAI/labels/csPCa_lesion_delineations/human_expert/resampled/11087_1001110.nii.gz,human_expert_resampled,NO,False,0,train
11088,1001111,11088_1001111,images/11088/11088_1001111_t2w.mha,images/11088/11088_1001111_adc.mha,images/11088/11088_1001111_hbv.mha,/opt/data/private/lm/data/Prostate/PI-CAI/labels/csPCa_lesion_delineations/human_expert/resampled/11088_1001111.nii.gz,human_expert_resampled,NO,False,0,train
11089,1001112,11089_1001112,images/11089/11089_1001112_t2w.mha,images/11089/11089_1001112_adc.mha,images/11089/11089_1001112_hbv.mha,/opt/data/private/lm/data/Prostate/PI-CAI/labels/csPCa_lesion_delineations/human_expert/resampled/11089_1001112.nii.gz,human_expert_resampled,NO,False,0,train
11090,1001113,11090_1001113,images/11090/11090_1001113_t2w.mha,images/11090/11090_1001113_adc.mha,images/11090/11090_1001113_hbv.mha,/opt/data/private/lm/data/Prostate/PI-CAI/labels/csPCa_lesion_delineations/human_expert/resampled/11090_1001113.nii.gz,human_expert_resampled,NO,False,0,val
11091,1001114,11091_1001114,images/11091/11091_1001114_t2w.mha,images/11091/11091_1001114_adc.mha,images/11091/11091_1001114_hbv.mha,/opt/data/private/lm/data/Prostate/PI-CAI/labels/csPCa_lesion_delineations/human_expert/resampled/11091_1001114.nii.gz,human_expert_resampled,NO,False,0,train
11092,1001115,11092_1001115,images/11092/11092_1001115_t2w.mha,images/11092/11092_1001115_adc.mha,images/11092/11092_1001115_hbv.mha,/opt/data/private/lm/data/Prostate/PI-CAI/labels/csPCa_lesion_delineations/human_expert/resampled/11092_1001115.nii.gz,human_expert_resampled,NO,False,0,train
11093,1001116,11093_1001116,images/11093/11093_1001116_t2w.mha,images/11093/11093_1001116_adc.mha,images/11093/11093_1001116_hbv.mha,/opt/data/private/lm/data/Prostate/PI-CAI/labels/csPCa_lesion_delineations/human_expert/Pooch25/11093_1001116.nii.gz,human_expert_pooch25,YES,True,1,train
11094,1001117,11094_1001117,images/11094/11094_1001117_t2w.mha,images/11094/11094_1001117_adc.mha,images/11094/11094_1001117_hbv.mha,/opt/data/private/lm/data/Prostate/PI-CAI/labels/csPCa_lesion_delineations/human_expert/resampled/11094_1001117.nii.gz,human_expert_resampled,NO,False,0,train
11095,1001118,11095_1001118,images/11095/11095_1001118_t2w.mha,images/11095/11095_1001118_adc.mha,images/11095/11095_1001118_hbv.mha,/opt/data/private/lm/data/Prostate/PI-CAI/labels/csPCa_lesion_delineations/human_expert/Pooch25/11095_1001118.nii.gz,human_expert_pooch25,YES,True,1,val
11096,1001119,11096_1001119,images/11096/11096_1001119_t2w.mha,images/11096/11096_1001119_adc.mha,images/11096/11096_1001119_hbv.mha,/opt/data/private/lm/data/Prostate/PI-CAI/labels/csPCa_lesion_delineations/human_expert/resampled/11096_1001119.nii.gz,human_expert_resampled,NO,False,0,train
11097,1001120,11097_1001120,images/11097/11097_1001120_t2w.mha,images/11097/11097_1001120_adc.mha,images/11097/11097_1001120_hbv.mha,/opt/data/private/lm/data/Prostate/PI-CAI/labels/csPCa_lesion_delineations/human_expert/resampled/11097_1001120.nii.gz,human_expert_resampled,NO,False,0,train
11098,1001121,11098_1001121,images/11098/11098_1001121_t2w.mha,images/11098/11098_1001121_adc.mha,images/11098/11098_1001121_hbv.mha,/opt/data/private/lm/data/Prostate/PI-CAI/labels/csPCa_lesion_delineations/human_expert/resampled/11098_1001121.nii.gz,human_expert_resampled,NO,False,0,train
11099,1001122,11099_1001122,images/11099/11099_1001122_t2w.mha,images/11099/11099_1001122_adc.mha,images/11099/11099_1001122_hbv.mha,/opt/data/private/lm/data/Prostate/PI-CAI/labels/csPCa_lesion_delineations/human_expert/resampled/11099_1001122.nii.gz,human_expert_resampled,NO,False,0,train
11100,1001123,11100_1001123,images/11100/11100_1001123_t2w.mha,images/11100/11100_1001123_adc.mha,images/11100/11100_1001123_hbv.mha,/opt/data/private/lm/data/Prostate/PI-CAI/labels/csPCa_lesion_delineations/human_expert/resampled/11100_1001123.nii.gz,human_expert_resampled,YES,True,1,val
11101,1001124,11101_1001124,images/11101/11101_1001124_t2w.mha,images/11101/11101_1001124_adc.mha,images/11101/11101_1001124_hbv.mha,/opt/data/private/lm/data/Prostate/PI-CAI/labels/csPCa_lesion_delineations/human_expert/resampled/11101_1001124.nii.gz,human_expert_resampled,NO,False,0,train
11102,1001125,11102_1001125,images/11102/11102_1001125_t2w.mha,images/11102/11102_1001125_adc.mha,images/11102/11102_1001125_hbv.mha,/opt/data/private/lm/data/Prostate/PI-CAI/labels/csPCa_lesion_delineations/human_expert/resampled/11102_1001125.nii.gz,human_expert_resampled,YES,True,1,train
11103,1001126,11103_1001126,images/11103/11103_1001126_t2w.mha,images/11103/11103_1001126_adc.mha,images/11103/11103_1001126_hbv.mha,/opt/data/private/lm/data/Prostate/PI-CAI/labels/csPCa_lesion_delineations/human_expert/resampled/11103_1001126.nii.gz,human_expert_resampled,NO,False,0,train
11104,1001127,11104_1001127,images/11104/11104_1001127_t2w.mha,images/11104/11104_1001127_adc.mha,images/11104/11104_1001127_hbv.mha,/opt/data/private/lm/data/Prostate/PI-CAI/labels/csPCa_lesion_delineations/human_expert/resampled/11104_1001127.nii.gz,human_expert_resampled,NO,False,0,val
11105,1001128,11105_1001128,images/11105/11105_1001128_t2w.mha,images/11105/11105_1001128_adc.mha,images/11105/11105_1001128_hbv.mha,/opt/data/private/lm/data/Prostate/PI-CAI/labels/csPCa_lesion_delineations/human_expert/resampled/11105_1001128.nii.gz,human_expert_resampled,NO,False,0,val
11106,1001129,11106_1001129,images/11106/11106_1001129_t2w.mha,images/11106/11106_1001129_adc.mha,images/11106/11106_1001129_hbv.mha,/opt/data/private/lm/data/Prostate/PI-CAI/labels/csPCa_lesion_delineations/human_expert/resampled/11106_1001129.nii.gz,human_expert_resampled,NO,False,0,train
11107,1001130,11107_1001130,images/11107/11107_1001130_t2w.mha,images/11107/11107_1001130_adc.mha,images/11107/11107_1001130_hbv.mha,/opt/data/private/lm/data/Prostate/PI-CAI/labels/csPCa_lesion_delineations/human_expert/resampled/11107_1001130.nii.gz,human_expert_resampled,NO,False,0,train
11108,1001131,11108_1001131,images/11108/11108_1001131_t2w.mha,images/11108/11108_1001131_adc.mha,images/11108/11108_1001131_hbv.mha,/opt/data/private/lm/data/Prostate/PI-CAI/labels/csPCa_lesion_delineations/human_expert/resampled/11108_1001131.nii.gz,human_expert_resampled,NO,False,0,train
11109,1001132,11109_1001132,images/11109/11109_1001132_t2w.mha,images/11109/11109_1001132_adc.mha,images/11109/11109_1001132_hbv.mha,/opt/data/private/lm/data/Prostate/PI-CAI/labels/csPCa_lesion_delineations/human_expert/resampled/11109_1001132.nii.gz,human_expert_resampled,NO,False,0,train
11110,1001133,11110_1001133,images/11110/11110_1001133_t2w.mha,images/11110/11110_1001133_adc.mha,images/11110/11110_1001133_hbv.mha,/opt/data/private/lm/data/Prostate/PI-CAI/labels/csPCa_lesion_delineations/human_expert/resampled/11110_1001133.nii.gz,human_expert_resampled,NO,False,0,train
11111,1001134,11111_1001134,images/11111/11111_1001134_t2w.mha,images/11111/11111_1001134_adc.mha,images/11111/11111_1001134_hbv.mha,/opt/data/private/lm/data/Prostate/PI-CAI/labels/csPCa_lesion_delineations/human_expert/Pooch25/11111_1001134.nii.gz,human_expert_pooch25,YES,True,1,train
11112,1001135,11112_1001135,images/11112/11112_1001135_t2w.mha,images/11112/11112_1001135_adc.mha,images/11112/11112_1001135_hbv.mha,/opt/data/private/lm/data/Prostate/PI-CAI/labels/csPCa_lesion_delineations/human_expert/resampled/11112_1001135.nii.gz,human_expert_resampled,NO,False,0,train
11113,1001136,11113_1001136,images/11113/11113_1001136_t2w.mha,images/11113/11113_1001136_adc.mha,images/11113/11113_1001136_hbv.mha,/opt/data/private/lm/data/Prostate/PI-CAI/labels/csPCa_lesion_delineations/human_expert/resampled/11113_1001136.nii.gz,human_expert_resampled,NO,False,0,val
11114,1001137,11114_1001137,images/11114/11114_1001137_t2w.mha,images/11114/11114_1001137_adc.mha,images/11114/11114_1001137_hbv.mha,/opt/data/private/lm/data/Prostate/PI-CAI/labels/csPCa_lesion_delineations/human_expert/resampled/11114_1001137.nii.gz,human_expert_resampled,YES,True,2,train
11115,1001138,11115_1001138,images/11115/11115_1001138_t2w.mha,images/11115/11115_1001138_adc.mha,images/11115/11115_1001138_hbv.mha,/opt/data/private/lm/data/Prostate/PI-CAI/labels/csPCa_lesion_delineations/human_expert/Pooch25/11115_1001138.nii.gz,human_expert_pooch25,YES,True,1,train
11116,1001139,11116_1001139,images/11116/11116_1001139_t2w.mha,images/11116/11116_1001139_adc.mha,images/11116/11116_1001139_hbv.mha,/opt/data/private/lm/data/Prostate/PI-CAI/labels/csPCa_lesion_delineations/human_expert/resampled/11116_1001139.nii.gz,human_expert_resampled,NO,False,0,train
11117,1001140,11117_1001140,images/11117/11117_1001140_t2w.mha,images/11117/11117_1001140_adc.mha,images/11117/11117_1001140_hbv.mha,/opt/data/private/lm/data/Prostate/PI-CAI/labels/csPCa_lesion_delineations/human_expert/Pooch25/11117_1001140.nii.gz,human_expert_pooch25,YES,True,1,train
11118,1001141,11118_1001141,images/11118/11118_1001141_t2w.mha,images/11118/11118_1001141_adc.mha,images/11118/11118_1001141_hbv.mha,/opt/data/private/lm/data/Prostate/PI-CAI/labels/csPCa_lesion_delineations/human_expert/resampled/11118_1001141.nii.gz,human_expert_resampled,NO,False,0,train
11119,1001142,11119_1001142,images/11119/11119_1001142_t2w.mha,images/11119/11119_1001142_adc.mha,images/11119/11119_1001142_hbv.mha,/opt/data/private/lm/data/Prostate/PI-CAI/labels/csPCa_lesion_delineations/human_expert/resampled/11119_1001142.nii.gz,human_expert_resampled,NO,False,0,train
11120,1001143,11120_1001143,images/11120/11120_1001143_t2w.mha,images/11120/11120_1001143_adc.mha,images/11120/11120_1001143_hbv.mha,/opt/data/private/lm/data/Prostate/PI-CAI/labels/csPCa_lesion_delineations/human_expert/resampled/11120_1001143.nii.gz,human_expert_resampled,NO,False,0,val
11121,1001144,11121_1001144,images/11121/11121_1001144_t2w.mha,images/11121/11121_1001144_adc.mha,images/11121/11121_1001144_hbv.mha,/opt/data/private/lm/data/Prostate/PI-CAI/labels/csPCa_lesion_delineations/human_expert/resampled/11121_1001144.nii.gz,human_expert_resampled,NO,False,0,train
11122,1001145,11122_1001145,images/11122/11122_1001145_t2w.mha,images/11122/11122_1001145_adc.mha,images/11122/11122_1001145_hbv.mha,/opt/data/private/lm/data/Prostate/PI-CAI/labels/csPCa_lesion_delineations/human_expert/resampled/11122_1001145.nii.gz,human_expert_resampled,YES,True,1,val
11123,1001146,11123_1001146,images/11123/11123_1001146_t2w.mha,images/11123/11123_1001146_adc.mha,images/11123/11123_1001146_hbv.mha,/opt/data/private/lm/data/Prostate/PI-CAI/labels/csPCa_lesion_delineations/human_expert/Pooch25/11123_1001146.nii.gz,human_expert_pooch25,YES,True,1,train
11124,1001147,11124_1001147,images/11124/11124_1001147_t2w.mha,images/11124/11124_1001147_adc.mha,images/11124/11124_1001147_hbv.mha,/opt/data/private/lm/data/Prostate/PI-CAI/labels/csPCa_lesion_delineations/human_expert/resampled/11124_1001147.nii.gz,human_expert_resampled,NO,False,0,train
11125,1001148,11125_1001148,images/11125/11125_1001148_t2w.mha,images/11125/11125_1001148_adc.mha,images/11125/11125_1001148_hbv.mha,/opt/data/private/lm/data/Prostate/PI-CAI/labels/csPCa_lesion_delineations/human_expert/resampled/11125_1001148.nii.gz,human_expert_resampled,NO,False,0,train
11126,1001149,11126_1001149,images/11126/11126_1001149_t2w.mha,images/11126/11126_1001149_adc.mha,images/11126/11126_1001149_hbv.mha,/opt/data/private/lm/data/Prostate/PI-CAI/labels/csPCa_lesion_delineations/human_expert/resampled/11126_1001149.nii.gz,human_expert_resampled,NO,False,0,train
11127,1001150,11127_1001150,images/11127/11127_1001150_t2w.mha,images/11127/11127_1001150_adc.mha,images/11127/11127_1001150_hbv.mha,/opt/data/private/lm/data/Prostate/PI-CAI/labels/csPCa_lesion_delineations/human_expert/resampled/11127_1001150.nii.gz,human_expert_resampled,NO,False,0,train
11128,1001151,11128_1001151,images/11128/11128_1001151_t2w.mha,images/11128/11128_1001151_adc.mha,images/11128/11128_1001151_hbv.mha,/opt/data/private/lm/data/Prostate/PI-CAI/labels/csPCa_lesion_delineations/human_expert/resampled/11128_1001151.nii.gz,human_expert_resampled,NO,False,0,train
11129,1001152,11129_1001152,images/11129/11129_1001152_t2w.mha,images/11129/11129_1001152_adc.mha,images/11129/11129_1001152_hbv.mha,/opt/data/private/lm/data/Prostate/PI-CAI/labels/csPCa_lesion_delineations/human_expert/resampled/11129_1001152.nii.gz,human_expert_resampled,NO,False,0,train
11130,1001153,11130_1001153,images/11130/11130_1001153_t2w.mha,images/11130/11130_1001153_adc.mha,images/11130/11130_1001153_hbv.mha,/opt/data/private/lm/data/Prostate/PI-CAI/labels/csPCa_lesion_delineations/human_expert/resampled/11130_1001153.nii.gz,human_expert_resampled,YES,True,1,val
11131,1001154,11131_1001154,images/11131/11131_1001154_t2w.mha,images/11131/11131_1001154_adc.mha,images/11131/11131_1001154_hbv.mha,/opt/data/private/lm/data/Prostate/PI-CAI/labels/csPCa_lesion_delineations/human_expert/resampled/11131_1001154.nii.gz,human_expert_resampled,NO,False,0,train
11132,1001155,11132_1001155,images/11132/11132_1001155_t2w.mha,images/11132/11132_1001155_adc.mha,images/11132/11132_1001155_hbv.mha,/opt/data/private/lm/data/Prostate/PI-CAI/labels/csPCa_lesion_delineations/human_expert/resampled/11132_1001155.nii.gz,human_expert_resampled,NO,False,0,train
11133,1001156,11133_1001156,images/11133/11133_1001156_t2w.mha,images/11133/11133_1001156_adc.mha,images/11133/11133_1001156_hbv.mha,/opt/data/private/lm/data/Prostate/PI-CAI/labels/csPCa_lesion_delineations/human_expert/Pooch25/11133_1001156.nii.gz,human_expert_pooch25,YES,True,2,train
11134,1001157,11134_1001157,images/11134/11134_1001157_t2w.mha,images/11134/11134_1001157_adc.mha,images/11134/11134_1001157_hbv.mha,/opt/data/private/lm/data/Prostate/PI-CAI/labels/csPCa_lesion_delineations/human_expert/resampled/11134_1001157.nii.gz,human_expert_resampled,NO,False,0,train
11135,1001158,11135_1001158,images/11135/11135_1001158_t2w.mha,images/11135/11135_1001158_adc.mha,images/11135/11135_1001158_hbv.mha,/opt/data/private/lm/data/Prostate/PI-CAI/labels/csPCa_lesion_delineations/human_expert/resampled/11135_1001158.nii.gz,human_expert_resampled,NO,False,0,val
11136,1001159,11136_1001159,images/11136/11136_1001159_t2w.mha,images/11136/11136_1001159_adc.mha,images/11136/11136_1001159_hbv.mha,/opt/data/private/lm/data/Prostate/PI-CAI/labels/csPCa_lesion_delineations/human_expert/resampled/11136_1001159.nii.gz,human_expert_resampled,NO,False,0,train
11137,1001160,11137_1001160,images/11137/11137_1001160_t2w.mha,images/11137/11137_1001160_adc.mha,images/11137/11137_1001160_hbv.mha,/opt/data/private/lm/data/Prostate/PI-CAI/labels/csPCa_lesion_delineations/human_expert/resampled/11137_1001160.nii.gz,human_expert_resampled,YES,True,1,train
11138,1001161,11138_1001161,images/11138/11138_1001161_t2w.mha,images/11138/11138_1001161_adc.mha,images/11138/11138_1001161_hbv.mha,/opt/data/private/lm/data/Prostate/PI-CAI/labels/csPCa_lesion_delineations/human_expert/resampled/11138_1001161.nii.gz,human_expert_resampled,NO,False,0,train
11139,1001162,11139_1001162,images/11139/11139_1001162_t2w.mha,images/11139/11139_1001162_adc.mha,images/11139/11139_1001162_hbv.mha,/opt/data/private/lm/data/Prostate/PI-CAI/labels/csPCa_lesion_delineations/human_expert/resampled/11139_1001162.nii.gz,human_expert_resampled,NO,False,0,train
11140,1001163,11140_1001163,images/11140/11140_1001163_t2w.mha,images/11140/11140_1001163_adc.mha,images/11140/11140_1001163_hbv.mha,/opt/data/private/lm/data/Prostate/PI-CAI/labels/csPCa_lesion_delineations/human_expert/resampled/11140_1001163.nii.gz,human_expert_resampled,NO,False,0,val
11141,1001164,11141_1001164,images/11141/11141_1001164_t2w.mha,images/11141/11141_1001164_adc.mha,images/11141/11141_1001164_hbv.mha,/opt/data/private/lm/data/Prostate/PI-CAI/labels/csPCa_lesion_delineations/human_expert/resampled/11141_1001164.nii.gz,human_expert_resampled,NO,False,0,train
11142,1001165,11142_1001165,images/11142/11142_1001165_t2w.mha,images/11142/11142_1001165_adc.mha,images/11142/11142_1001165_hbv.mha,/opt/data/private/lm/data/Prostate/PI-CAI/labels/csPCa_lesion_delineations/human_expert/resampled/11142_1001165.nii.gz,human_expert_resampled,NO,False,0,val
11143,1001166,11143_1001166,images/11143/11143_1001166_t2w.mha,images/11143/11143_1001166_adc.mha,images/11143/11143_1001166_hbv.mha,/opt/data/private/lm/data/Prostate/PI-CAI/labels/csPCa_lesion_delineations/human_expert/Pooch25/11143_1001166.nii.gz,human_expert_pooch25,YES,True,1,train
11144,1001167,11144_1001167,images/11144/11144_1001167_t2w.mha,images/11144/11144_1001167_adc.mha,images/11144/11144_1001167_hbv.mha,/opt/data/private/lm/data/Prostate/PI-CAI/labels/csPCa_lesion_delineations/human_expert/resampled/11144_1001167.nii.gz,human_expert_resampled,NO,False,0,train
11145,1001168,11145_1001168,images/11145/11145_1001168_t2w.mha,images/11145/11145_1001168_adc.mha,images/11145/11145_1001168_hbv.mha,/opt/data/private/lm/data/Prostate/PI-CAI/labels/csPCa_lesion_delineations/human_expert/resampled/11145_1001168.nii.gz,human_expert_resampled,NO,False,0,train
11146,1001169,11146_1001169,images/11146/11146_1001169_t2w.mha,images/11146/11146_1001169_adc.mha,images/11146/11146_1001169_hbv.mha,/opt/data/private/lm/data/Prostate/PI-CAI/labels/csPCa_lesion_delineations/human_expert/Pooch25/11146_1001169.nii.gz,human_expert_pooch25,YES,True,1,train
11147,1001170,11147_1001170,images/11147/11147_1001170_t2w.mha,images/11147/11147_1001170_adc.mha,images/11147/11147_1001170_hbv.mha,/opt/data/private/lm/data/Prostate/PI-CAI/labels/csPCa_lesion_delineations/human_expert/resampled/11147_1001170.nii.gz,human_expert_resampled,NO,False,0,train
11148,1001171,11148_1001171,images/11148/11148_1001171_t2w.mha,images/11148/11148_1001171_adc.mha,images/11148/11148_1001171_hbv.mha,/opt/data/private/lm/data/Prostate/PI-CAI/labels/csPCa_lesion_delineations/human_expert/resampled/11148_1001171.nii.gz,human_expert_resampled,NO,False,0,val
11149,1001172,11149_1001172,images/11149/11149_1001172_t2w.mha,images/11149/11149_1001172_adc.mha,images/11149/11149_1001172_hbv.mha,/opt/data/private/lm/data/Prostate/PI-CAI/labels/csPCa_lesion_delineations/human_expert/resampled/11149_1001172.nii.gz,human_expert_resampled,YES,True,1,train
11150,1001173,11150_1001173,images/11150/11150_1001173_t2w.mha,images/11150/11150_1001173_adc.mha,images/11150/11150_1001173_hbv.mha,/opt/data/private/lm/data/Prostate/PI-CAI/labels/csPCa_lesion_delineations/human_expert/resampled/11150_1001173.nii.gz,human_expert_resampled,NO,False,0,train
11151,1001174,11151_1001174,images/11151/11151_1001174_t2w.mha,images/11151/11151_1001174_adc.mha,images/11151/11151_1001174_hbv.mha,/opt/data/private/lm/data/Prostate/PI-CAI/labels/csPCa_lesion_delineations/human_expert/resampled/11151_1001174.nii.gz,human_expert_resampled,NO,False,0,train
11152,1001175,11152_1001175,images/11152/11152_1001175_t2w.mha,images/11152/11152_1001175_adc.mha,images/11152/11152_1001175_hbv.mha,/opt/data/private/lm/data/Prostate/PI-CAI/labels/csPCa_lesion_delineations/human_expert/resampled/11152_1001175.nii.gz,human_expert_resampled,YES,True,1,train
11153,1001176,11153_1001176,images/11153/11153_1001176_t2w.mha,images/11153/11153_1001176_adc.mha,images/11153/11153_1001176_hbv.mha,/opt/data/private/lm/data/Prostate/PI-CAI/labels/csPCa_lesion_delineations/human_expert/resampled/11153_1001176.nii.gz,human_expert_resampled,NO,False,0,train
11154,1001177,11154_1001177,images/11154/11154_1001177_t2w.mha,images/11154/11154_1001177_adc.mha,images/11154/11154_1001177_hbv.mha,/opt/data/private/lm/data/Prostate/PI-CAI/labels/csPCa_lesion_delineations/human_expert/resampled/11154_1001177.nii.gz,human_expert_resampled,YES,True,1,val
11155,1001178,11155_1001178,images/11155/11155_1001178_t2w.mha,images/11155/11155_1001178_adc.mha,images/11155/11155_1001178_hbv.mha,/opt/data/private/lm/data/Prostate/PI-CAI/labels/csPCa_lesion_delineations/human_expert/resampled/11155_1001178.nii.gz,human_expert_resampled,YES,True,1,train
11156,1001179,11156_1001179,images/11156/11156_1001179_t2w.mha,images/11156/11156_1001179_adc.mha,images/11156/11156_1001179_hbv.mha,/opt/data/private/lm/data/Prostate/PI-CAI/labels/csPCa_lesion_delineations/human_expert/resampled/11156_1001179.nii.gz,human_expert_resampled,NO,False,0,train
11157,1001180,11157_1001180,images/11157/11157_1001180_t2w.mha,images/11157/11157_1001180_adc.mha,images/11157/11157_1001180_hbv.mha,/opt/data/private/lm/data/Prostate/PI-CAI/labels/csPCa_lesion_delineations/human_expert/Pooch25/11157_1001180.nii.gz,human_expert_pooch25,YES,True,1,train
11158,1001181,11158_1001181,images/11158/11158_1001181_t2w.mha,images/11158/11158_1001181_adc.mha,images/11158/11158_1001181_hbv.mha,/opt/data/private/lm/data/Prostate/PI-CAI/labels/csPCa_lesion_delineations/human_expert/resampled/11158_1001181.nii.gz,human_expert_resampled,NO,False,0,train
11159,1001182,11159_1001182,images/11159/11159_1001182_t2w.mha,images/11159/11159_1001182_adc.mha,images/11159/11159_1001182_hbv.mha,/opt/data/private/lm/data/Prostate/PI-CAI/labels/csPCa_lesion_delineations/human_expert/resampled/11159_1001182.nii.gz,human_expert_resampled,NO,False,0,val
11160,1001183,11160_1001183,images/11160/11160_1001183_t2w.mha,images/11160/11160_1001183_adc.mha,images/11160/11160_1001183_hbv.mha,/opt/data/private/lm/data/Prostate/PI-CAI/labels/csPCa_lesion_delineations/human_expert/resampled/11160_1001183.nii.gz,human_expert_resampled,NO,False,0,train
11161,1001184,11161_1001184,images/11161/11161_1001184_t2w.mha,images/11161/11161_1001184_adc.mha,images/11161/11161_1001184_hbv.mha,/opt/data/private/lm/data/Prostate/PI-CAI/labels/csPCa_lesion_delineations/human_expert/resampled/11161_1001184.nii.gz,human_expert_resampled,NO,False,0,train
11162,1001185,11162_1001185,images/11162/11162_1001185_t2w.mha,images/11162/11162_1001185_adc.mha,images/11162/11162_1001185_hbv.mha,/opt/data/private/lm/data/Prostate/PI-CAI/labels/csPCa_lesion_delineations/human_expert/resampled/11162_1001185.nii.gz,human_expert_resampled,YES,True,1,train
11163,1001186,11163_1001186,images/11163/11163_1001186_t2w.mha,images/11163/11163_1001186_adc.mha,images/11163/11163_1001186_hbv.mha,/opt/data/private/lm/data/Prostate/PI-CAI/labels/csPCa_lesion_delineations/human_expert/resampled/11163_1001186.nii.gz,human_expert_resampled,YES,True,1,train
11164,1001187,11164_1001187,images/11164/11164_1001187_t2w.mha,images/11164/11164_1001187_adc.mha,images/11164/11164_1001187_hbv.mha,/opt/data/private/lm/data/Prostate/PI-CAI/labels/csPCa_lesion_delineations/human_expert/resampled/11164_1001187.nii.gz,human_expert_resampled,NO,False,0,train
11165,1001188,11165_1001188,images/11165/11165_1001188_t2w.mha,images/11165/11165_1001188_adc.mha,images/11165/11165_1001188_hbv.mha,/opt/data/private/lm/data/Prostate/PI-CAI/labels/csPCa_lesion_delineations/human_expert/resampled/11165_1001188.nii.gz,human_expert_resampled,YES,True,1,val
11166,1001189,11166_1001189,images/11166/11166_1001189_t2w.mha,images/11166/11166_1001189_adc.mha,images/11166/11166_1001189_hbv.mha,/opt/data/private/lm/data/Prostate/PI-CAI/labels/csPCa_lesion_delineations/human_expert/resampled/11166_1001189.nii.gz,human_expert_resampled,NO,False,0,train
11167,1001190,11167_1001190,images/11167/11167_1001190_t2w.mha,images/11167/11167_1001190_adc.mha,images/11167/11167_1001190_hbv.mha,/opt/data/private/lm/data/Prostate/PI-CAI/labels/csPCa_lesion_delineations/human_expert/resampled/11167_1001190.nii.gz,human_expert_resampled,NO,False,0,val
11168,1001191,11168_1001191,images/11168/11168_1001191_t2w.mha,images/11168/11168_1001191_adc.mha,images/11168/11168_1001191_hbv.mha,/opt/data/private/lm/data/Prostate/PI-CAI/labels/csPCa_lesion_delineations/human_expert/resampled/11168_1001191.nii.gz,human_expert_resampled,YES,True,1,train
11169,1001192,11169_1001192,images/11169/11169_1001192_t2w.mha,images/11169/11169_1001192_adc.mha,images/11169/11169_1001192_hbv.mha,/opt/data/private/lm/data/Prostate/PI-CAI/labels/csPCa_lesion_delineations/human_expert/Pooch25/11169_1001192.nii.gz,human_expert_pooch25,YES,True,1,train
11170,1001193,11170_1001193,images/11170/11170_1001193_t2w.mha,images/11170/11170_1001193_adc.mha,images/11170/11170_1001193_hbv.mha,/opt/data/private/lm/data/Prostate/PI-CAI/labels/csPCa_lesion_delineations/human_expert/resampled/11170_1001193.nii.gz,human_expert_resampled,NO,False,0,train
11171,1001194,11171_1001194,images/11171/11171_1001194_t2w.mha,images/11171/11171_1001194_adc.mha,images/11171/11171_1001194_hbv.mha,/opt/data/private/lm/data/Prostate/PI-CAI/labels/csPCa_lesion_delineations/human_expert/resampled/11171_1001194.nii.gz,human_expert_resampled,NO,False,0,train
11172,1001195,11172_1001195,images/11172/11172_1001195_t2w.mha,images/11172/11172_1001195_adc.mha,images/11172/11172_1001195_hbv.mha,/opt/data/private/lm/data/Prostate/PI-CAI/labels/csPCa_lesion_delineations/human_expert/resampled/11172_1001195.nii.gz,human_expert_resampled,NO,False,0,val
11173,1001196,11173_1001196,images/11173/11173_1001196_t2w.mha,images/11173/11173_1001196_adc.mha,images/11173/11173_1001196_hbv.mha,/opt/data/private/lm/data/Prostate/PI-CAI/labels/csPCa_lesion_delineations/human_expert/Pooch25/11173_1001196.nii.gz,human_expert_pooch25,YES,True,1,train
11174,1001197,11174_1001197,images/11174/11174_1001197_t2w.mha,images/11174/11174_1001197_adc.mha,images/11174/11174_1001197_hbv.mha,/opt/data/private/lm/data/Prostate/PI-CAI/labels/csPCa_lesion_delineations/human_expert/resampled/11174_1001197.nii.gz,human_expert_resampled,YES,True,1,train
11175,1001198,11175_1001198,images/11175/11175_1001198_t2w.mha,images/11175/11175_1001198_adc.mha,images/11175/11175_1001198_hbv.mha,/opt/data/private/lm/data/Prostate/PI-CAI/labels/csPCa_lesion_delineations/human_expert/resampled/11175_1001198.nii.gz,human_expert_resampled,NO,False,0,train
11176,1001199,11176_1001199,images/11176/11176_1001199_t2w.mha,images/11176/11176_1001199_adc.mha,images/11176/11176_1001199_hbv.mha,/opt/data/private/lm/data/Prostate/PI-CAI/labels/csPCa_lesion_delineations/human_expert/resampled/11176_1001199.nii.gz,human_expert_resampled,NO,False,0,train
11177,1001200,11177_1001200,images/11177/11177_1001200_t2w.mha,images/11177/11177_1001200_adc.mha,images/11177/11177_1001200_hbv.mha,/opt/data/private/lm/data/Prostate/PI-CAI/labels/csPCa_lesion_delineations/human_expert/resampled/11177_1001200.nii.gz,human_expert_resampled,YES,True,1,train
11178,1001201,11178_1001201,images/11178/11178_1001201_t2w.mha,images/11178/11178_1001201_adc.mha,images/11178/11178_1001201_hbv.mha,/opt/data/private/lm/data/Prostate/PI-CAI/labels/csPCa_lesion_delineations/human_expert/resampled/11178_1001201.nii.gz,human_expert_resampled,NO,False,0,train
11179,1001202,11179_1001202,images/11179/11179_1001202_t2w.mha,images/11179/11179_1001202_adc.mha,images/11179/11179_1001202_hbv.mha,/opt/data/private/lm/data/Prostate/PI-CAI/labels/csPCa_lesion_delineations/human_expert/Pooch25/11179_1001202.nii.gz,human_expert_pooch25,YES,True,1,train
11180,1001203,11180_1001203,images/11180/11180_1001203_t2w.mha,images/11180/11180_1001203_adc.mha,images/11180/11180_1001203_hbv.mha,/opt/data/private/lm/data/Prostate/PI-CAI/labels/csPCa_lesion_delineations/human_expert/resampled/11180_1001203.nii.gz,human_expert_resampled,NO,False,0,val
11181,1001204,11181_1001204,images/11181/11181_1001204_t2w.mha,images/11181/11181_1001204_adc.mha,images/11181/11181_1001204_hbv.mha,/opt/data/private/lm/data/Prostate/PI-CAI/labels/csPCa_lesion_delineations/human_expert/resampled/11181_1001204.nii.gz,human_expert_resampled,YES,True,1,train
11182,1001205,11182_1001205,images/11182/11182_1001205_t2w.mha,images/11182/11182_1001205_adc.mha,images/11182/11182_1001205_hbv.mha,/opt/data/private/lm/data/Prostate/PI-CAI/labels/csPCa_lesion_delineations/human_expert/resampled/11182_1001205.nii.gz,human_expert_resampled,NO,False,0,train
11183,1001206,11183_1001206,images/11183/11183_1001206_t2w.mha,images/11183/11183_1001206_adc.mha,images/11183/11183_1001206_hbv.mha,/opt/data/private/lm/data/Prostate/PI-CAI/labels/csPCa_lesion_delineations/human_expert/resampled/11183_1001206.nii.gz,human_expert_resampled,NO,False,0,train
11184,1001207,11184_1001207,images/11184/11184_1001207_t2w.mha,images/11184/11184_1001207_adc.mha,images/11184/11184_1001207_hbv.mha,/opt/data/private/lm/data/Prostate/PI-CAI/labels/csPCa_lesion_delineations/human_expert/resampled/11184_1001207.nii.gz,human_expert_resampled,NO,False,0,train
11185,1001208,11185_1001208,images/11185/11185_1001208_t2w.mha,images/11185/11185_1001208_adc.mha,images/11185/11185_1001208_hbv.mha,/opt/data/private/lm/data/Prostate/PI-CAI/labels/csPCa_lesion_delineations/human_expert/resampled/11185_1001208.nii.gz,human_expert_resampled,YES,True,2,val
11186,1001209,11186_1001209,images/11186/11186_1001209_t2w.mha,images/11186/11186_1001209_adc.mha,images/11186/11186_1001209_hbv.mha,/opt/data/private/lm/data/Prostate/PI-CAI/labels/csPCa_lesion_delineations/human_expert/resampled/11186_1001209.nii.gz,human_expert_resampled,YES,True,1,train
11187,1001210,11187_1001210,images/11187/11187_1001210_t2w.mha,images/11187/11187_1001210_adc.mha,images/11187/11187_1001210_hbv.mha,/opt/data/private/lm/data/Prostate/PI-CAI/labels/csPCa_lesion_delineations/human_expert/resampled/11187_1001210.nii.gz,human_expert_resampled,NO,False,0,train
11188,1001211,11188_1001211,images/11188/11188_1001211_t2w.mha,images/11188/11188_1001211_adc.mha,images/11188/11188_1001211_hbv.mha,/opt/data/private/lm/data/Prostate/PI-CAI/labels/csPCa_lesion_delineations/human_expert/resampled/11188_1001211.nii.gz,human_expert_resampled,YES,True,1,train
11189,1001212,11189_1001212,images/11189/11189_1001212_t2w.mha,images/11189/11189_1001212_adc.mha,images/11189/11189_1001212_hbv.mha,/opt/data/private/lm/data/Prostate/PI-CAI/labels/csPCa_lesion_delineations/human_expert/resampled/11189_1001212.nii.gz,human_expert_resampled,NO,False,0,train
11190,1001213,11190_1001213,images/11190/11190_1001213_t2w.mha,images/11190/11190_1001213_adc.mha,images/11190/11190_1001213_hbv.mha,/opt/data/private/lm/data/Prostate/PI-CAI/labels/csPCa_lesion_delineations/human_expert/resampled/11190_1001213.nii.gz,human_expert_resampled,YES,True,1,val
11191,1001214,11191_1001214,images/11191/11191_1001214_t2w.mha,images/11191/11191_1001214_adc.mha,images/11191/11191_1001214_hbv.mha,/opt/data/private/lm/data/Prostate/PI-CAI/labels/csPCa_lesion_delineations/human_expert/resampled/11191_1001214.nii.gz,human_expert_resampled,NO,False,0,train
11192,1001215,11192_1001215,images/11192/11192_1001215_t2w.mha,images/11192/11192_1001215_adc.mha,images/11192/11192_1001215_hbv.mha,/opt/data/private/lm/data/Prostate/PI-CAI/labels/csPCa_lesion_delineations/human_expert/resampled/11192_1001215.nii.gz,human_expert_resampled,NO,False,0,train
11193,1001216,11193_1001216,images/11193/11193_1001216_t2w.mha,images/11193/11193_1001216_adc.mha,images/11193/11193_1001216_hbv.mha,/opt/data/private/lm/data/Prostate/PI-CAI/labels/csPCa_lesion_delineations/human_expert/resampled/11193_1001216.nii.gz,human_expert_resampled,NO,False,0,val
11194,1001217,11194_1001217,images/11194/11194_1001217_t2w.mha,images/11194/11194_1001217_adc.mha,images/11194/11194_1001217_hbv.mha,/opt/data/private/lm/data/Prostate/PI-CAI/labels/csPCa_lesion_delineations/human_expert/resampled/11194_1001217.nii.gz,human_expert_resampled,YES,True,1,train
11195,1001218,11195_1001218,images/11195/11195_1001218_t2w.mha,images/11195/11195_1001218_adc.mha,images/11195/11195_1001218_hbv.mha,/opt/data/private/lm/data/Prostate/PI-CAI/labels/csPCa_lesion_delineations/human_expert/resampled/11195_1001218.nii.gz,human_expert_resampled,NO,False,0,train
11196,1001219,11196_1001219,images/11196/11196_1001219_t2w.mha,images/11196/11196_1001219_adc.mha,images/11196/11196_1001219_hbv.mha,/opt/data/private/lm/data/Prostate/PI-CAI/labels/csPCa_lesion_delineations/human_expert/resampled/11196_1001219.nii.gz,human_expert_resampled,NO,False,0,train
11197,1001220,11197_1001220,images/11197/11197_1001220_t2w.mha,images/11197/11197_1001220_adc.mha,images/11197/11197_1001220_hbv.mha,/opt/data/private/lm/data/Prostate/PI-CAI/labels/csPCa_lesion_delineations/human_expert/resampled/11197_1001220.nii.gz,human_expert_resampled,NO,False,0,train
11198,1001221,11198_1001221,images/11198/11198_1001221_t2w.mha,images/11198/11198_1001221_adc.mha,images/11198/11198_1001221_hbv.mha,/opt/data/private/lm/data/Prostate/PI-CAI/labels/csPCa_lesion_delineations/human_expert/resampled/11198_1001221.nii.gz,human_expert_resampled,YES,True,1,train
11199,1001222,11199_1001222,images/11199/11199_1001222_t2w.mha,images/11199/11199_1001222_adc.mha,images/11199/11199_1001222_hbv.mha,/opt/data/private/lm/data/Prostate/PI-CAI/labels/csPCa_lesion_delineations/human_expert/resampled/11199_1001222.nii.gz,human_expert_resampled,NO,False,0,train
11200,1001223,11200_1001223,images/11200/11200_1001223_t2w.mha,images/11200/11200_1001223_adc.mha,images/11200/11200_1001223_hbv.mha,/opt/data/private/lm/data/Prostate/PI-CAI/labels/csPCa_lesion_delineations/human_expert/resampled/11200_1001223.nii.gz,human_expert_resampled,NO,False,0,val
11201,1001224,11201_1001224,images/11201/11201_1001224_t2w.mha,images/11201/11201_1001224_adc.mha,images/11201/11201_1001224_hbv.mha,/opt/data/private/lm/data/Prostate/PI-CAI/labels/csPCa_lesion_delineations/human_expert/resampled/11201_1001224.nii.gz,human_expert_resampled,NO,False,0,train
11202,1001225,11202_1001225,images/11202/11202_1001225_t2w.mha,images/11202/11202_1001225_adc.mha,images/11202/11202_1001225_hbv.mha,/opt/data/private/lm/data/Prostate/PI-CAI/labels/csPCa_lesion_delineations/human_expert/resampled/11202_1001225.nii.gz,human_expert_resampled,NO,False,0,train
11203,1001226,11203_1001226,images/11203/11203_1001226_t2w.mha,images/11203/11203_1001226_adc.mha,images/11203/11203_1001226_hbv.mha,/opt/data/private/lm/data/Prostate/PI-CAI/labels/csPCa_lesion_delineations/human_expert/resampled/11203_1001226.nii.gz,human_expert_resampled,NO,False,0,train
11204,1001227,11204_1001227,images/11204/11204_1001227_t2w.mha,images/11204/11204_1001227_adc.mha,images/11204/11204_1001227_hbv.mha,/opt/data/private/lm/data/Prostate/PI-CAI/labels/csPCa_lesion_delineations/human_expert/resampled/11204_1001227.nii.gz,human_expert_resampled,NO,False,0,val
11205,1001228,11205_1001228,images/11205/11205_1001228_t2w.mha,images/11205/11205_1001228_adc.mha,images/11205/11205_1001228_hbv.mha,/opt/data/private/lm/data/Prostate/PI-CAI/labels/csPCa_lesion_delineations/human_expert/resampled/11205_1001228.nii.gz,human_expert_resampled,NO,False,0,train
11206,1001229,11206_1001229,images/11206/11206_1001229_t2w.mha,images/11206/11206_1001229_adc.mha,images/11206/11206_1001229_hbv.mha,/opt/data/private/lm/data/Prostate/PI-CAI/labels/csPCa_lesion_delineations/human_expert/resampled/11206_1001229.nii.gz,human_expert_resampled,NO,False,0,train
11207,1001230,11207_1001230,images/11207/11207_1001230_t2w.mha,images/11207/11207_1001230_adc.mha,images/11207/11207_1001230_hbv.mha,/opt/data/private/lm/data/Prostate/PI-CAI/labels/csPCa_lesion_delineations/human_expert/Pooch25/11207_1001230.nii.gz,human_expert_pooch25,YES,True,1,train
11208,1001231,11208_1001231,images/11208/11208_1001231_t2w.mha,images/11208/11208_1001231_adc.mha,images/11208/11208_1001231_hbv.mha,/opt/data/private/lm/data/Prostate/PI-CAI/labels/csPCa_lesion_delineations/human_expert/resampled/11208_1001231.nii.gz,human_expert_resampled,YES,True,1,train
11209,1001232,11209_1001232,images/11209/11209_1001232_t2w.mha,images/11209/11209_1001232_adc.mha,images/11209/11209_1001232_hbv.mha,/opt/data/private/lm/data/Prostate/PI-CAI/labels/csPCa_lesion_delineations/human_expert/resampled/11209_1001232.nii.gz,human_expert_resampled,NO,False,0,val
11210,1001233,11210_1001233,images/11210/11210_1001233_t2w.mha,images/11210/11210_1001233_adc.mha,images/11210/11210_1001233_hbv.mha,/opt/data/private/lm/data/Prostate/PI-CAI/labels/csPCa_lesion_delineations/human_expert/resampled/11210_1001233.nii.gz,human_expert_resampled,NO,False,0,train
11211,1001234,11211_1001234,images/11211/11211_1001234_t2w.mha,images/11211/11211_1001234_adc.mha,images/11211/11211_1001234_hbv.mha,/opt/data/private/lm/data/Prostate/PI-CAI/labels/csPCa_lesion_delineations/human_expert/resampled/11211_1001234.nii.gz,human_expert_resampled,NO,False,0,train
11212,1001235,11212_1001235,images/11212/11212_1001235_t2w.mha,images/11212/11212_1001235_adc.mha,images/11212/11212_1001235_hbv.mha,/opt/data/private/lm/data/Prostate/PI-CAI/labels/csPCa_lesion_delineations/human_expert/resampled/11212_1001235.nii.gz,human_expert_resampled,NO,False,0,val
11213,1001236,11213_1001236,images/11213/11213_1001236_t2w.mha,images/11213/11213_1001236_adc.mha,images/11213/11213_1001236_hbv.mha,/opt/data/private/lm/data/Prostate/PI-CAI/labels/csPCa_lesion_delineations/human_expert/resampled/11213_1001236.nii.gz,human_expert_resampled,NO,False,0,train
11214,1001237,11214_1001237,images/11214/11214_1001237_t2w.mha,images/11214/11214_1001237_adc.mha,images/11214/11214_1001237_hbv.mha,/opt/data/private/lm/data/Prostate/PI-CAI/labels/csPCa_lesion_delineations/human_expert/resampled/11214_1001237.nii.gz,human_expert_resampled,NO,False,0,train
11215,1001238,11215_1001238,images/11215/11215_1001238_t2w.mha,images/11215/11215_1001238_adc.mha,images/11215/11215_1001238_hbv.mha,/opt/data/private/lm/data/Prostate/PI-CAI/labels/csPCa_lesion_delineations/human_expert/resampled/11215_1001238.nii.gz,human_expert_resampled,NO,False,0,train
11216,1001239,11216_1001239,images/11216/11216_1001239_t2w.mha,images/11216/11216_1001239_adc.mha,images/11216/11216_1001239_hbv.mha,/opt/data/private/lm/data/Prostate/PI-CAI/labels/csPCa_lesion_delineations/human_expert/resampled/11216_1001239.nii.gz,human_expert_resampled,NO,False,0,train
11217,1001240,11217_1001240,images/11217/11217_1001240_t2w.mha,images/11217/11217_1001240_adc.mha,images/11217/11217_1001240_hbv.mha,/opt/data/private/lm/data/Prostate/PI-CAI/labels/csPCa_lesion_delineations/human_expert/resampled/11217_1001240.nii.gz,human_expert_resampled,NO,False,0,train
11218,1001241,11218_1001241,images/11218/11218_1001241_t2w.mha,images/11218/11218_1001241_adc.mha,images/11218/11218_1001241_hbv.mha,/opt/data/private/lm/data/Prostate/PI-CAI/labels/csPCa_lesion_delineations/human_expert/resampled/11218_1001241.nii.gz,human_expert_resampled,NO,False,0,val
11219,1001242,11219_1001242,images/11219/11219_1001242_t2w.mha,images/11219/11219_1001242_adc.mha,images/11219/11219_1001242_hbv.mha,/opt/data/private/lm/data/Prostate/PI-CAI/labels/csPCa_lesion_delineations/human_expert/resampled/11219_1001242.nii.gz,human_expert_resampled,NO,False,0,train
11220,1001243,11220_1001243,images/11220/11220_1001243_t2w.mha,images/11220/11220_1001243_adc.mha,images/11220/11220_1001243_hbv.mha,/opt/data/private/lm/data/Prostate/PI-CAI/labels/csPCa_lesion_delineations/human_expert/resampled/11220_1001243.nii.gz,human_expert_resampled,NO,False,0,train
11221,1001244,11221_1001244,images/11221/11221_1001244_t2w.mha,images/11221/11221_1001244_adc.mha,images/11221/11221_1001244_hbv.mha,/opt/data/private/lm/data/Prostate/PI-CAI/labels/csPCa_lesion_delineations/human_expert/resampled/11221_1001244.nii.gz,human_expert_resampled,NO,False,0,train
11222,1001245,11222_1001245,images/11222/11222_1001245_t2w.mha,images/11222/11222_1001245_adc.mha,images/11222/11222_1001245_hbv.mha,/opt/data/private/lm/data/Prostate/PI-CAI/labels/csPCa_lesion_delineations/human_expert/resampled/11222_1001245.nii.gz,human_expert_resampled,NO,False,0,train
11223,1001246,11223_1001246,images/11223/11223_1001246_t2w.mha,images/11223/11223_1001246_adc.mha,images/11223/11223_1001246_hbv.mha,/opt/data/private/lm/data/Prostate/PI-CAI/labels/csPCa_lesion_delineations/human_expert/resampled/11223_1001246.nii.gz,human_expert_resampled,NO,False,0,train
11224,1001247,11224_1001247,images/11224/11224_1001247_t2w.mha,images/11224/11224_1001247_adc.mha,images/11224/11224_1001247_hbv.mha,/opt/data/private/lm/data/Prostate/PI-CAI/labels/csPCa_lesion_delineations/human_expert/resampled/11224_1001247.nii.gz,human_expert_resampled,NO,False,0,train
11225,1001248,11225_1001248,images/11225/11225_1001248_t2w.mha,images/11225/11225_1001248_adc.mha,images/11225/11225_1001248_hbv.mha,/opt/data/private/lm/data/Prostate/PI-CAI/labels/csPCa_lesion_delineations/human_expert/resampled/11225_1001248.nii.gz,human_expert_resampled,YES,True,1,val
11226,1001249,11226_1001249,images/11226/11226_1001249_t2w.mha,images/11226/11226_1001249_adc.mha,images/11226/11226_1001249_hbv.mha,/opt/data/private/lm/data/Prostate/PI-CAI/labels/csPCa_lesion_delineations/human_expert/resampled/11226_1001249.nii.gz,human_expert_resampled,NO,False,0,train
11227,1001250,11227_1001250,images/11227/11227_1001250_t2w.mha,images/11227/11227_1001250_adc.mha,images/11227/11227_1001250_hbv.mha,/opt/data/private/lm/data/Prostate/PI-CAI/labels/csPCa_lesion_delineations/human_expert/resampled/11227_1001250.nii.gz,human_expert_resampled,NO,False,0,train
11228,1001251,11228_1001251,images/11228/11228_1001251_t2w.mha,images/11228/11228_1001251_adc.mha,images/11228/11228_1001251_hbv.mha,/opt/data/private/lm/data/Prostate/PI-CAI/labels/csPCa_lesion_delineations/human_expert/resampled/11228_1001251.nii.gz,human_expert_resampled,NO,False,0,train
11229,1001252,11229_1001252,images/11229/11229_1001252_t2w.mha,images/11229/11229_1001252_adc.mha,images/11229/11229_1001252_hbv.mha,/opt/data/private/lm/data/Prostate/PI-CAI/labels/csPCa_lesion_delineations/human_expert/resampled/11229_1001252.nii.gz,human_expert_resampled,YES,True,1,train
11230,1001253,11230_1001253,images/11230/11230_1001253_t2w.mha,images/11230/11230_1001253_adc.mha,images/11230/11230_1001253_hbv.mha,/opt/data/private/lm/data/Prostate/PI-CAI/labels/csPCa_lesion_delineations/human_expert/resampled/11230_1001253.nii.gz,human_expert_resampled,NO,False,0,val
11231,1001254,11231_1001254,images/11231/11231_1001254_t2w.mha,images/11231/11231_1001254_adc.mha,images/11231/11231_1001254_hbv.mha,/opt/data/private/lm/data/Prostate/PI-CAI/labels/csPCa_lesion_delineations/human_expert/resampled/11231_1001254.nii.gz,human_expert_resampled,YES,True,1,train
11232,1001255,11232_1001255,images/11232/11232_1001255_t2w.mha,images/11232/11232_1001255_adc.mha,images/11232/11232_1001255_hbv.mha,/opt/data/private/lm/data/Prostate/PI-CAI/labels/csPCa_lesion_delineations/human_expert/resampled/11232_1001255.nii.gz,human_expert_resampled,NO,False,0,train
11233,1001256,11233_1001256,images/11233/11233_1001256_t2w.mha,images/11233/11233_1001256_adc.mha,images/11233/11233_1001256_hbv.mha,/opt/data/private/lm/data/Prostate/PI-CAI/labels/csPCa_lesion_delineations/human_expert/resampled/11233_1001256.nii.gz,human_expert_resampled,NO,False,0,train
11234,1001257,11234_1001257,images/11234/11234_1001257_t2w.mha,images/11234/11234_1001257_adc.mha,images/11234/11234_1001257_hbv.mha,/opt/data/private/lm/data/Prostate/PI-CAI/labels/csPCa_lesion_delineations/human_expert/resampled/11234_1001257.nii.gz,human_expert_resampled,NO,False,0,train
11235,1001258,11235_1001258,images/11235/11235_1001258_t2w.mha,images/11235/11235_1001258_adc.mha,images/11235/11235_1001258_hbv.mha,/opt/data/private/lm/data/Prostate/PI-CAI/labels/csPCa_lesion_delineations/human_expert/resampled/11235_1001258.nii.gz,human_expert_resampled,NO,False,0,val
11236,1001259,11236_1001259,images/11236/11236_1001259_t2w.mha,images/11236/11236_1001259_adc.mha,images/11236/11236_1001259_hbv.mha,/opt/data/private/lm/data/Prostate/PI-CAI/labels/csPCa_lesion_delineations/human_expert/resampled/11236_1001259.nii.gz,human_expert_resampled,YES,True,1,train
11237,1001260,11237_1001260,images/11237/11237_1001260_t2w.mha,images/11237/11237_1001260_adc.mha,images/11237/11237_1001260_hbv.mha,/opt/data/private/lm/data/Prostate/PI-CAI/labels/csPCa_lesion_delineations/human_expert/resampled/11237_1001260.nii.gz,human_expert_resampled,NO,False,0,train
11238,1001261,11238_1001261,images/11238/11238_1001261_t2w.mha,images/11238/11238_1001261_adc.mha,images/11238/11238_1001261_hbv.mha,/opt/data/private/lm/data/Prostate/PI-CAI/labels/csPCa_lesion_delineations/human_expert/resampled/11238_1001261.nii.gz,human_expert_resampled,NO,False,0,train
11239,1001262,11239_1001262,images/11239/11239_1001262_t2w.mha,images/11239/11239_1001262_adc.mha,images/11239/11239_1001262_hbv.mha,/opt/data/private/lm/data/Prostate/PI-CAI/labels/csPCa_lesion_delineations/human_expert/Pooch25/11239_1001262.nii.gz,human_expert_pooch25,YES,True,1,train
11240,1001263,11240_1001263,images/11240/11240_1001263_t2w.mha,images/11240/11240_1001263_adc.mha,images/11240/11240_1001263_hbv.mha,/opt/data/private/lm/data/Prostate/PI-CAI/labels/csPCa_lesion_delineations/human_expert/Pooch25/11240_1001263.nii.gz,human_expert_pooch25,YES,True,1,val
11241,1001264,11241_1001264,images/11241/11241_1001264_t2w.mha,images/11241/11241_1001264_adc.mha,images/11241/11241_1001264_hbv.mha,/opt/data/private/lm/data/Prostate/PI-CAI/labels/csPCa_lesion_delineations/human_expert/resampled/11241_1001264.nii.gz,human_expert_resampled,NO,False,0,train
11242,1001265,11242_1001265,images/11242/11242_1001265_t2w.mha,images/11242/11242_1001265_adc.mha,images/11242/11242_1001265_hbv.mha,/opt/data/private/lm/data/Prostate/PI-CAI/labels/csPCa_lesion_delineations/human_expert/resampled/11242_1001265.nii.gz,human_expert_resampled,NO,False,0,train
11243,1001266,11243_1001266,images/11243/11243_1001266_t2w.mha,images/11243/11243_1001266_adc.mha,images/11243/11243_1001266_hbv.mha,/opt/data/private/lm/data/Prostate/PI-CAI/labels/csPCa_lesion_delineations/human_expert/Pooch25/11243_1001266.nii.gz,human_expert_pooch25,YES,True,2,train
11244,1001267,11244_1001267,images/11244/11244_1001267_t2w.mha,images/11244/11244_1001267_adc.mha,images/11244/11244_1001267_hbv.mha,/opt/data/private/lm/data/Prostate/PI-CAI/labels/csPCa_lesion_delineations/human_expert/resampled/11244_1001267.nii.gz,human_expert_resampled,NO,False,0,train
11245,1001268,11245_1001268,images/11245/11245_1001268_t2w.mha,images/11245/11245_1001268_adc.mha,images/11245/11245_1001268_hbv.mha,/opt/data/private/lm/data/Prostate/PI-CAI/labels/csPCa_lesion_delineations/human_expert/Pooch25/11245_1001268.nii.gz,human_expert_pooch25,YES,True,2,val
11246,1001269,11246_1001269,images/11246/11246_1001269_t2w.mha,images/11246/11246_1001269_adc.mha,images/11246/11246_1001269_hbv.mha,/opt/data/private/lm/data/Prostate/PI-CAI/labels/csPCa_lesion_delineations/human_expert/resampled/11246_1001269.nii.gz,human_expert_resampled,NO,False,0,train
11247,1001270,11247_1001270,images/11247/11247_1001270_t2w.mha,images/11247/11247_1001270_adc.mha,images/11247/11247_1001270_hbv.mha,/opt/data/private/lm/data/Prostate/PI-CAI/labels/csPCa_lesion_delineations/human_expert/resampled/11247_1001270.nii.gz,human_expert_resampled,YES,True,1,train
11248,1001271,11248_1001271,images/11248/11248_1001271_t2w.mha,images/11248/11248_1001271_adc.mha,images/11248/11248_1001271_hbv.mha,/opt/data/private/lm/data/Prostate/PI-CAI/labels/csPCa_lesion_delineations/human_expert/Pooch25/11248_1001271.nii.gz,human_expert_pooch25,YES,True,1,val
11249,1001272,11249_1001272,images/11249/11249_1001272_t2w.mha,images/11249/11249_1001272_adc.mha,images/11249/11249_1001272_hbv.mha,/opt/data/private/lm/data/Prostate/PI-CAI/labels/csPCa_lesion_delineations/human_expert/resampled/11249_1001272.nii.gz,human_expert_resampled,NO,False,0,train
11250,1001273,11250_1001273,images/11250/11250_1001273_t2w.mha,images/11250/11250_1001273_adc.mha,images/11250/11250_1001273_hbv.mha,/opt/data/private/lm/data/Prostate/PI-CAI/labels/csPCa_lesion_delineations/human_expert/resampled/11250_1001273.nii.gz,human_expert_resampled,NO,False,0,train
11251,1001274,11251_1001274,images/11251/11251_1001274_t2w.mha,images/11251/11251_1001274_adc.mha,images/11251/11251_1001274_hbv.mha,/opt/data/private/lm/data/Prostate/PI-CAI/labels/csPCa_lesion_delineations/human_expert/resampled/11251_1001274.nii.gz,human_expert_resampled,NO,False,0,train
11252,1001275,11252_1001275,images/11252/11252_1001275_t2w.mha,images/11252/11252_1001275_adc.mha,images/11252/11252_1001275_hbv.mha,/opt/data/private/lm/data/Prostate/PI-CAI/labels/csPCa_lesion_delineations/human_expert/resampled/11252_1001275.nii.gz,human_expert_resampled,NO,False,0,train
11253,1001276,11253_1001276,images/11253/11253_1001276_t2w.mha,images/11253/11253_1001276_adc.mha,images/11253/11253_1001276_hbv.mha,/opt/data/private/lm/data/Prostate/PI-CAI/labels/csPCa_lesion_delineations/human_expert/resampled/11253_1001276.nii.gz,human_expert_resampled,YES,True,1,train
11254,1001277,11254_1001277,images/11254/11254_1001277_t2w.mha,images/11254/11254_1001277_adc.mha,images/11254/11254_1001277_hbv.mha,/opt/data/private/lm/data/Prostate/PI-CAI/labels/csPCa_lesion_delineations/human_expert/resampled/11254_1001277.nii.gz,human_expert_resampled,NO,False,0,train
11255,1001278,11255_1001278,images/11255/11255_1001278_t2w.mha,images/11255/11255_1001278_adc.mha,images/11255/11255_1001278_hbv.mha,/opt/data/private/lm/data/Prostate/PI-CAI/labels/csPCa_lesion_delineations/human_expert/resampled/11255_1001278.nii.gz,human_expert_resampled,NO,False,0,val
11256,1001279,11256_1001279,images/11256/11256_1001279_t2w.mha,images/11256/11256_1001279_adc.mha,images/11256/11256_1001279_hbv.mha,/opt/data/private/lm/data/Prostate/PI-CAI/labels/csPCa_lesion_delineations/human_expert/resampled/11256_1001279.nii.gz,human_expert_resampled,YES,True,1,train
11257,1001280,11257_1001280,images/11257/11257_1001280_t2w.mha,images/11257/11257_1001280_adc.mha,images/11257/11257_1001280_hbv.mha,/opt/data/private/lm/data/Prostate/PI-CAI/labels/csPCa_lesion_delineations/human_expert/resampled/11257_1001280.nii.gz,human_expert_resampled,YES,True,1,train
11258,1001281,11258_1001281,images/11258/11258_1001281_t2w.mha,images/11258/11258_1001281_adc.mha,images/11258/11258_1001281_hbv.mha,/opt/data/private/lm/data/Prostate/PI-CAI/labels/csPCa_lesion_delineations/human_expert/Pooch25/11258_1001281.nii.gz,human_expert_pooch25,YES,True,1,val
11259,1001282,11259_1001282,images/11259/11259_1001282_t2w.mha,images/11259/11259_1001282_adc.mha,images/11259/11259_1001282_hbv.mha,/opt/data/private/lm/data/Prostate/PI-CAI/labels/csPCa_lesion_delineations/human_expert/resampled/11259_1001282.nii.gz,human_expert_resampled,NO,False,0,train
11260,1001283,11260_1001283,images/11260/11260_1001283_t2w.mha,images/11260/11260_1001283_adc.mha,images/11260/11260_1001283_hbv.mha,/opt/data/private/lm/data/Prostate/PI-CAI/labels/csPCa_lesion_delineations/human_expert/resampled/11260_1001283.nii.gz,human_expert_resampled,YES,True,2,val
11261,1001284,11261_1001284,images/11261/11261_1001284_t2w.mha,images/11261/11261_1001284_adc.mha,images/11261/11261_1001284_hbv.mha,/opt/data/private/lm/data/Prostate/PI-CAI/labels/csPCa_lesion_delineations/human_expert/resampled/11261_1001284.nii.gz,human_expert_resampled,NO,False,0,train
11262,1001285,11262_1001285,images/11262/11262_1001285_t2w.mha,images/11262/11262_1001285_adc.mha,images/11262/11262_1001285_hbv.mha,/opt/data/private/lm/data/Prostate/PI-CAI/labels/csPCa_lesion_delineations/human_expert/resampled/11262_1001285.nii.gz,human_expert_resampled,NO,False,0,train
11263,1001286,11263_1001286,images/11263/11263_1001286_t2w.mha,images/11263/11263_1001286_adc.mha,images/11263/11263_1001286_hbv.mha,/opt/data/private/lm/data/Prostate/PI-CAI/labels/csPCa_lesion_delineations/human_expert/resampled/11263_1001286.nii.gz,human_expert_resampled,NO,False,0,train
11264,1001287,11264_1001287,images/11264/11264_1001287_t2w.mha,images/11264/11264_1001287_adc.mha,images/11264/11264_1001287_hbv.mha,/opt/data/private/lm/data/Prostate/PI-CAI/labels/csPCa_lesion_delineations/human_expert/resampled/11264_1001287.nii.gz,human_expert_resampled,NO,False,0,train
11265,1001288,11265_1001288,images/11265/11265_1001288_t2w.mha,images/11265/11265_1001288_adc.mha,images/11265/11265_1001288_hbv.mha,/opt/data/private/lm/data/Prostate/PI-CAI/labels/csPCa_lesion_delineations/human_expert/resampled/11265_1001288.nii.gz,human_expert_resampled,NO,False,0,train
11266,1001289,11266_1001289,images/11266/11266_1001289_t2w.mha,images/11266/11266_1001289_adc.mha,images/11266/11266_1001289_hbv.mha,/opt/data/private/lm/data/Prostate/PI-CAI/labels/csPCa_lesion_delineations/human_expert/Pooch25/11266_1001289.nii.gz,human_expert_pooch25,YES,True,1,val
11267,1001290,11267_1001290,images/11267/11267_1001290_t2w.mha,images/11267/11267_1001290_adc.mha,images/11267/11267_1001290_hbv.mha,/opt/data/private/lm/data/Prostate/PI-CAI/labels/csPCa_lesion_delineations/human_expert/resampled/11267_1001290.nii.gz,human_expert_resampled,NO,False,0,train
11268,1001291,11268_1001291,images/11268/11268_1001291_t2w.mha,images/11268/11268_1001291_adc.mha,images/11268/11268_1001291_hbv.mha,/opt/data/private/lm/data/Prostate/PI-CAI/labels/csPCa_lesion_delineations/human_expert/resampled/11268_1001291.nii.gz,human_expert_resampled,NO,False,0,train
11269,1001292,11269_1001292,images/11269/11269_1001292_t2w.mha,images/11269/11269_1001292_adc.mha,images/11269/11269_1001292_hbv.mha,/opt/data/private/lm/data/Prostate/PI-CAI/labels/csPCa_lesion_delineations/human_expert/resampled/11269_1001292.nii.gz,human_expert_resampled,YES,True,1,train
11270,1001293,11270_1001293,images/11270/11270_1001293_t2w.mha,images/11270/11270_1001293_adc.mha,images/11270/11270_1001293_hbv.mha,/opt/data/private/lm/data/Prostate/PI-CAI/labels/csPCa_lesion_delineations/human_expert/resampled/11270_1001293.nii.gz,human_expert_resampled,NO,False,0,train
11271,1001294,11271_1001294,images/11271/11271_1001294_t2w.mha,images/11271/11271_1001294_adc.mha,images/11271/11271_1001294_hbv.mha,/opt/data/private/lm/data/Prostate/PI-CAI/labels/csPCa_lesion_delineations/human_expert/resampled/11271_1001294.nii.gz,human_expert_resampled,NO,False,0,train
11272,1001295,11272_1001295,images/11272/11272_1001295_t2w.mha,images/11272/11272_1001295_adc.mha,images/11272/11272_1001295_hbv.mha,/opt/data/private/lm/data/Prostate/PI-CAI/labels/csPCa_lesion_delineations/human_expert/resampled/11272_1001295.nii.gz,human_expert_resampled,NO,False,0,train
11273,1001296,11273_1001296,images/11273/11273_1001296_t2w.mha,images/11273/11273_1001296_adc.mha,images/11273/11273_1001296_hbv.mha,/opt/data/private/lm/data/Prostate/PI-CAI/labels/csPCa_lesion_delineations/human_expert/resampled/11273_1001296.nii.gz,human_expert_resampled,NO,False,0,train
11274,1001297,11274_1001297,images/11274/11274_1001297_t2w.mha,images/11274/11274_1001297_adc.mha,images/11274/11274_1001297_hbv.mha,/opt/data/private/lm/data/Prostate/PI-CAI/labels/csPCa_lesion_delineations/human_expert/Pooch25/11274_1001297.nii.gz,human_expert_pooch25,YES,True,1,val
11275,1001298,11275_1001298,images/11275/11275_1001298_t2w.mha,images/11275/11275_1001298_adc.mha,images/11275/11275_1001298_hbv.mha,/opt/data/private/lm/data/Prostate/PI-CAI/labels/csPCa_lesion_delineations/human_expert/resampled/11275_1001298.nii.gz,human_expert_resampled,NO,False,0,train
11276,1001299,11276_1001299,images/11276/11276_1001299_t2w.mha,images/11276/11276_1001299_adc.mha,images/11276/11276_1001299_hbv.mha,/opt/data/private/lm/data/Prostate/PI-CAI/labels/csPCa_lesion_delineations/human_expert/resampled/11276_1001299.nii.gz,human_expert_resampled,NO,False,0,val
11277,1001300,11277_1001300,images/11277/11277_1001300_t2w.mha,images/11277/11277_1001300_adc.mha,images/11277/11277_1001300_hbv.mha,/opt/data/private/lm/data/Prostate/PI-CAI/labels/csPCa_lesion_delineations/human_expert/resampled/11277_1001300.nii.gz,human_expert_resampled,NO,False,0,train
11278,1001301,11278_1001301,images/11278/11278_1001301_t2w.mha,images/11278/11278_1001301_adc.mha,images/11278/11278_1001301_hbv.mha,/opt/data/private/lm/data/Prostate/PI-CAI/labels/csPCa_lesion_delineations/human_expert/resampled/11278_1001301.nii.gz,human_expert_resampled,YES,True,1,train
11279,1001302,11279_1001302,images/11279/11279_1001302_t2w.mha,images/11279/11279_1001302_adc.mha,images/11279/11279_1001302_hbv.mha,/opt/data/private/lm/data/Prostate/PI-CAI/labels/csPCa_lesion_delineations/human_expert/resampled/11279_1001302.nii.gz,human_expert_resampled,NO,False,0,train
11280,1001303,11280_1001303,images/11280/11280_1001303_t2w.mha,images/11280/11280_1001303_adc.mha,images/11280/11280_1001303_hbv.mha,/opt/data/private/lm/data/Prostate/PI-CAI/labels/csPCa_lesion_delineations/human_expert/resampled/11280_1001303.nii.gz,human_expert_resampled,YES,True,2,train
11281,1001304,11281_1001304,images/11281/11281_1001304_t2w.mha,images/11281/11281_1001304_adc.mha,images/11281/11281_1001304_hbv.mha,/opt/data/private/lm/data/Prostate/PI-CAI/labels/csPCa_lesion_delineations/human_expert/resampled/11281_1001304.nii.gz,human_expert_resampled,NO,False,0,val
11282,1001305,11282_1001305,images/11282/11282_1001305_t2w.mha,images/11282/11282_1001305_adc.mha,images/11282/11282_1001305_hbv.mha,/opt/data/private/lm/data/Prostate/PI-CAI/labels/csPCa_lesion_delineations/human_expert/resampled/11282_1001305.nii.gz,human_expert_resampled,NO,False,0,train
11283,1001306,11283_1001306,images/11283/11283_1001306_t2w.mha,images/11283/11283_1001306_adc.mha,images/11283/11283_1001306_hbv.mha,/opt/data/private/lm/data/Prostate/PI-CAI/labels/csPCa_lesion_delineations/human_expert/Pooch25/11283_1001306.nii.gz,human_expert_pooch25,YES,True,1,train
11284,1001307,11284_1001307,images/11284/11284_1001307_t2w.mha,images/11284/11284_1001307_adc.mha,images/11284/11284_1001307_hbv.mha,/opt/data/private/lm/data/Prostate/PI-CAI/labels/csPCa_lesion_delineations/human_expert/resampled/11284_1001307.nii.gz,human_expert_resampled,YES,True,1,train
11285,1001308,11285_1001308,images/11285/11285_1001308_t2w.mha,images/11285/11285_1001308_adc.mha,images/11285/11285_1001308_hbv.mha,/opt/data/private/lm/data/Prostate/PI-CAI/labels/csPCa_lesion_delineations/human_expert/Pooch25/11285_1001308.nii.gz,human_expert_pooch25,YES,True,1,train
11286,1001309,11286_1001309,images/11286/11286_1001309_t2w.mha,images/11286/11286_1001309_adc.mha,images/11286/11286_1001309_hbv.mha,/opt/data/private/lm/data/Prostate/PI-CAI/labels/csPCa_lesion_delineations/human_expert/resampled/11286_1001309.nii.gz,human_expert_resampled,NO,False,0,train
11287,1001310,11287_1001310,images/11287/11287_1001310_t2w.mha,images/11287/11287_1001310_adc.mha,images/11287/11287_1001310_hbv.mha,/opt/data/private/lm/data/Prostate/PI-CAI/labels/csPCa_lesion_delineations/human_expert/resampled/11287_1001310.nii.gz,human_expert_resampled,NO,False,0,val
11288,1001311,11288_1001311,images/11288/11288_1001311_t2w.mha,images/11288/11288_1001311_adc.mha,images/11288/11288_1001311_hbv.mha,/opt/data/private/lm/data/Prostate/PI-CAI/labels/csPCa_lesion_delineations/human_expert/resampled/11288_1001311.nii.gz,human_expert_resampled,NO,False,0,train
11289,1001312,11289_1001312,images/11289/11289_1001312_t2w.mha,images/11289/11289_1001312_adc.mha,images/11289/11289_1001312_hbv.mha,/opt/data/private/lm/data/Prostate/PI-CAI/labels/csPCa_lesion_delineations/human_expert/resampled/11289_1001312.nii.gz,human_expert_resampled,NO,False,0,train
11290,1001313,11290_1001313,images/11290/11290_1001313_t2w.mha,images/11290/11290_1001313_adc.mha,images/11290/11290_1001313_hbv.mha,/opt/data/private/lm/data/Prostate/PI-CAI/labels/csPCa_lesion_delineations/human_expert/resampled/11290_1001313.nii.gz,human_expert_resampled,NO,False,0,train
11291,1001314,11291_1001314,images/11291/11291_1001314_t2w.mha,images/11291/11291_1001314_adc.mha,images/11291/11291_1001314_hbv.mha,/opt/data/private/lm/data/Prostate/PI-CAI/labels/csPCa_lesion_delineations/human_expert/resampled/11291_1001314.nii.gz,human_expert_resampled,NO,False,0,train
11292,1001315,11292_1001315,images/11292/11292_1001315_t2w.mha,images/11292/11292_1001315_adc.mha,images/11292/11292_1001315_hbv.mha,/opt/data/private/lm/data/Prostate/PI-CAI/labels/csPCa_lesion_delineations/human_expert/resampled/11292_1001315.nii.gz,human_expert_resampled,NO,False,0,train
11293,1001316,11293_1001316,images/11293/11293_1001316_t2w.mha,images/11293/11293_1001316_adc.mha,images/11293/11293_1001316_hbv.mha,/opt/data/private/lm/data/Prostate/PI-CAI/labels/csPCa_lesion_delineations/human_expert/resampled/11293_1001316.nii.gz,human_expert_resampled,NO,False,0,train
11294,1001317,11294_1001317,images/11294/11294_1001317_t2w.mha,images/11294/11294_1001317_adc.mha,images/11294/11294_1001317_hbv.mha,/opt/data/private/lm/data/Prostate/PI-CAI/labels/csPCa_lesion_delineations/human_expert/resampled/11294_1001317.nii.gz,human_expert_resampled,NO,False,0,val
11295,1001318,11295_1001318,images/11295/11295_1001318_t2w.mha,images/11295/11295_1001318_adc.mha,images/11295/11295_1001318_hbv.mha,/opt/data/private/lm/data/Prostate/PI-CAI/labels/csPCa_lesion_delineations/human_expert/resampled/11295_1001318.nii.gz,human_expert_resampled,NO,False,0,train
11296,1001319,11296_1001319,images/11296/11296_1001319_t2w.mha,images/11296/11296_1001319_adc.mha,images/11296/11296_1001319_hbv.mha,/opt/data/private/lm/data/Prostate/PI-CAI/labels/csPCa_lesion_delineations/human_expert/Pooch25/11296_1001319.nii.gz,human_expert_pooch25,YES,True,1,train
11297,1001320,11297_1001320,images/11297/11297_1001320_t2w.mha,images/11297/11297_1001320_adc.mha,images/11297/11297_1001320_hbv.mha,/opt/data/private/lm/data/Prostate/PI-CAI/labels/csPCa_lesion_delineations/human_expert/resampled/11297_1001320.nii.gz,human_expert_resampled,NO,False,0,train
11298,1001321,11298_1001321,images/11298/11298_1001321_t2w.mha,images/11298/11298_1001321_adc.mha,images/11298/11298_1001321_hbv.mha,/opt/data/private/lm/data/Prostate/PI-CAI/labels/csPCa_lesion_delineations/human_expert/resampled/11298_1001321.nii.gz,human_expert_resampled,NO,False,0,train
11299,1001322,11299_1001322,images/11299/11299_1001322_t2w.mha,images/11299/11299_1001322_adc.mha,images/11299/11299_1001322_hbv.mha,/opt/data/private/lm/data/Prostate/PI-CAI/labels/csPCa_lesion_delineations/human_expert/resampled/11299_1001322.nii.gz,human_expert_resampled,YES,True,2,train
11300,1001323,11300_1001323,images/11300/11300_1001323_t2w.mha,images/11300/11300_1001323_adc.mha,images/11300/11300_1001323_hbv.mha,/opt/data/private/lm/data/Prostate/PI-CAI/labels/csPCa_lesion_delineations/human_expert/resampled/11300_1001323.nii.gz,human_expert_resampled,YES,True,1,val
11301,1001324,11301_1001324,images/11301/11301_1001324_t2w.mha,images/11301/11301_1001324_adc.mha,images/11301/11301_1001324_hbv.mha,/opt/data/private/lm/data/Prostate/PI-CAI/labels/csPCa_lesion_delineations/human_expert/resampled/11301_1001324.nii.gz,human_expert_resampled,NO,False,0,val
11302,1001325,11302_1001325,images/11302/11302_1001325_t2w.mha,images/11302/11302_1001325_adc.mha,images/11302/11302_1001325_hbv.mha,/opt/data/private/lm/data/Prostate/PI-CAI/labels/csPCa_lesion_delineations/human_expert/Pooch25/11302_1001325.nii.gz,human_expert_pooch25,YES,True,1,train
11303,1001326,11303_1001326,images/11303/11303_1001326_t2w.mha,images/11303/11303_1001326_adc.mha,images/11303/11303_1001326_hbv.mha,/opt/data/private/lm/data/Prostate/PI-CAI/labels/csPCa_lesion_delineations/human_expert/resampled/11303_1001326.nii.gz,human_expert_resampled,NO,False,0,train
11304,1001327,11304_1001327,images/11304/11304_1001327_t2w.mha,images/11304/11304_1001327_adc.mha,images/11304/11304_1001327_hbv.mha,/opt/data/private/lm/data/Prostate/PI-CAI/labels/csPCa_lesion_delineations/human_expert/resampled/11304_1001327.nii.gz,human_expert_resampled,NO,False,0,train
11305,1001328,11305_1001328,images/11305/11305_1001328_t2w.mha,images/11305/11305_1001328_adc.mha,images/11305/11305_1001328_hbv.mha,/opt/data/private/lm/data/Prostate/PI-CAI/labels/csPCa_lesion_delineations/human_expert/resampled/11305_1001328.nii.gz,human_expert_resampled,YES,True,1,train
11306,1001329,11306_1001329,images/11306/11306_1001329_t2w.mha,images/11306/11306_1001329_adc.mha,images/11306/11306_1001329_hbv.mha,/opt/data/private/lm/data/Prostate/PI-CAI/labels/csPCa_lesion_delineations/human_expert/resampled/11306_1001329.nii.gz,human_expert_resampled,YES,True,1,val
11307,1001330,11307_1001330,images/11307/11307_1001330_t2w.mha,images/11307/11307_1001330_adc.mha,images/11307/11307_1001330_hbv.mha,/opt/data/private/lm/data/Prostate/PI-CAI/labels/csPCa_lesion_delineations/human_expert/resampled/11307_1001330.nii.gz,human_expert_resampled,NO,False,0,train
11308,1001331,11308_1001331,images/11308/11308_1001331_t2w.mha,images/11308/11308_1001331_adc.mha,images/11308/11308_1001331_hbv.mha,/opt/data/private/lm/data/Prostate/PI-CAI/labels/csPCa_lesion_delineations/human_expert/resampled/11308_1001331.nii.gz,human_expert_resampled,NO,False,0,train
11309,1001332,11309_1001332,images/11309/11309_1001332_t2w.mha,images/11309/11309_1001332_adc.mha,images/11309/11309_1001332_hbv.mha,/opt/data/private/lm/data/Prostate/PI-CAI/labels/csPCa_lesion_delineations/human_expert/resampled/11309_1001332.nii.gz,human_expert_resampled,NO,False,0,train
11310,1001333,11310_1001333,images/11310/11310_1001333_t2w.mha,images/11310/11310_1001333_adc.mha,images/11310/11310_1001333_hbv.mha,/opt/data/private/lm/data/Prostate/PI-CAI/labels/csPCa_lesion_delineations/human_expert/resampled/11310_1001333.nii.gz,human_expert_resampled,NO,False,0,train
11311,1001334,11311_1001334,images/11311/11311_1001334_t2w.mha,images/11311/11311_1001334_adc.mha,images/11311/11311_1001334_hbv.mha,/opt/data/private/lm/data/Prostate/PI-CAI/labels/csPCa_lesion_delineations/human_expert/resampled/11311_1001334.nii.gz,human_expert_resampled,NO,False,0,train
11312,1001335,11312_1001335,images/11312/11312_1001335_t2w.mha,images/11312/11312_1001335_adc.mha,images/11312/11312_1001335_hbv.mha,/opt/data/private/lm/data/Prostate/PI-CAI/labels/csPCa_lesion_delineations/human_expert/resampled/11312_1001335.nii.gz,human_expert_resampled,NO,False,0,train
11313,1001336,11313_1001336,images/11313/11313_1001336_t2w.mha,images/11313/11313_1001336_adc.mha,images/11313/11313_1001336_hbv.mha,/opt/data/private/lm/data/Prostate/PI-CAI/labels/csPCa_lesion_delineations/human_expert/Pooch25/11313_1001336.nii.gz,human_expert_pooch25,YES,True,1,val
11314,1001337,11314_1001337,images/11314/11314_1001337_t2w.mha,images/11314/11314_1001337_adc.mha,images/11314/11314_1001337_hbv.mha,/opt/data/private/lm/data/Prostate/PI-CAI/labels/csPCa_lesion_delineations/human_expert/resampled/11314_1001337.nii.gz,human_expert_resampled,NO,False,0,train
11315,1001338,11315_1001338,images/11315/11315_1001338_t2w.mha,images/11315/11315_1001338_adc.mha,images/11315/11315_1001338_hbv.mha,/opt/data/private/lm/data/Prostate/PI-CAI/labels/csPCa_lesion_delineations/human_expert/resampled/11315_1001338.nii.gz,human_expert_resampled,NO,False,0,train
11316,1001339,11316_1001339,images/11316/11316_1001339_t2w.mha,images/11316/11316_1001339_adc.mha,images/11316/11316_1001339_hbv.mha,/opt/data/private/lm/data/Prostate/PI-CAI/labels/csPCa_lesion_delineations/human_expert/resampled/11316_1001339.nii.gz,human_expert_resampled,NO,False,0,train
11317,1001340,11317_1001340,images/11317/11317_1001340_t2w.mha,images/11317/11317_1001340_adc.mha,images/11317/11317_1001340_hbv.mha,/opt/data/private/lm/data/Prostate/PI-CAI/labels/csPCa_lesion_delineations/human_expert/resampled/11317_1001340.nii.gz,human_expert_resampled,NO,False,0,train
11318,1001341,11318_1001341,images/11318/11318_1001341_t2w.mha,images/11318/11318_1001341_adc.mha,images/11318/11318_1001341_hbv.mha,/opt/data/private/lm/data/Prostate/PI-CAI/labels/csPCa_lesion_delineations/human_expert/resampled/11318_1001341.nii.gz,human_expert_resampled,NO,False,0,val
11319,1001342,11319_1001342,images/11319/11319_1001342_t2w.mha,images/11319/11319_1001342_adc.mha,images/11319/11319_1001342_hbv.mha,/opt/data/private/lm/data/Prostate/PI-CAI/labels/csPCa_lesion_delineations/human_expert/resampled/11319_1001342.nii.gz,human_expert_resampled,NO,False,0,train
11320,1001343,11320_1001343,images/11320/11320_1001343_t2w.mha,images/11320/11320_1001343_adc.mha,images/11320/11320_1001343_hbv.mha,/opt/data/private/lm/data/Prostate/PI-CAI/labels/csPCa_lesion_delineations/human_expert/resampled/11320_1001343.nii.gz,human_expert_resampled,NO,False,0,train
11321,1001344,11321_1001344,images/11321/11321_1001344_t2w.mha,images/11321/11321_1001344_adc.mha,images/11321/11321_1001344_hbv.mha,/opt/data/private/lm/data/Prostate/PI-CAI/labels/csPCa_lesion_delineations/human_expert/resampled/11321_1001344.nii.gz,human_expert_resampled,NO,False,0,train
11322,1001345,11322_1001345,images/11322/11322_1001345_t2w.mha,images/11322/11322_1001345_adc.mha,images/11322/11322_1001345_hbv.mha,/opt/data/private/lm/data/Prostate/PI-CAI/labels/csPCa_lesion_delineations/human_expert/Pooch25/11322_1001345.nii.gz,human_expert_pooch25,YES,True,1,train
11323,1001346,11323_1001346,images/11323/11323_1001346_t2w.mha,images/11323/11323_1001346_adc.mha,images/11323/11323_1001346_hbv.mha,/opt/data/private/lm/data/Prostate/PI-CAI/labels/csPCa_lesion_delineations/human_expert/resampled/11323_1001346.nii.gz,human_expert_resampled,NO,False,0,train
11324,1001347,11324_1001347,images/11324/11324_1001347_t2w.mha,images/11324/11324_1001347_adc.mha,images/11324/11324_1001347_hbv.mha,/opt/data/private/lm/data/Prostate/PI-CAI/labels/csPCa_lesion_delineations/human_expert/resampled/11324_1001347.nii.gz,human_expert_resampled,NO,False,0,train
11325,1001348,11325_1001348,images/11325/11325_1001348_t2w.mha,images/11325/11325_1001348_adc.mha,images/11325/11325_1001348_hbv.mha,/opt/data/private/lm/data/Prostate/PI-CAI/labels/csPCa_lesion_delineations/human_expert/resampled/11325_1001348.nii.gz,human_expert_resampled,YES,True,1,train
11326,1001349,11326_1001349,images/11326/11326_1001349_t2w.mha,images/11326/11326_1001349_adc.mha,images/11326/11326_1001349_hbv.mha,/opt/data/private/lm/data/Prostate/PI-CAI/labels/csPCa_lesion_delineations/human_expert/resampled/11326_1001349.nii.gz,human_expert_resampled,NO,False,0,train
11327,1001350,11327_1001350,images/11327/11327_1001350_t2w.mha,images/11327/11327_1001350_adc.mha,images/11327/11327_1001350_hbv.mha,/opt/data/private/lm/data/Prostate/PI-CAI/labels/csPCa_lesion_delineations/human_expert/resampled/11327_1001350.nii.gz,human_expert_resampled,NO,False,0,val
11328,1001351,11328_1001351,images/11328/11328_1001351_t2w.mha,images/11328/11328_1001351_adc.mha,images/11328/11328_1001351_hbv.mha,/opt/data/private/lm/data/Prostate/PI-CAI/labels/csPCa_lesion_delineations/human_expert/resampled/11328_1001351.nii.gz,human_expert_resampled,NO,False,0,train
11329,1001352,11329_1001352,images/11329/11329_1001352_t2w.mha,images/11329/11329_1001352_adc.mha,images/11329/11329_1001352_hbv.mha,/opt/data/private/lm/data/Prostate/PI-CAI/labels/csPCa_lesion_delineations/human_expert/resampled/11329_1001352.nii.gz,human_expert_resampled,NO,False,0,train
11330,1001353,11330_1001353,images/11330/11330_1001353_t2w.mha,images/11330/11330_1001353_adc.mha,images/11330/11330_1001353_hbv.mha,/opt/data/private/lm/data/Prostate/PI-CAI/labels/csPCa_lesion_delineations/human_expert/resampled/11330_1001353.nii.gz,human_expert_resampled,YES,True,1,train
11331,1001354,11331_1001354,images/11331/11331_1001354_t2w.mha,images/11331/11331_1001354_adc.mha,images/11331/11331_1001354_hbv.mha,/opt/data/private/lm/data/Prostate/PI-CAI/labels/csPCa_lesion_delineations/human_expert/resampled/11331_1001354.nii.gz,human_expert_resampled,NO,False,0,train
11332,1001355,11332_1001355,images/11332/11332_1001355_t2w.mha,images/11332/11332_1001355_adc.mha,images/11332/11332_1001355_hbv.mha,/opt/data/private/lm/data/Prostate/PI-CAI/labels/csPCa_lesion_delineations/human_expert/Pooch25/11332_1001355.nii.gz,human_expert_pooch25,YES,True,1,val
11333,1001356,11333_1001356,images/11333/11333_1001356_t2w.mha,images/11333/11333_1001356_adc.mha,images/11333/11333_1001356_hbv.mha,/opt/data/private/lm/data/Prostate/PI-CAI/labels/csPCa_lesion_delineations/human_expert/Pooch25/11333_1001356.nii.gz,human_expert_pooch25,YES,True,1,train
11334,1001357,11334_1001357,images/11334/11334_1001357_t2w.mha,images/11334/11334_1001357_adc.mha,images/11334/11334_1001357_hbv.mha,/opt/data/private/lm/data/Prostate/PI-CAI/labels/csPCa_lesion_delineations/human_expert/Pooch25/11334_1001357.nii.gz,human_expert_pooch25,YES,True,1,train
11335,1001358,11335_1001358,images/11335/11335_1001358_t2w.mha,images/11335/11335_1001358_adc.mha,images/11335/11335_1001358_hbv.mha,/opt/data/private/lm/data/Prostate/PI-CAI/labels/csPCa_lesion_delineations/human_expert/resampled/11335_1001358.nii.gz,human_expert_resampled,NO,False,0,train
11336,1001359,11336_1001359,images/11336/11336_1001359_t2w.mha,images/11336/11336_1001359_adc.mha,images/11336/11336_1001359_hbv.mha,/opt/data/private/lm/data/Prostate/PI-CAI/labels/csPCa_lesion_delineations/human_expert/Pooch25/11336_1001359.nii.gz,human_expert_pooch25,YES,True,1,train
11337,1001360,11337_1001360,images/11337/11337_1001360_t2w.mha,images/11337/11337_1001360_adc.mha,images/11337/11337_1001360_hbv.mha,/opt/data/private/lm/data/Prostate/PI-CAI/labels/csPCa_lesion_delineations/human_expert/resampled/11337_1001360.nii.gz,human_expert_resampled,NO,False,0,val
11338,1001361,11338_1001361,images/11338/11338_1001361_t2w.mha,images/11338/11338_1001361_adc.mha,images/11338/11338_1001361_hbv.mha,/opt/data/private/lm/data/Prostate/PI-CAI/labels/csPCa_lesion_delineations/human_expert/resampled/11338_1001361.nii.gz,human_expert_resampled,YES,True,1,train
11339,1001362,11339_1001362,images/11339/11339_1001362_t2w.mha,images/11339/11339_1001362_adc.mha,images/11339/11339_1001362_hbv.mha,/opt/data/private/lm/data/Prostate/PI-CAI/labels/csPCa_lesion_delineations/human_expert/resampled/11339_1001362.nii.gz,human_expert_resampled,NO,False,0,train
11340,1001363,11340_1001363,images/11340/11340_1001363_t2w.mha,images/11340/11340_1001363_adc.mha,images/11340/11340_1001363_hbv.mha,/opt/data/private/lm/data/Prostate/PI-CAI/labels/csPCa_lesion_delineations/human_expert/resampled/11340_1001363.nii.gz,human_expert_resampled,NO,False,0,train
11341,1001364,11341_1001364,images/11341/11341_1001364_t2w.mha,images/11341/11341_1001364_adc.mha,images/11341/11341_1001364_hbv.mha,/opt/data/private/lm/data/Prostate/PI-CAI/labels/csPCa_lesion_delineations/human_expert/Pooch25/11341_1001364.nii.gz,human_expert_pooch25,YES,True,1,train
11342,1001365,11342_1001365,images/11342/11342_1001365_t2w.mha,images/11342/11342_1001365_adc.mha,images/11342/11342_1001365_hbv.mha,/opt/data/private/lm/data/Prostate/PI-CAI/labels/csPCa_lesion_delineations/human_expert/resampled/11342_1001365.nii.gz,human_expert_resampled,NO,False,0,val
11343,1001366,11343_1001366,images/11343/11343_1001366_t2w.mha,images/11343/11343_1001366_adc.mha,images/11343/11343_1001366_hbv.mha,/opt/data/private/lm/data/Prostate/PI-CAI/labels/csPCa_lesion_delineations/human_expert/resampled/11343_1001366.nii.gz,human_expert_resampled,NO,False,0,train
11344,1001367,11344_1001367,images/11344/11344_1001367_t2w.mha,images/11344/11344_1001367_adc.mha,images/11344/11344_1001367_hbv.mha,/opt/data/private/lm/data/Prostate/PI-CAI/labels/csPCa_lesion_delineations/human_expert/resampled/11344_1001367.nii.gz,human_expert_resampled,NO,False,0,train
11345,1001368,11345_1001368,images/11345/11345_1001368_t2w.mha,images/11345/11345_1001368_adc.mha,images/11345/11345_1001368_hbv.mha,/opt/data/private/lm/data/Prostate/PI-CAI/labels/csPCa_lesion_delineations/human_expert/resampled/11345_1001368.nii.gz,human_expert_resampled,YES,True,1,train
11346,1001369,11346_1001369,images/11346/11346_1001369_t2w.mha,images/11346/11346_1001369_adc.mha,images/11346/11346_1001369_hbv.mha,/opt/data/private/lm/data/Prostate/PI-CAI/labels/csPCa_lesion_delineations/human_expert/Pooch25/11346_1001369.nii.gz,human_expert_pooch25,YES,True,1,train
11347,1001370,11347_1001370,images/11347/11347_1001370_t2w.mha,images/11347/11347_1001370_adc.mha,images/11347/11347_1001370_hbv.mha,/opt/data/private/lm/data/Prostate/PI-CAI/labels/csPCa_lesion_delineations/human_expert/resampled/11347_1001370.nii.gz,human_expert_resampled,NO,False,0,val
11348,1001371,11348_1001371,images/11348/11348_1001371_t2w.mha,images/11348/11348_1001371_adc.mha,images/11348/11348_1001371_hbv.mha,/opt/data/private/lm/data/Prostate/PI-CAI/labels/csPCa_lesion_delineations/human_expert/resampled/11348_1001371.nii.gz,human_expert_resampled,NO,False,0,train
11349,1001372,11349_1001372,images/11349/11349_1001372_t2w.mha,images/11349/11349_1001372_adc.mha,images/11349/11349_1001372_hbv.mha,/opt/data/private/lm/data/Prostate/PI-CAI/labels/csPCa_lesion_delineations/human_expert/resampled/11349_1001372.nii.gz,human_expert_resampled,NO,False,0,train
11350,1001373,11350_1001373,images/11350/11350_1001373_t2w.mha,images/11350/11350_1001373_adc.mha,images/11350/11350_1001373_hbv.mha,/opt/data/private/lm/data/Prostate/PI-CAI/labels/csPCa_lesion_delineations/human_expert/Pooch25/11350_1001373.nii.gz,human_expert_pooch25,YES,True,1,train
11351,1001374,11351_1001374,images/11351/11351_1001374_t2w.mha,images/11351/11351_1001374_adc.mha,images/11351/11351_1001374_hbv.mha,/opt/data/private/lm/data/Prostate/PI-CAI/labels/csPCa_lesion_delineations/human_expert/resampled/11351_1001374.nii.gz,human_expert_resampled,NO,False,0,train
11352,1001375,11352_1001375,images/11352/11352_1001375_t2w.mha,images/11352/11352_1001375_adc.mha,images/11352/11352_1001375_hbv.mha,/opt/data/private/lm/data/Prostate/PI-CAI/labels/csPCa_lesion_delineations/human_expert/Pooch25/11352_1001375.nii.gz,human_expert_pooch25,YES,True,1,val
11353,1001376,11353_1001376,images/11353/11353_1001376_t2w.mha,images/11353/11353_1001376_adc.mha,images/11353/11353_1001376_hbv.mha,/opt/data/private/lm/data/Prostate/PI-CAI/labels/csPCa_lesion_delineations/human_expert/resampled/11353_1001376.nii.gz,human_expert_resampled,NO,False,0,val
11354,1001377,11354_1001377,images/11354/11354_1001377_t2w.mha,images/11354/11354_1001377_adc.mha,images/11354/11354_1001377_hbv.mha,/opt/data/private/lm/data/Prostate/PI-CAI/labels/csPCa_lesion_delineations/human_expert/resampled/11354_1001377.nii.gz,human_expert_resampled,NO,False,0,train
11355,1001378,11355_1001378,images/11355/11355_1001378_t2w.mha,images/11355/11355_1001378_adc.mha,images/11355/11355_1001378_hbv.mha,/opt/data/private/lm/data/Prostate/PI-CAI/labels/csPCa_lesion_delineations/human_expert/resampled/11355_1001378.nii.gz,human_expert_resampled,NO,False,0,train
11356,1001379,11356_1001379,images/11356/11356_1001379_t2w.mha,images/11356/11356_1001379_adc.mha,images/11356/11356_1001379_hbv.mha,/opt/data/private/lm/data/Prostate/PI-CAI/labels/csPCa_lesion_delineations/human_expert/resampled/11356_1001379.nii.gz,human_expert_resampled,NO,False,0,train
11357,1001380,11357_1001380,images/11357/11357_1001380_t2w.mha,images/11357/11357_1001380_adc.mha,images/11357/11357_1001380_hbv.mha,/opt/data/private/lm/data/Prostate/PI-CAI/labels/csPCa_lesion_delineations/human_expert/resampled/11357_1001380.nii.gz,human_expert_resampled,YES,True,1,train
11358,1001381,11358_1001381,images/11358/11358_1001381_t2w.mha,images/11358/11358_1001381_adc.mha,images/11358/11358_1001381_hbv.mha,/opt/data/private/lm/data/Prostate/PI-CAI/labels/csPCa_lesion_delineations/human_expert/resampled/11358_1001381.nii.gz,human_expert_resampled,NO,False,0,val
11359,1001382,11359_1001382,images/11359/11359_1001382_t2w.mha,images/11359/11359_1001382_adc.mha,images/11359/11359_1001382_hbv.mha,/opt/data/private/lm/data/Prostate/PI-CAI/labels/csPCa_lesion_delineations/human_expert/resampled/11359_1001382.nii.gz,human_expert_resampled,NO,False,0,train
11360,1001383,11360_1001383,images/11360/11360_1001383_t2w.mha,images/11360/11360_1001383_adc.mha,images/11360/11360_1001383_hbv.mha,/opt/data/private/lm/data/Prostate/PI-CAI/labels/csPCa_lesion_delineations/human_expert/resampled/11360_1001383.nii.gz,human_expert_resampled,NO,False,0,train
11361,1001384,11361_1001384,images/11361/11361_1001384_t2w.mha,images/11361/11361_1001384_adc.mha,images/11361/11361_1001384_hbv.mha,/opt/data/private/lm/data/Prostate/PI-CAI/labels/csPCa_lesion_delineations/human_expert/resampled/11361_1001384.nii.gz,human_expert_resampled,YES,True,1,train
11362,1001385,11362_1001385,images/11362/11362_1001385_t2w.mha,images/11362/11362_1001385_adc.mha,images/11362/11362_1001385_hbv.mha,/opt/data/private/lm/data/Prostate/PI-CAI/labels/csPCa_lesion_delineations/human_expert/resampled/11362_1001385.nii.gz,human_expert_resampled,NO,False,0,train
11363,1001386,11363_1001386,images/11363/11363_1001386_t2w.mha,images/11363/11363_1001386_adc.mha,images/11363/11363_1001386_hbv.mha,/opt/data/private/lm/data/Prostate/PI-CAI/labels/csPCa_lesion_delineations/human_expert/resampled/11363_1001386.nii.gz,human_expert_resampled,NO,False,0,train
11364,1001387,11364_1001387,images/11364/11364_1001387_t2w.mha,images/11364/11364_1001387_adc.mha,images/11364/11364_1001387_hbv.mha,/opt/data/private/lm/data/Prostate/PI-CAI/labels/csPCa_lesion_delineations/human_expert/resampled/11364_1001387.nii.gz,human_expert_resampled,NO,False,0,train
11365,1001388,11365_1001388,images/11365/11365_1001388_t2w.mha,images/11365/11365_1001388_adc.mha,images/11365/11365_1001388_hbv.mha,/opt/data/private/lm/data/Prostate/PI-CAI/labels/csPCa_lesion_delineations/human_expert/resampled/11365_1001388.nii.gz,human_expert_resampled,NO,False,0,train
11366,1001389,11366_1001389,images/11366/11366_1001389_t2w.mha,images/11366/11366_1001389_adc.mha,images/11366/11366_1001389_hbv.mha,/opt/data/private/lm/data/Prostate/PI-CAI/labels/csPCa_lesion_delineations/human_expert/resampled/11366_1001389.nii.gz,human_expert_resampled,NO,False,0,val
11367,1001390,11367_1001390,images/11367/11367_1001390_t2w.mha,images/11367/11367_1001390_adc.mha,images/11367/11367_1001390_hbv.mha,/opt/data/private/lm/data/Prostate/PI-CAI/labels/csPCa_lesion_delineations/human_expert/Pooch25/11367_1001390.nii.gz,human_expert_pooch25,YES,True,1,train
11368,1001391,11368_1001391,images/11368/11368_1001391_t2w.mha,images/11368/11368_1001391_adc.mha,images/11368/11368_1001391_hbv.mha,/opt/data/private/lm/data/Prostate/PI-CAI/labels/csPCa_lesion_delineations/human_expert/resampled/11368_1001391.nii.gz,human_expert_resampled,NO,False,0,train
11369,1001392,11369_1001392,images/11369/11369_1001392_t2w.mha,images/11369/11369_1001392_adc.mha,images/11369/11369_1001392_hbv.mha,/opt/data/private/lm/data/Prostate/PI-CAI/labels/csPCa_lesion_delineations/human_expert/Pooch25/11369_1001392.nii.gz,human_expert_pooch25,YES,True,1,train
11370,1001393,11370_1001393,images/11370/11370_1001393_t2w.mha,images/11370/11370_1001393_adc.mha,images/11370/11370_1001393_hbv.mha,/opt/data/private/lm/data/Prostate/PI-CAI/labels/csPCa_lesion_delineations/human_expert/resampled/11370_1001393.nii.gz,human_expert_resampled,NO,False,0,train
11371,1001394,11371_1001394,images/11371/11371_1001394_t2w.mha,images/11371/11371_1001394_adc.mha,images/11371/11371_1001394_hbv.mha,/opt/data/private/lm/data/Prostate/PI-CAI/labels/csPCa_lesion_delineations/human_expert/resampled/11371_1001394.nii.gz,human_expert_resampled,NO,False,0,train
11372,1001395,11372_1001395,images/11372/11372_1001395_t2w.mha,images/11372/11372_1001395_adc.mha,images/11372/11372_1001395_hbv.mha,/opt/data/private/lm/data/Prostate/PI-CAI/labels/csPCa_lesion_delineations/human_expert/resampled/11372_1001395.nii.gz,human_expert_resampled,NO,False,0,val
11373,1001396,11373_1001396,images/11373/11373_1001396_t2w.mha,images/11373/11373_1001396_adc.mha,images/11373/11373_1001396_hbv.mha,/opt/data/private/lm/data/Prostate/PI-CAI/labels/csPCa_lesion_delineations/human_expert/resampled/11373_1001396.nii.gz,human_expert_resampled,YES,True,1,train
11374,1001397,11374_1001397,images/11374/11374_1001397_t2w.mha,images/11374/11374_1001397_adc.mha,images/11374/11374_1001397_hbv.mha,/opt/data/private/lm/data/Prostate/PI-CAI/labels/csPCa_lesion_delineations/human_expert/resampled/11374_1001397.nii.gz,human_expert_resampled,NO,False,0,train
11375,1001398,11375_1001398,images/11375/11375_1001398_t2w.mha,images/11375/11375_1001398_adc.mha,images/11375/11375_1001398_hbv.mha,/opt/data/private/lm/data/Prostate/PI-CAI/labels/csPCa_lesion_delineations/human_expert/resampled/11375_1001398.nii.gz,human_expert_resampled,YES,True,1,train
11376,1001399,11376_1001399,images/11376/11376_1001399_t2w.mha,images/11376/11376_1001399_adc.mha,images/11376/11376_1001399_hbv.mha,/opt/data/private/lm/data/Prostate/PI-CAI/labels/csPCa_lesion_delineations/human_expert/resampled/11376_1001399.nii.gz,human_expert_resampled,NO,False,0,train
11377,1001400,11377_1001400,images/11377/11377_1001400_t2w.mha,images/11377/11377_1001400_adc.mha,images/11377/11377_1001400_hbv.mha,/opt/data/private/lm/data/Prostate/PI-CAI/labels/csPCa_lesion_delineations/human_expert/resampled/11377_1001400.nii.gz,human_expert_resampled,YES,True,1,val
11378,1001401,11378_1001401,images/11378/11378_1001401_t2w.mha,images/11378/11378_1001401_adc.mha,images/11378/11378_1001401_hbv.mha,/opt/data/private/lm/data/Prostate/PI-CAI/labels/csPCa_lesion_delineations/human_expert/resampled/11378_1001401.nii.gz,human_expert_resampled,NO,False,0,train
11379,1001402,11379_1001402,images/11379/11379_1001402_t2w.mha,images/11379/11379_1001402_adc.mha,images/11379/11379_1001402_hbv.mha,/opt/data/private/lm/data/Prostate/PI-CAI/labels/csPCa_lesion_delineations/human_expert/resampled/11379_1001402.nii.gz,human_expert_resampled,NO,False,0,train
11380,1001403,11380_1001403,images/11380/11380_1001403_t2w.mha,images/11380/11380_1001403_adc.mha,images/11380/11380_1001403_hbv.mha,/opt/data/private/lm/data/Prostate/PI-CAI/labels/csPCa_lesion_delineations/human_expert/resampled/11380_1001403.nii.gz,human_expert_resampled,NO,False,0,train
11381,1001404,11381_1001404,images/11381/11381_1001404_t2w.mha,images/11381/11381_1001404_adc.mha,images/11381/11381_1001404_hbv.mha,/opt/data/private/lm/data/Prostate/PI-CAI/labels/csPCa_lesion_delineations/human_expert/resampled/11381_1001404.nii.gz,human_expert_resampled,NO,False,0,train
11382,1001405,11382_1001405,images/11382/11382_1001405_t2w.mha,images/11382/11382_1001405_adc.mha,images/11382/11382_1001405_hbv.mha,/opt/data/private/lm/data/Prostate/PI-CAI/labels/csPCa_lesion_delineations/human_expert/resampled/11382_1001405.nii.gz,human_expert_resampled,YES,True,1,val
11383,1001406,11383_1001406,images/11383/11383_1001406_t2w.mha,images/11383/11383_1001406_adc.mha,images/11383/11383_1001406_hbv.mha,/opt/data/private/lm/data/Prostate/PI-CAI/labels/csPCa_lesion_delineations/human_expert/resampled/11383_1001406.nii.gz,human_expert_resampled,NO,False,0,train
11383,1001407,11383_1001407,images/11383/11383_1001407_t2w.mha,images/11383/11383_1001407_adc.mha,images/11383/11383_1001407_hbv.mha,/opt/data/private/lm/data/Prostate/PI-CAI/labels/csPCa_lesion_delineations/human_expert/resampled/11383_1001407.nii.gz,human_expert_resampled,NO,False,0,train
11384,1001408,11384_1001408,images/11384/11384_1001408_t2w.mha,images/11384/11384_1001408_adc.mha,images/11384/11384_1001408_hbv.mha,/opt/data/private/lm/data/Prostate/PI-CAI/labels/csPCa_lesion_delineations/human_expert/resampled/11384_1001408.nii.gz,human_expert_resampled,YES,True,1,train
11385,1001409,11385_1001409,images/11385/11385_1001409_t2w.mha,images/11385/11385_1001409_adc.mha,images/11385/11385_1001409_hbv.mha,/opt/data/private/lm/data/Prostate/PI-CAI/labels/csPCa_lesion_delineations/human_expert/resampled/11385_1001409.nii.gz,human_expert_resampled,YES,True,1,train
11386,1001410,11386_1001410,images/11386/11386_1001410_t2w.mha,images/11386/11386_1001410_adc.mha,images/11386/11386_1001410_hbv.mha,/opt/data/private/lm/data/Prostate/PI-CAI/labels/csPCa_lesion_delineations/human_expert/resampled/11386_1001410.nii.gz,human_expert_resampled,NO,False,0,train
11387,1001411,11387_1001411,images/11387/11387_1001411_t2w.mha,images/11387/11387_1001411_adc.mha,images/11387/11387_1001411_hbv.mha,/opt/data/private/lm/data/Prostate/PI-CAI/labels/csPCa_lesion_delineations/human_expert/resampled/11387_1001411.nii.gz,human_expert_resampled,NO,False,0,val
11388,1001412,11388_1001412,images/11388/11388_1001412_t2w.mha,images/11388/11388_1001412_adc.mha,images/11388/11388_1001412_hbv.mha,/opt/data/private/lm/data/Prostate/PI-CAI/labels/csPCa_lesion_delineations/human_expert/resampled/11388_1001412.nii.gz,human_expert_resampled,NO,False,0,train
11389,1001413,11389_1001413,images/11389/11389_1001413_t2w.mha,images/11389/11389_1001413_adc.mha,images/11389/11389_1001413_hbv.mha,/opt/data/private/lm/data/Prostate/PI-CAI/labels/csPCa_lesion_delineations/human_expert/resampled/11389_1001413.nii.gz,human_expert_resampled,NO,False,0,train
11390,1001414,11390_1001414,images/11390/11390_1001414_t2w.mha,images/11390/11390_1001414_adc.mha,images/11390/11390_1001414_hbv.mha,/opt/data/private/lm/data/Prostate/PI-CAI/labels/csPCa_lesion_delineations/human_expert/resampled/11390_1001414.nii.gz,human_expert_resampled,NO,False,0,val
11391,1001415,11391_1001415,images/11391/11391_1001415_t2w.mha,images/11391/11391_1001415_adc.mha,images/11391/11391_1001415_hbv.mha,/opt/data/private/lm/data/Prostate/PI-CAI/labels/csPCa_lesion_delineations/human_expert/resampled/11391_1001415.nii.gz,human_expert_resampled,NO,False,0,train
11392,1001416,11392_1001416,images/11392/11392_1001416_t2w.mha,images/11392/11392_1001416_adc.mha,images/11392/11392_1001416_hbv.mha,/opt/data/private/lm/data/Prostate/PI-CAI/labels/csPCa_lesion_delineations/human_expert/resampled/11392_1001416.nii.gz,human_expert_resampled,NO,False,0,train
11393,1001417,11393_1001417,images/11393/11393_1001417_t2w.mha,images/11393/11393_1001417_adc.mha,images/11393/11393_1001417_hbv.mha,/opt/data/private/lm/data/Prostate/PI-CAI/labels/csPCa_lesion_delineations/human_expert/resampled/11393_1001417.nii.gz,human_expert_resampled,NO,False,0,train
11394,1001418,11394_1001418,images/11394/11394_1001418_t2w.mha,images/11394/11394_1001418_adc.mha,images/11394/11394_1001418_hbv.mha,/opt/data/private/lm/data/Prostate/PI-CAI/labels/csPCa_lesion_delineations/human_expert/resampled/11394_1001418.nii.gz,human_expert_resampled,NO,False,0,train
11395,1001419,11395_1001419,images/11395/11395_1001419_t2w.mha,images/11395/11395_1001419_adc.mha,images/11395/11395_1001419_hbv.mha,/opt/data/private/lm/data/Prostate/PI-CAI/labels/csPCa_lesion_delineations/human_expert/resampled/11395_1001419.nii.gz,human_expert_resampled,NO,False,0,train
11396,1001420,11396_1001420,images/11396/11396_1001420_t2w.mha,images/11396/11396_1001420_adc.mha,images/11396/11396_1001420_hbv.mha,/opt/data/private/lm/data/Prostate/PI-CAI/labels/csPCa_lesion_delineations/human_expert/resampled/11396_1001420.nii.gz,human_expert_resampled,NO,False,0,val
11397,1001421,11397_1001421,images/11397/11397_1001421_t2w.mha,images/11397/11397_1001421_adc.mha,images/11397/11397_1001421_hbv.mha,/opt/data/private/lm/data/Prostate/PI-CAI/labels/csPCa_lesion_delineations/human_expert/resampled/11397_1001421.nii.gz,human_expert_resampled,YES,True,1,train
11398,1001422,11398_1001422,images/11398/11398_1001422_t2w.mha,images/11398/11398_1001422_adc.mha,images/11398/11398_1001422_hbv.mha,/opt/data/private/lm/data/Prostate/PI-CAI/labels/csPCa_lesion_delineations/human_expert/resampled/11398_1001422.nii.gz,human_expert_resampled,NO,False,0,train
11399,1001423,11399_1001423,images/11399/11399_1001423_t2w.mha,images/11399/11399_1001423_adc.mha,images/11399/11399_1001423_hbv.mha,/opt/data/private/lm/data/Prostate/PI-CAI/labels/csPCa_lesion_delineations/human_expert/resampled/11399_1001423.nii.gz,human_expert_resampled,NO,False,0,train
11400,1001424,11400_1001424,images/11400/11400_1001424_t2w.mha,images/11400/11400_1001424_adc.mha,images/11400/11400_1001424_hbv.mha,/opt/data/private/lm/data/Prostate/PI-CAI/labels/csPCa_lesion_delineations/human_expert/Pooch25/11400_1001424.nii.gz,human_expert_pooch25,YES,True,1,train
11401,1001425,11401_1001425,images/11401/11401_1001425_t2w.mha,images/11401/11401_1001425_adc.mha,images/11401/11401_1001425_hbv.mha,/opt/data/private/lm/data/Prostate/PI-CAI/labels/csPCa_lesion_delineations/human_expert/resampled/11401_1001425.nii.gz,human_expert_resampled,NO,False,0,train
11402,1001426,11402_1001426,images/11402/11402_1001426_t2w.mha,images/11402/11402_1001426_adc.mha,images/11402/11402_1001426_hbv.mha,/opt/data/private/lm/data/Prostate/PI-CAI/labels/csPCa_lesion_delineations/human_expert/resampled/11402_1001426.nii.gz,human_expert_resampled,NO,False,0,val
11403,1001427,11403_1001427,images/11403/11403_1001427_t2w.mha,images/11403/11403_1001427_adc.mha,images/11403/11403_1001427_hbv.mha,/opt/data/private/lm/data/Prostate/PI-CAI/labels/csPCa_lesion_delineations/human_expert/resampled/11403_1001427.nii.gz,human_expert_resampled,NO,False,0,train
11404,1001428,11404_1001428,images/11404/11404_1001428_t2w.mha,images/11404/11404_1001428_adc.mha,images/11404/11404_1001428_hbv.mha,/opt/data/private/lm/data/Prostate/PI-CAI/labels/csPCa_lesion_delineations/human_expert/resampled/11404_1001428.nii.gz,human_expert_resampled,NO,False,0,train
11405,1001429,11405_1001429,images/11405/11405_1001429_t2w.mha,images/11405/11405_1001429_adc.mha,images/11405/11405_1001429_hbv.mha,/opt/data/private/lm/data/Prostate/PI-CAI/labels/csPCa_lesion_delineations/human_expert/resampled/11405_1001429.nii.gz,human_expert_resampled,NO,False,0,train
11406,1001430,11406_1001430,images/11406/11406_1001430_t2w.mha,images/11406/11406_1001430_adc.mha,images/11406/11406_1001430_hbv.mha,/opt/data/private/lm/data/Prostate/PI-CAI/labels/csPCa_lesion_delineations/human_expert/resampled/11406_1001430.nii.gz,human_expert_resampled,NO,False,0,train
11407,1001431,11407_1001431,images/11407/11407_1001431_t2w.mha,images/11407/11407_1001431_adc.mha,images/11407/11407_1001431_hbv.mha,/opt/data/private/lm/data/Prostate/PI-CAI/labels/csPCa_lesion_delineations/human_expert/resampled/11407_1001431.nii.gz,human_expert_resampled,NO,False,0,val
11408,1001432,11408_1001432,images/11408/11408_1001432_t2w.mha,images/11408/11408_1001432_adc.mha,images/11408/11408_1001432_hbv.mha,/opt/data/private/lm/data/Prostate/PI-CAI/labels/csPCa_lesion_delineations/human_expert/resampled/11408_1001432.nii.gz,human_expert_resampled,NO,False,0,train
11409,1001433,11409_1001433,images/11409/11409_1001433_t2w.mha,images/11409/11409_1001433_adc.mha,images/11409/11409_1001433_hbv.mha,/opt/data/private/lm/data/Prostate/PI-CAI/labels/csPCa_lesion_delineations/human_expert/resampled/11409_1001433.nii.gz,human_expert_resampled,NO,False,0,train
11410,1001434,11410_1001434,images/11410/11410_1001434_t2w.mha,images/11410/11410_1001434_adc.mha,images/11410/11410_1001434_hbv.mha,/opt/data/private/lm/data/Prostate/PI-CAI/labels/csPCa_lesion_delineations/human_expert/resampled/11410_1001434.nii.gz,human_expert_resampled,NO,False,0,train
11411,1001435,11411_1001435,images/11411/11411_1001435_t2w.mha,images/11411/11411_1001435_adc.mha,images/11411/11411_1001435_hbv.mha,/opt/data/private/lm/data/Prostate/PI-CAI/labels/csPCa_lesion_delineations/human_expert/resampled/11411_1001435.nii.gz,human_expert_resampled,NO,False,0,train
11412,1001436,11412_1001436,images/11412/11412_1001436_t2w.mha,images/11412/11412_1001436_adc.mha,images/11412/11412_1001436_hbv.mha,/opt/data/private/lm/data/Prostate/PI-CAI/labels/csPCa_lesion_delineations/human_expert/resampled/11412_1001436.nii.gz,human_expert_resampled,NO,False,0,val
11413,1001437,11413_1001437,images/11413/11413_1001437_t2w.mha,images/11413/11413_1001437_adc.mha,images/11413/11413_1001437_hbv.mha,/opt/data/private/lm/data/Prostate/PI-CAI/labels/csPCa_lesion_delineations/human_expert/resampled/11413_1001437.nii.gz,human_expert_resampled,NO,False,0,train
11414,1001438,11414_1001438,images/11414/11414_1001438_t2w.mha,images/11414/11414_1001438_adc.mha,images/11414/11414_1001438_hbv.mha,/opt/data/private/lm/data/Prostate/PI-CAI/labels/csPCa_lesion_delineations/human_expert/resampled/11414_1001438.nii.gz,human_expert_resampled,NO,False,0,train
11415,1001439,11415_1001439,images/11415/11415_1001439_t2w.mha,images/11415/11415_1001439_adc.mha,images/11415/11415_1001439_hbv.mha,/opt/data/private/lm/data/Prostate/PI-CAI/labels/csPCa_lesion_delineations/human_expert/resampled/11415_1001439.nii.gz,human_expert_resampled,NO,False,0,val
11416,1001440,11416_1001440,images/11416/11416_1001440_t2w.mha,images/11416/11416_1001440_adc.mha,images/11416/11416_1001440_hbv.mha,/opt/data/private/lm/data/Prostate/PI-CAI/labels/csPCa_lesion_delineations/human_expert/resampled/11416_1001440.nii.gz,human_expert_resampled,NO,False,0,train
11417,1001441,11417_1001441,images/11417/11417_1001441_t2w.mha,images/11417/11417_1001441_adc.mha,images/11417/11417_1001441_hbv.mha,/opt/data/private/lm/data/Prostate/PI-CAI/labels/csPCa_lesion_delineations/human_expert/resampled/11417_1001441.nii.gz,human_expert_resampled,NO,False,0,train
11418,1001442,11418_1001442,images/11418/11418_1001442_t2w.mha,images/11418/11418_1001442_adc.mha,images/11418/11418_1001442_hbv.mha,/opt/data/private/lm/data/Prostate/PI-CAI/labels/csPCa_lesion_delineations/human_expert/resampled/11418_1001442.nii.gz,human_expert_resampled,NO,False,0,train
11419,1001443,11419_1001443,images/11419/11419_1001443_t2w.mha,images/11419/11419_1001443_adc.mha,images/11419/11419_1001443_hbv.mha,/opt/data/private/lm/data/Prostate/PI-CAI/labels/csPCa_lesion_delineations/human_expert/resampled/11419_1001443.nii.gz,human_expert_resampled,NO,False,0,train
11420,1001444,11420_1001444,images/11420/11420_1001444_t2w.mha,images/11420/11420_1001444_adc.mha,images/11420/11420_1001444_hbv.mha,/opt/data/private/lm/data/Prostate/PI-CAI/labels/csPCa_lesion_delineations/human_expert/resampled/11420_1001444.nii.gz,human_expert_resampled,NO,False,0,train
11421,1001445,11421_1001445,images/11421/11421_1001445_t2w.mha,images/11421/11421_1001445_adc.mha,images/11421/11421_1001445_hbv.mha,/opt/data/private/lm/data/Prostate/PI-CAI/labels/csPCa_lesion_delineations/human_expert/resampled/11421_1001445.nii.gz,human_expert_resampled,NO,False,0,train
11422,1001446,11422_1001446,images/11422/11422_1001446_t2w.mha,images/11422/11422_1001446_adc.mha,images/11422/11422_1001446_hbv.mha,/opt/data/private/lm/data/Prostate/PI-CAI/labels/csPCa_lesion_delineations/human_expert/resampled/11422_1001446.nii.gz,human_expert_resampled,NO,False,0,val
11423,1001447,11423_1001447,images/11423/11423_1001447_t2w.mha,images/11423/11423_1001447_adc.mha,images/11423/11423_1001447_hbv.mha,/opt/data/private/lm/data/Prostate/PI-CAI/labels/csPCa_lesion_delineations/human_expert/resampled/11423_1001447.nii.gz,human_expert_resampled,YES,True,1,val
11424,1001448,11424_1001448,images/11424/11424_1001448_t2w.mha,images/11424/11424_1001448_adc.mha,images/11424/11424_1001448_hbv.mha,/opt/data/private/lm/data/Prostate/PI-CAI/labels/csPCa_lesion_delineations/human_expert/resampled/11424_1001448.nii.gz,human_expert_resampled,NO,False,0,train
11425,1001449,11425_1001449,images/11425/11425_1001449_t2w.mha,images/11425/11425_1001449_adc.mha,images/11425/11425_1001449_hbv.mha,/opt/data/private/lm/data/Prostate/PI-CAI/labels/csPCa_lesion_delineations/human_expert/Pooch25/11425_1001449.nii.gz,human_expert_pooch25,YES,True,2,train
11426,1001450,11426_1001450,images/11426/11426_1001450_t2w.mha,images/11426/11426_1001450_adc.mha,images/11426/11426_1001450_hbv.mha,/opt/data/private/lm/data/Prostate/PI-CAI/labels/csPCa_lesion_delineations/human_expert/Pooch25/11426_1001450.nii.gz,human_expert_pooch25,YES,True,1,train
11427,1001451,11427_1001451,images/11427/11427_1001451_t2w.mha,images/11427/11427_1001451_adc.mha,images/11427/11427_1001451_hbv.mha,/opt/data/private/lm/data/Prostate/PI-CAI/labels/csPCa_lesion_delineations/human_expert/resampled/11427_1001451.nii.gz,human_expert_resampled,NO,False,0,train
11428,1001452,11428_1001452,images/11428/11428_1001452_t2w.mha,images/11428/11428_1001452_adc.mha,images/11428/11428_1001452_hbv.mha,/opt/data/private/lm/data/Prostate/PI-CAI/labels/csPCa_lesion_delineations/human_expert/resampled/11428_1001452.nii.gz,human_expert_resampled,YES,True,1,val
11429,1001453,11429_1001453,images/11429/11429_1001453_t2w.mha,images/11429/11429_1001453_adc.mha,images/11429/11429_1001453_hbv.mha,/opt/data/private/lm/data/Prostate/PI-CAI/labels/csPCa_lesion_delineations/human_expert/resampled/11429_1001453.nii.gz,human_expert_resampled,NO,False,0,train
11430,1001454,11430_1001454,images/11430/11430_1001454_t2w.mha,images/11430/11430_1001454_adc.mha,images/11430/11430_1001454_hbv.mha,/opt/data/private/lm/data/Prostate/PI-CAI/labels/csPCa_lesion_delineations/human_expert/resampled/11430_1001454.nii.gz,human_expert_resampled,NO,False,0,train
11431,1001455,11431_1001455,images/11431/11431_1001455_t2w.mha,images/11431/11431_1001455_adc.mha,images/11431/11431_1001455_hbv.mha,/opt/data/private/lm/data/Prostate/PI-CAI/labels/csPCa_lesion_delineations/human_expert/resampled/11431_1001455.nii.gz,human_expert_resampled,NO,False,0,train
11432,1001456,11432_1001456,images/11432/11432_1001456_t2w.mha,images/11432/11432_1001456_adc.mha,images/11432/11432_1001456_hbv.mha,/opt/data/private/lm/data/Prostate/PI-CAI/labels/csPCa_lesion_delineations/human_expert/resampled/11432_1001456.nii.gz,human_expert_resampled,NO,False,0,train
11433,1001457,11433_1001457,images/11433/11433_1001457_t2w.mha,images/11433/11433_1001457_adc.mha,images/11433/11433_1001457_hbv.mha,/opt/data/private/lm/data/Prostate/PI-CAI/labels/csPCa_lesion_delineations/human_expert/resampled/11433_1001457.nii.gz,human_expert_resampled,NO,False,0,train
11434,1001458,11434_1001458,images/11434/11434_1001458_t2w.mha,images/11434/11434_1001458_adc.mha,images/11434/11434_1001458_hbv.mha,/opt/data/private/lm/data/Prostate/PI-CAI/labels/csPCa_lesion_delineations/human_expert/resampled/11434_1001458.nii.gz,human_expert_resampled,NO,False,0,train
11435,1001459,11435_1001459,images/11435/11435_1001459_t2w.mha,images/11435/11435_1001459_adc.mha,images/11435/11435_1001459_hbv.mha,/opt/data/private/lm/data/Prostate/PI-CAI/labels/csPCa_lesion_delineations/human_expert/resampled/11435_1001459.nii.gz,human_expert_resampled,NO,False,0,train
11436,1001460,11436_1001460,images/11436/11436_1001460_t2w.mha,images/11436/11436_1001460_adc.mha,images/11436/11436_1001460_hbv.mha,/opt/data/private/lm/data/Prostate/PI-CAI/labels/csPCa_lesion_delineations/human_expert/resampled/11436_1001460.nii.gz,human_expert_resampled,NO,False,0,train
11437,1001461,11437_1001461,images/11437/11437_1001461_t2w.mha,images/11437/11437_1001461_adc.mha,images/11437/11437_1001461_hbv.mha,/opt/data/private/lm/data/Prostate/PI-CAI/labels/csPCa_lesion_delineations/human_expert/Pooch25/11437_1001461.nii.gz,human_expert_pooch25,YES,True,3,val
11438,1001462,11438_1001462,images/11438/11438_1001462_t2w.mha,images/11438/11438_1001462_adc.mha,images/11438/11438_1001462_hbv.mha,/opt/data/private/lm/data/Prostate/PI-CAI/labels/csPCa_lesion_delineations/human_expert/resampled/11438_1001462.nii.gz,human_expert_resampled,NO,False,0,val
11439,1001463,11439_1001463,images/11439/11439_1001463_t2w.mha,images/11439/11439_1001463_adc.mha,images/11439/11439_1001463_hbv.mha,/opt/data/private/lm/data/Prostate/PI-CAI/labels/csPCa_lesion_delineations/human_expert/resampled/11439_1001463.nii.gz,human_expert_resampled,NO,False,0,train
11440,1001464,11440_1001464,images/11440/11440_1001464_t2w.mha,images/11440/11440_1001464_adc.mha,images/11440/11440_1001464_hbv.mha,/opt/data/private/lm/data/Prostate/PI-CAI/labels/csPCa_lesion_delineations/human_expert/resampled/11440_1001464.nii.gz,human_expert_resampled,NO,False,0,train
11441,1001465,11441_1001465,images/11441/11441_1001465_t2w.mha,images/11441/11441_1001465_adc.mha,images/11441/11441_1001465_hbv.mha,/opt/data/private/lm/data/Prostate/PI-CAI/labels/csPCa_lesion_delineations/human_expert/resampled/11441_1001465.nii.gz,human_expert_resampled,YES,True,1,train
11442,1001466,11442_1001466,images/11442/11442_1001466_t2w.mha,images/11442/11442_1001466_adc.mha,images/11442/11442_1001466_hbv.mha,/opt/data/private/lm/data/Prostate/PI-CAI/labels/csPCa_lesion_delineations/human_expert/resampled/11442_1001466.nii.gz,human_expert_resampled,YES,True,1,train
11443,1001467,11443_1001467,images/11443/11443_1001467_t2w.mha,images/11443/11443_1001467_adc.mha,images/11443/11443_1001467_hbv.mha,/opt/data/private/lm/data/Prostate/PI-CAI/labels/csPCa_lesion_delineations/human_expert/resampled/11443_1001467.nii.gz,human_expert_resampled,NO,False,0,train
11444,1001468,11444_1001468,images/11444/11444_1001468_t2w.mha,images/11444/11444_1001468_adc.mha,images/11444/11444_1001468_hbv.mha,/opt/data/private/lm/data/Prostate/PI-CAI/labels/csPCa_lesion_delineations/human_expert/resampled/11444_1001468.nii.gz,human_expert_resampled,YES,True,1,train
11445,1001469,11445_1001469,images/11445/11445_1001469_t2w.mha,images/11445/11445_1001469_adc.mha,images/11445/11445_1001469_hbv.mha,/opt/data/private/lm/data/Prostate/PI-CAI/labels/csPCa_lesion_delineations/human_expert/resampled/11445_1001469.nii.gz,human_expert_resampled,NO,False,0,train
11446,1001470,11446_1001470,images/11446/11446_1001470_t2w.mha,images/11446/11446_1001470_adc.mha,images/11446/11446_1001470_hbv.mha,/opt/data/private/lm/data/Prostate/PI-CAI/labels/csPCa_lesion_delineations/human_expert/resampled/11446_1001470.nii.gz,human_expert_resampled,YES,True,1,train
11447,1001471,11447_1001471,images/11447/11447_1001471_t2w.mha,images/11447/11447_1001471_adc.mha,images/11447/11447_1001471_hbv.mha,/opt/data/private/lm/data/Prostate/PI-CAI/labels/csPCa_lesion_delineations/human_expert/resampled/11447_1001471.nii.gz,human_expert_resampled,YES,True,1,val
11448,1001472,11448_1001472,images/11448/11448_1001472_t2w.mha,images/11448/11448_1001472_adc.mha,images/11448/11448_1001472_hbv.mha,/opt/data/private/lm/data/Prostate/PI-CAI/labels/csPCa_lesion_delineations/human_expert/resampled/11448_1001472.nii.gz,human_expert_resampled,YES,True,1,train
11449,1001473,11449_1001473,images/11449/11449_1001473_t2w.mha,images/11449/11449_1001473_adc.mha,images/11449/11449_1001473_hbv.mha,/opt/data/private/lm/data/Prostate/PI-CAI/labels/csPCa_lesion_delineations/human_expert/resampled/11449_1001473.nii.gz,human_expert_resampled,NO,False,0,train
11450,1001474,11450_1001474,images/11450/11450_1001474_t2w.mha,images/11450/11450_1001474_adc.mha,images/11450/11450_1001474_hbv.mha,/opt/data/private/lm/data/Prostate/PI-CAI/labels/csPCa_lesion_delineations/human_expert/resampled/11450_1001474.nii.gz,human_expert_resampled,YES,True,1,val
11451,1001475,11451_1001475,images/11451/11451_1001475_t2w.mha,images/11451/11451_1001475_adc.mha,images/11451/11451_1001475_hbv.mha,/opt/data/private/lm/data/Prostate/PI-CAI/labels/csPCa_lesion_delineations/human_expert/Pooch25/11451_1001475.nii.gz,human_expert_pooch25,YES,True,1,train
11452,1001476,11452_1001476,images/11452/11452_1001476_t2w.mha,images/11452/11452_1001476_adc.mha,images/11452/11452_1001476_hbv.mha,/opt/data/private/lm/data/Prostate/PI-CAI/labels/csPCa_lesion_delineations/human_expert/resampled/11452_1001476.nii.gz,human_expert_resampled,NO,False,0,train
11453,1001477,11453_1001477,images/11453/11453_1001477_t2w.mha,images/11453/11453_1001477_adc.mha,images/11453/11453_1001477_hbv.mha,/opt/data/private/lm/data/Prostate/PI-CAI/labels/csPCa_lesion_delineations/human_expert/resampled/11453_1001477.nii.gz,human_expert_resampled,NO,False,0,train
11454,1001478,11454_1001478,images/11454/11454_1001478_t2w.mha,images/11454/11454_1001478_adc.mha,images/11454/11454_1001478_hbv.mha,/opt/data/private/lm/data/Prostate/PI-CAI/labels/csPCa_lesion_delineations/human_expert/resampled/11454_1001478.nii.gz,human_expert_resampled,NO,False,0,train
11455,1001479,11455_1001479,images/11455/11455_1001479_t2w.mha,images/11455/11455_1001479_adc.mha,images/11455/11455_1001479_hbv.mha,/opt/data/private/lm/data/Prostate/PI-CAI/labels/csPCa_lesion_delineations/human_expert/resampled/11455_1001479.nii.gz,human_expert_resampled,NO,False,0,val
11456,1001480,11456_1001480,images/11456/11456_1001480_t2w.mha,images/11456/11456_1001480_adc.mha,images/11456/11456_1001480_hbv.mha,/opt/data/private/lm/data/Prostate/PI-CAI/labels/csPCa_lesion_delineations/human_expert/resampled/11456_1001480.nii.gz,human_expert_resampled,YES,True,1,train
11457,1001481,11457_1001481,images/11457/11457_1001481_t2w.mha,images/11457/11457_1001481_adc.mha,images/11457/11457_1001481_hbv.mha,/opt/data/private/lm/data/Prostate/PI-CAI/labels/csPCa_lesion_delineations/human_expert/resampled/11457_1001481.nii.gz,human_expert_resampled,NO,False,0,train
11458,1001482,11458_1001482,images/11458/11458_1001482_t2w.mha,images/11458/11458_1001482_adc.mha,images/11458/11458_1001482_hbv.mha,/opt/data/private/lm/data/Prostate/PI-CAI/labels/csPCa_lesion_delineations/human_expert/resampled/11458_1001482.nii.gz,human_expert_resampled,NO,False,0,train
11459,1001483,11459_1001483,images/11459/11459_1001483_t2w.mha,images/11459/11459_1001483_adc.mha,images/11459/11459_1001483_hbv.mha,/opt/data/private/lm/data/Prostate/PI-CAI/labels/csPCa_lesion_delineations/human_expert/resampled/11459_1001483.nii.gz,human_expert_resampled,NO,False,0,train
11460,1001484,11460_1001484,images/11460/11460_1001484_t2w.mha,images/11460/11460_1001484_adc.mha,images/11460/11460_1001484_hbv.mha,/opt/data/private/lm/data/Prostate/PI-CAI/labels/csPCa_lesion_delineations/human_expert/resampled/11460_1001484.nii.gz,human_expert_resampled,NO,False,0,train
11461,1001485,11461_1001485,images/11461/11461_1001485_t2w.mha,images/11461/11461_1001485_adc.mha,images/11461/11461_1001485_hbv.mha,/opt/data/private/lm/data/Prostate/PI-CAI/labels/csPCa_lesion_delineations/human_expert/resampled/11461_1001485.nii.gz,human_expert_resampled,NO,False,0,train
11462,1001486,11462_1001486,images/11462/11462_1001486_t2w.mha,images/11462/11462_1001486_adc.mha,images/11462/11462_1001486_hbv.mha,/opt/data/private/lm/data/Prostate/PI-CAI/labels/csPCa_lesion_delineations/human_expert/resampled/11462_1001486.nii.gz,human_expert_resampled,YES,True,1,val
11463,1001487,11463_1001487,images/11463/11463_1001487_t2w.mha,images/11463/11463_1001487_adc.mha,images/11463/11463_1001487_hbv.mha,/opt/data/private/lm/data/Prostate/PI-CAI/labels/csPCa_lesion_delineations/human_expert/resampled/11463_1001487.nii.gz,human_expert_resampled,NO,False,0,val
11464,1001488,11464_1001488,images/11464/11464_1001488_t2w.mha,images/11464/11464_1001488_adc.mha,images/11464/11464_1001488_hbv.mha,/opt/data/private/lm/data/Prostate/PI-CAI/labels/csPCa_lesion_delineations/human_expert/resampled/11464_1001488.nii.gz,human_expert_resampled,NO,False,0,train
11465,1001489,11465_1001489,images/11465/11465_1001489_t2w.mha,images/11465/11465_1001489_adc.mha,images/11465/11465_1001489_hbv.mha,/opt/data/private/lm/data/Prostate/PI-CAI/labels/csPCa_lesion_delineations/human_expert/resampled/11465_1001489.nii.gz,human_expert_resampled,YES,True,1,train
11466,1001490,11466_1001490,images/11466/11466_1001490_t2w.mha,images/11466/11466_1001490_adc.mha,images/11466/11466_1001490_hbv.mha,/opt/data/private/lm/data/Prostate/PI-CAI/labels/csPCa_lesion_delineations/human_expert/resampled/11466_1001490.nii.gz,human_expert_resampled,NO,False,0,train
11467,1001491,11467_1001491,images/11467/11467_1001491_t2w.mha,images/11467/11467_1001491_adc.mha,images/11467/11467_1001491_hbv.mha,/opt/data/private/lm/data/Prostate/PI-CAI/labels/csPCa_lesion_delineations/human_expert/resampled/11467_1001491.nii.gz,human_expert_resampled,NO,False,0,train
11468,1001492,11468_1001492,images/11468/11468_1001492_t2w.mha,images/11468/11468_1001492_adc.mha,images/11468/11468_1001492_hbv.mha,/opt/data/private/lm/data/Prostate/PI-CAI/labels/csPCa_lesion_delineations/human_expert/Pooch25/11468_1001492.nii.gz,human_expert_pooch25,YES,True,1,train
11469,1001493,11469_1001493,images/11469/11469_1001493_t2w.mha,images/11469/11469_1001493_adc.mha,images/11469/11469_1001493_hbv.mha,/opt/data/private/lm/data/Prostate/PI-CAI/labels/csPCa_lesion_delineations/human_expert/resampled/11469_1001493.nii.gz,human_expert_resampled,NO,False,0,val
11470,1001494,11470_1001494,images/11470/11470_1001494_t2w.mha,images/11470/11470_1001494_adc.mha,images/11470/11470_1001494_hbv.mha,/opt/data/private/lm/data/Prostate/PI-CAI/labels/csPCa_lesion_delineations/human_expert/resampled/11470_1001494.nii.gz,human_expert_resampled,NO,False,0,train
11471,1001495,11471_1001495,images/11471/11471_1001495_t2w.mha,images/11471/11471_1001495_adc.mha,images/11471/11471_1001495_hbv.mha,/opt/data/private/lm/data/Prostate/PI-CAI/labels/csPCa_lesion_delineations/human_expert/resampled/11471_1001495.nii.gz,human_expert_resampled,YES,True,1,train
11472,1001496,11472_1001496,images/11472/11472_1001496_t2w.mha,images/11472/11472_1001496_adc.mha,images/11472/11472_1001496_hbv.mha,/opt/data/private/lm/data/Prostate/PI-CAI/labels/csPCa_lesion_delineations/human_expert/Pooch25/11472_1001496.nii.gz,human_expert_pooch25,YES,True,1,train
11473,1001497,11473_1001497,images/11473/11473_1001497_t2w.mha,images/11473/11473_1001497_adc.mha,images/11473/11473_1001497_hbv.mha,/opt/data/private/lm/data/Prostate/PI-CAI/labels/csPCa_lesion_delineations/human_expert/resampled/11473_1001497.nii.gz,human_expert_resampled,NO,False,0,train
11474,1001498,11474_1001498,images/11474/11474_1001498_t2w.mha,images/11474/11474_1001498_adc.mha,images/11474/11474_1001498_hbv.mha,/opt/data/private/lm/data/Prostate/PI-CAI/labels/csPCa_lesion_delineations/human_expert/resampled/11474_1001498.nii.gz,human_expert_resampled,NO,False,0,train
11475,1001499,11475_1001499,images/11475/11475_1001499_t2w.mha,images/11475/11475_1001499_adc.mha,images/11475/11475_1001499_hbv.mha,/opt/data/private/lm/data/Prostate/PI-CAI/labels/csPCa_lesion_delineations/human_expert/resampled/11475_1001499.nii.gz,human_expert_resampled,YES,True,1,train
